,X111CU,X111YS,X1122O,X117YW,X117YX,X1192X,X11DXX,X11DXY,X11DXZ,X11DYG,X11EM3,X11EQ9,X11GS4,X11GSP,X11I78,X11LCK,X11NUK,X11NV4,X11OF3,X11P7K,X11P81,X11P82,X11PRG,X11TT1,X11VI4,X11WQK,X11XUK,X11ZTS,X11ZUS,X1211K,X1212Z,X12696,X12BJ1,X12C56,X12WSC,X12WSF,X12WSG,X12WSK,X12WSL,X12WSM,X12ZZX,X13111,X13112,X13113,X1313W,X131XE,X131XF,X131XG,X131XH,X131YS,X132AR,X132NY,X132Q8,X132QS,X1339X,X133LE,X1399S,X1399T,X1399U,X139T6,X139YR,X13CF3,X13D11,X13FH7,X13FHO,X13FTW,X13FXS,X13G51,X13JUV,X13N11,X13N1W,X13N2G,X13NYS,X13O21,X13O3Q,X13O61,X13OVG,X13OVH,X13OVJ,X13OVL,X13OW6,X13OW7,X13OW8,X13PL7,X13PVQ,X13PVR,X13QBU,X13S7M,X13U4I,X13VXT,X13VXU,X13W3W,X13X6H,X13X6I,X13X6J,X13X6K,X144GM,X145LT,X145LU,X145ME,X146FH,X146FR,X14753,X14ABY,X14AS3,X14BIL,X14BIM,X14BIN,X14BMU,X14BMV,X14C39,X14C5O,X14DAQ,X14DAR,X14E1K,X14E6C,X14E6E,X14E7W,X14JG6,X14JIY,X14PJ3,X14PJ4,X14PJM,X14PJO,X14PK6,X14PN3,X14PN4,X15CHC,X15CHQ,X15DYW,X15ER7,X15G19,X15RIE,X15SHU,X16AAH,X16GPK,X16NGA,X16XZZ,X17EVP,X17EVQ,X17F96,X17F97,X17F98,X17F9E,X17GQL,X17HGU,X17HHE,X17HHY,X17HII,X17JCI,X17KNJ,X17MF6,X183FY,X18465,X18A66,X18A67,X18A6Q,X18A7A,X18D9A,X18D9B,X18D9U,X18QFQ,X1A32A,X1A3MV,X1A3MX,X1A8FM,X1A8G6,X1A8G7,X1AMEY,X1AMFI,X1AX8Z,X1AX9I,X1AX9J,X1AX9K,X1AYCT,X1B8KE,X1B8KZ,X1B8L1,X1B8SF,X1B8SG,X1B932,X1B933,X1B97I,X1B97J,X1B996,X1BAJH,X1C2JI,X1C475,X1C64N,X1C6VQ,X1C6VR,X1CAMQ,X1CAMR,X1CAMS,X1CB4E,X1CB4F,X1CB4G,X1CB4I,X1E1VI,X1EH9U,X1EKGG,X1EMGI,X1EN7A,X1EU9M,X1EWIQ,X1F48J,X1F52S,X1F5PL,X1F6I4,X1F6IF,X1F75B,X1F75I,X1GF9U,X1GF9V,X1GF9W,X1GF9X,X1GL5R,X1GMR2,X1GMR3,X1GMRU,X1GN1U,X1GN1W,X1GN73,X1GPI7,X1GTWX,X1GZ2Q,X1GZ4H,X1GZ4I,X1H11D,X1H1CY,X1H1DG,X1H1E6,X1H1ZS,X1H23P,X1H2FU,X1H3VE,X1H4P4,X1HB9E,cell_type_mean,cell_type,method
Fibroblasts,540992.3,482292.44,529812.96,377480.94,591631.87,424347.7,424688.74,530269.91,444167.05,667029.27,543931.89,565988.16,438833.25,723758.34,586746.48,513368.78,447933.8,360493.34,424247.79,510086.32,616198.45,475929.7,437944.15,641451.09,345192.02,439154.67,385982.07,602913.28,315859.36,727565.15,787877.32,582137.77,440158.29,596414.88,582730.7,950535.13,573644.72,513733.48,568433.57,476968.36,263000.76,441905.81,442797.03,445864.23,535140.08,498371.38,536003.03,684549.39,579172.21,544123.69,677381.5,568455.49,555979.05,542297.64,542183.05,740219.86,882006.23,617999.59,640586.33,371955.62,695082.83,493243.62,551978.01,714321.36,788968,515664.54,770362.04,491774.6,231692.52,435287.17,598570.05,631975.86,455483.91,425116.37,447043.77,404184.48,434975.44,593286.67,709369.78,442433.34,640112.77,362716.24,483203.24,566933.57,596216.33,567878.04,479800.03,419252.87,847887.53,602689.81,601911.92,464239.25,858161.32,751157.87,507291.9,559183.64,614804.34,588438.21,499942.41,547839.32,870935.93,496057.89,625510.45,362966.54,312470.64,442579.21,370344.82,378562.9,622003.56,741737.17,625351.96,735767.57,486156.38,722632.52,512140.43,472953.96,829876.12,499895.4,683149,409880.9,760514.08,476908.23,545605.52,770111.69,637041.09,701160.62,709724.29,569324.34,547452.02,678612.63,760826.66,349832.67,655675.74,490881.04,394687.03,995548.1,530691.34,730455.83,511190.28,653076.22,574662.44,566976.75,437425.38,601182.83,561361.45,344657.42,436606.77,646371.18,694515.39,743853.18,462040.2,342399.8,423027.44,524096.14,737718.54,541022.69,704227.72,898696.23,743568.07,726887.37,484573.25,368339.29,1219727.6,457810.47,622901.44,703954.04,598101.17,244486.46,417447.93,524340.23,537152.3,315217.52,231803.04,478296.54,456258.25,355531.09,418935.12,775675.04,530554.38,446208.55,345850.07,302495.15,467548.19,403640.5,642366.26,412092.38,526191.62,635645.67,323935.08,821049.22,548335.72,368738.61,272535.41,685407.66,601064.66,355398.33,443865.15,403001.57,482858.73,478785.68,676601.38,1109296.78,318179.88,460353.09,526711.2,271169.2,608430.49,348158.85,774708.5,461685.8,604816.47,447623.06,334102.93,499968.62,461255.19,643043.41,490220.19,1232376.7,730388.45,877157.67,602553.33,508820.33,949986.2,1208856.98,459670.98,454907.53,586370.89,618248.14,477208.16,674510.54,799574.29,869072.23,887642.69,865640.39,587937.46,372752.14,469569.49,478537.69,561038.692773109,Fibroblasts,nnls
Endothelial_cells,13764.52,119002.55,0,129641.17,0,287841.7,0,75061.12,0,157779.76,0,110921.06,167238.3,157917.13,0,86827.81,21628.42,170133.04,102564.8,31863.93,60160.52,0,155781.52,0,0,169769.07,0,72305.1,67791.51,11851.09,0,0,26117.58,0,116945.55,108229.78,82267.54,15934.57,186839.84,125501.39,311217.32,34085.08,123264.27,73185.06,378327.07,107951.72,84079.6,91946.67,114260.39,44152.61,33855.02,33818.17,150234.19,92633.54,0,0,0,183195.01,0,13022.91,126518.6,0,111290.25,112696.27,59815.8,0,165249.81,54385.24,448731.62,103248.65,105281.41,220651.74,536853.74,107048.69,157870.73,223222.71,67468.16,62116.76,231842.11,156285.14,36295.49,5638.46,200248.44,0,62363.3,33584.19,43867.51,83560.07,95223.72,26978,467588.89,0,0,134758.43,147729.5,82985.43,17271.21,28598.24,192333.06,37257.16,93468.88,14982.34,123322.1,171337.18,0,72862.89,243944.54,132542.12,28122.91,68604.3,23639.52,103800.41,36342.38,83847.88,4611.05,151581.96,118292.07,32846.36,73094.27,132987.91,0,59189.86,118409.39,22902.03,66746.98,0,314970.89,93308.22,186196.2,81423.43,0,317524.7,103020.77,0,77972.78,238953.39,13019.2,104010.08,170581.91,89883.24,82307.76,94785.34,108985.15,135738.15,118623.54,112227.01,55450.43,143612.34,173315.5,127033.17,0,176993.23,124895.08,75142.82,139074,100437.72,121016.04,100177.66,11245.72,86890.53,31465.07,65065.7,145270.3,168182.65,133131.33,87836.38,120876.02,287095.96,93481.5,221769.37,0,153145.79,242914.56,84853.37,115094.65,353355.64,84012.02,101868.94,221157.47,114154.41,83913.68,181059.61,119831.52,86674.36,158380.58,14377,92122.26,69625.28,249339.63,148413.85,104161.24,126687,81086.72,55744.34,40075.21,15556.91,191938.51,64057.62,117568.1,115342.28,49264.32,273269.63,186631,60876.84,211875.14,201306.93,254088.13,139537.65,114859.2,44923.69,249610.75,98086.48,20396.79,178070.49,459575.37,175916.4,114022.98,15594.98,156811.02,185509.07,81984.98,0,89827.3,0,121030.76,168462.16,91464.28,0,0,103540.27,79444.17,0,143038.6,83035.4,137589.32,242273.6,185106.71,70556.07,105177.857857143,Endothelial_cells,nnls
T_Cells,0,0,0,0,0,0,0,0,0,0,0,0,0,0,0,0,0,0,0,0,0,0,0,0,0,0,0,0,0,0,0,0,0,0,0,0,0,0,0,0,0,0,0,0,0,0,0,0,0,0,0,0,0,0,0,0,0,0,0,0,0,0,0,0,0,0,0,0,0,0,0,0,0,0,0,0,0,0,0,0,0,0,0,0,0,0,0,0,0,0,0,0,0,0,0,0,0,0,0,0,0,0,0,0,0,0,0,0,0,0,0,0,0,0,0,0,0,0,0,0,0,0,0,0,0,0,0,0,0,0,0,0,0,0,0,0,0,0,0,0,0,0,0,0,0,0,0,0,0,0,0,0,0,0,0,0,0,0,0,0,0,0,0,0,0,0,0,0,0,0,0,0,0,0,0,0,0,0,0,0,0,0,0,0,0,0,0,0,0,0,0,0,0,0,0,0,0,0,0,0,0,0,0,0,0,0,0,0,0,0,0,0,0,0,0,0,0,0,0,0,0,0,0,0,0,0,0,0,0,0,0,0,0,0,0,0,0,0,0,T_Cells,nnls
Macrophages,65463.71,101228.64,128204.3,88877.92,303324.58,1556.42,59089.68,36831.91,5433.23,0,98326.29,118059.58,36585.41,0,104736.47,98108.88,0,0,6183.88,72115.3,166735.44,69252.32,43764.68,182656.28,0,74698.12,82806.77,30329.64,0,77692.83,119.36,57657.51,45835.93,84715.74,80520.1,70412.01,139479.96,139583.16,60484.95,40986.26,0,91016.24,0,120780.52,0,122013.54,157573.7,179637.08,46249.36,9308.23,335820.37,58909.74,0,102072.78,87276.46,197654.19,244228.82,8245.97,56843.08,48240.85,168742.93,69712.22,79817.6,39072.11,247174.26,106556.12,0,18481.81,0,232544.6,69082.19,12216.99,0,95072.79,0,69394.12,47312.88,60626.61,73965.32,41246.15,0,0,0,310216.49,36060.17,73541.94,89451.49,15122.78,164031.35,75192.1,0,63698.41,183842.54,261282.89,65080.48,0,80408.64,120341.97,0,60353.07,264336.39,68198.98,0,22207.84,0,19978.39,0,4601.95,143573.06,24219.96,503900.7,10473.94,0,144295.57,71617.78,76441.82,148914.44,8208.84,125344.46,25232.4,60764.4,237596.21,90445.59,26160.75,143462.67,12260.1,133973.04,85827.27,0,79908.32,27258.93,24460.53,71509.65,0,56366.59,0,20833.93,47060.83,33208.93,178434.56,68864.52,15755.69,89917.15,103937.66,134694.03,57162.78,86712.27,58782.06,0,65369.64,121979.94,9743.26,105065.3,2639.46,266974.1,125812.73,122531.56,34739.45,55546.03,110666.39,166040.03,59177.16,75429.89,78119.21,41580.38,17975.5,0,5238.5,44795.59,26935.01,177108.06,0,27978.82,47614.3,109809.78,14562.21,105503.24,56479.26,0,43863.87,104188.87,5676.26,65230.85,159465,33456.61,2590.36,28892.9,108096.32,0,73874.81,66351.37,16057.77,174585.47,105556.87,92401.7,65066.51,31854.86,129937.68,54342.7,22150.07,75002.92,0,45841.87,131223.06,29709.03,36928.45,0,42089.57,0,0,6656.52,92227.52,41280.04,50045.58,26147.56,141152.02,89622.27,3360.43,39015.5,82956.14,53399.19,20922.26,74675.86,275821.13,146938.79,33511.03,46087.73,0,50486.92,0,51346.22,171184.86,184017.9,96699.61,26014.1,0,68762.45,163690.09,71975.413697479,Macrophages,nnls
Natural_Killar_cells,0,0,0,0,0,0,0,0,0,0,0,0,0,0,0,0,0,0,0,0,0,0,0,0,0,0,0,0,0,0,0,0,0,0,0,0,0,0,0,0,0,0,0,0,0,0,0,0,0,0,0,0,0,0,0,0,0,0,0,0,0,0,0,0,0,0,0,0,0,0,0,0,0,0,0,0,0,0,0,0,0,0,0,0,0,0,0,0,0,0,0,0,0,0,0,0,0,0,0,0,0,0,0,0,0,0,0,0,0,0,0,0,0,0,0,0,0,0,0,0,0,0,0,0,0,0,0,0,0,0,0,0,0,0,0,0,0,0,0,0,0,0,0,0,0,0,0,0,0,0,0,0,0,0,0,0,0,0,0,0,0,0,0,0,0,0,0,0,0,0,0,0,0,0,0,0,0,0,0,0,0,0,0,0,0,0,0,0,0,0,0,0,0,0,0,0,0,0,0,0,0,0,0,0,0,0,0,0,0,0,0,0,0,0,0,0,0,0,0,0,0,0,0,0,0,0,0,0,0,0,0,0,0,0,0,0,0,0,0,Natural_Killar_cells,nnls
Myofibroblasts,238695.64,199105.33,284917.75,97699.3,39530.53,138308.23,182721.73,64785.43,215916.67,34965.08,155352.5,234260.78,171423.81,198019.86,150977.64,185688.93,148527.48,74280.79,111880.63,213999.63,205996.15,207359.94,99650.75,194040.22,264162.14,105322.25,130179.01,76767.13,182208.33,257088.86,131767.54,185642.96,198309.54,240077.8,75387.7,147413.38,72518.06,166657.7,247915.93,106027.71,103676.59,209951.11,151646.45,291238.01,148027.36,120376.09,98048.09,211001.77,139738.84,169787.72,30146.87,83778.17,89530.33,241616.92,66680.67,225770.1,151304.83,141858.45,161267.47,226791.58,228472.98,184296.47,138914.14,221395.11,27040.12,162681.24,15506.25,94578.33,222380.04,86896.23,149056.48,111188.54,122390.13,116153.28,122443.98,197883.67,184176.07,21959.75,189338,127764.46,175505.85,356565.18,148704.17,80160.84,101168.14,105742.16,157704.39,56708.3,66522.82,237846.63,309585.61,196516.11,24559.41,25727.79,121313.03,194570.81,58571.97,323119.2,171132.05,70549.43,148088.18,207194.76,59637.63,186375,170036.25,169361.46,118014.81,105550.96,210171.76,217042.32,39319.64,0,116941.5,84962.73,125227.78,80994.32,265202.44,128742.73,253264.58,152367.17,148310.79,104410.1,54174.21,125959.36,139346.14,153923.01,128080.32,183043.78,76448.89,166078.29,166822.88,55979.44,75364.2,231301.41,137132.45,108328.18,238213.63,62169.13,115982.8,30397.81,54382.99,0,152673.05,158518.38,211786.41,130372.12,187350.91,168289.81,27205.26,33891.32,297395.93,87135.78,170773.32,87034.46,246970.26,194499.31,105985.79,262292.16,253201.68,325524.01,173686.33,117983.74,22878.69,161514.82,32593.71,120093.87,132211.16,232765.64,274469.59,241812.27,206386.62,199810.03,119159.57,144464.8,145417.8,228455.24,143564.82,114772.51,77488.94,101188.07,97701.1,122865.65,265997.23,236676.06,178921.56,133564.91,317543.04,210151.24,121226.71,24837.07,156535.1,108585.12,117808.03,163622.07,104536.69,139878.4,149013.4,142827,209091.73,79814.97,197418.04,58700.17,111750.27,126853.83,101444.32,61794.22,105887.7,203507.91,164760.01,154595.85,129495.69,170261.76,152591.2,190345.66,144587.18,129164.03,105042.74,323664.66,149905.06,6350.6,89576.1,148164.55,72451.3,506590.39,100100.07,138762.31,206091.5,177369.06,349098.32,169229.71,13332.23,225244.25,68680.85,158438.49,59105.02,52636.6,179467.1,0,148210.912857143,Myofibroblasts,nnls
Leucocytes,1848087.73,1178046.54,1859641.07,834459.64,1025563.44,616211.64,1482765.78,945345.03,2652829.29,674445.5,1925316.08,1475253.25,1345273.32,2205405.17,1633575.14,1143851.36,1555803.04,622988.53,1084657.95,1906692.99,1787107.49,1552084.13,802132.07,2928122.3,3194686.52,904882.31,1141615.34,666503.82,825201.6,1410573.55,1374924.37,1951627.97,1481987.27,2064349.94,849907.09,1455231.79,754391.38,1661330.87,893265.19,651855.79,673231.08,1380083.19,1207658.36,1524345.54,822645.85,954754.71,1018819.68,1081673.67,1430658.5,1567484.73,1086376.72,1084521.81,913257.9,1461596.8,1416403.33,1224833.98,2186386.8,1165338.06,2212136.91,2320989.34,1900469.62,2010684.82,852090.43,1907338.93,935726.92,1089676.8,344724.31,1022722.59,1350992.3,870582.51,1099977.66,1185614.92,1372350.04,684682.53,564496.53,1366549.84,1257418.74,500152.34,1162194.47,814050.25,1433929.07,659450.18,1495918.04,1070390.2,1340116.03,1090918.44,1019906.47,586868.36,1364347.13,1204741.01,1298815.05,1668696.43,1437165.86,629392.23,1047030.32,2663959.93,1022187.36,2978803.62,817590.06,1072340.09,770373.33,2077609.64,825370.76,1608898.04,2404741.56,1432768.9,1019145.07,619105.73,1294248.48,1986115.04,621083.08,723915.21,1028106.79,938184.45,1494708.83,807167.22,1356029.13,1110756.11,1546193.8,1137573.3,1597413.44,733332.88,722818.92,1406799.29,1024243.62,2742225.75,806399.63,1277432.34,575675.92,1699427.11,1891354.83,908473.05,1063394.4,3529993.91,1048694.23,1314078.12,1148038.1,1245405.56,791423.9,590989.83,581452.41,517908.17,579827.19,997805.74,1019672.16,769956.86,1098349.94,1154370.13,655544.44,677783.04,4093280.57,909947.75,1341498.14,649711.13,1703231.55,1273634.85,1073096.81,1585352.34,2929679.07,2174269.8,1244025.02,1192214.56,1085191.01,568788.65,631786.45,2003363.54,1658417.16,869322.69,1816708.05,1069322.86,2334674.22,253950.97,424179,1172649.36,1310259.46,507437.27,1340918.55,1562990.9,763379.22,887575.42,671886.35,815869.45,1092156.21,1379961.41,1133145.72,1745532.75,2108818.83,1713913.34,775033.63,663487.09,1145418.8,1068726.19,336596.34,1145191.58,946307.01,1432240.81,1067619.4,953034.98,1718459.47,967222.11,2069435.11,626347.14,574496.31,1237257,712259.83,643884.85,850934.53,1404970.49,2083959.79,1170383.19,1261168.79,1785150.62,1602735.3,993601.37,956723.96,1433137.9,800941.24,3153843.13,1099524.02,430602.13,784678.22,2534342.35,1280890.6,3438340.33,795988.55,733934.43,2380084.77,2871958.27,4887650.4,1335502.45,825560.6,2360983.09,1260192.15,1334755.03,1332236.15,708753.27,1408567.25,599277.37,1299769.58768908,Leucocytes,nnls
Plasma_cells,50319.62,0,54907.5,42719.83,36038.98,18828.77,41905.13,73775.53,22883.94,0,77322.35,108736.74,31175.49,113785.44,46221.61,0,90110.98,0,9546.92,11882.39,87671.03,78514.38,11656.5,212694.16,60679.58,64957.6,57483.49,0,19396.69,15187.53,171993.59,131666.23,50574.99,87985.74,39359.79,27594.22,0,29438.53,0,0,13763.46,34551.48,67005.21,77357.72,51318.43,57035.13,0,0,19743.84,99942.51,154807.01,46271.19,178939.98,83890.51,153046.93,39177.87,269549.35,31565.03,68173.69,74909.35,70926.16,79123.04,8542.21,52203.39,25099.98,0,0,32484.27,15964.35,0,64820.48,0,107118.45,0,37965.81,32466.35,31911.62,536.35,0,31651.33,51134.29,0,43915.35,1490.94,65769.98,0,36495.15,78806.68,120657.79,67338.03,39551.6,37637.24,304321.01,0,49866.53,77190.54,15457.47,63031.48,0,44400.48,32418.78,65449.71,10086.52,79376.17,47607.05,62987.74,85089.44,45284.02,13126.88,66371.03,0,0,65455.54,0,87980.71,52743.59,0,82427.85,0,79856.55,39783.03,0,9731.33,199059.22,15928.62,242582.77,71639.16,0,75323.59,48800.04,102060.41,141985.87,37619.4,217109.33,9135.4,70271.29,0,85510.57,486.87,182769.94,10217.58,46369.64,0,24186.6,7351.18,33830.14,269.38,66974,1318.34,18937.48,111267.31,21790.77,14776.37,0,18465.06,29580.04,164638.76,49938.79,83405.2,91037.03,0,0,6752.23,0,0,62219.61,62660.98,14132.49,40622.47,0,105904.67,0,0,0,73140.3,0,26931.55,58346.86,0,53291.06,0,26331.97,15759.31,0,0,56106.35,65087.11,0,14591.59,0,31226.17,0,0,0,57052.08,41400.18,33527.13,3508.37,73636.13,85521.53,726.57,0,0,99627.68,38872.72,5026,11537.4,0,64747.97,28547.81,241683.34,27486.73,73067.74,43987.63,0,28513.15,6303.35,64725.79,42547.16,0,64054.04,50643.51,13703.87,87517.12,0,0,53700.33,96122.32,221990.23,61065.96,133435.56,70317.34,82961.64,60618.9,45197.58,20623.78,114257.59,85775.81,48123.9124369748,Plasma_cells,nnls
Mesenchymal.Stem.Cells,0,0,0,0,38738.24,0,0,0,0,0,0,0,0,0,0,0,0,0,0,0,0,0,0,0,0,0,0,0,0,0,0,0,0,0,0,0,0,0,0,0,0,0,0,0,0,0,0,0,0,0,0,0,0,0,0,0,0,0,0,0,0,0,0,0,0,0,0,0,0,0,0,0,0,47251.3,0,0,0,0,0,0,0,0,0,112826.23,0,0,0,0,0,0,0,0,0,0,0,0,0,0,0,0,0,0,0,0,0,0,0,0,0,0,0,0,0,0,0,0,0,0,0,0,0,0,0,0,0,0,0,0,0,0,0,0,0,0,0,0,0,0,0,0,0,0,78463.32,0,0,0,0,0,0,0,0,0,0,0,0,0,0,0,0,0,0,0,0,0,21239.74,0,0,0,0,0,0,0,145024.88,0,0,7288.54,0,0,0,0,0,0,0,0,0,0,0,0,0,75422.51,0,0,69727.38,0,0,0,0,0,0,0,0,0,0,0,0,0,0,0,0,0,0,0,0,0,0,0,29821.81,0,0,0,0,0,0,0,0,0,0,0,0,0,0,0,0,0,0,0,0,19338.1,2710.68088235294,Mesenchymal.Stem.Cells,nnls
Smooth_muscle_cells,0,0,2424.35,0,0,0,217948.32,29318.99,172593.2,0,0,0,0,21783.8,0,0,50086.88,3498.14,14066.88,0,0,0,13266.01,59854.58,130160.9,0,0,0,167707.64,3704.65,38565.48,0,0,0,31216.56,0,8243.96,0,0,0,0,0,0,9488.1,0,0,0,0,0,2636.1,0,18026.17,0,0,0,0,0,43989.49,0,0,0,0,0,0,0,0,0,9871.85,12450.79,0,0,0,0,0,0,0,0,0,0,0,37551.32,596931.87,0,0,0,0,0,0,0,0,29012.75,76050.09,0,0,13199.9,61709.1,3714.06,0,18234.28,0,0,0,0,3193.44,43089.88,0,0,0,0,9550.94,0,0,14437.35,0,0,0,16684.94,10918.6,0,0,15649.2,0,0,0,0,0,0,0,0,7960.77,25067.51,0,22585.46,24271.45,0,25703.77,55595.76,0,0,0,0,0,0,0,0,0,0,65804.12,0,36192.47,73222.49,0,0,0,0,0,0,87344.38,0,0,0,0,0,0,0,0,0,0,0,0,3840.35,219085.01,0,0,0,0,0,41449.23,0,15733.97,2919.58,0,0,0,0,23247.35,0,0,0,0,1555.32,0,0,0,0,0,0,0,0,0,16077.99,0,0,0,33663.75,0,0,0,12282.56,48533.57,0,0,52827.14,0,0,0,0,0,7346.48,27397.53,42524.43,0,0,0,0,0,0,0,0,16705.53,0,0,0,0,0,0,27005.55,0,12717.5381512605,Smooth_muscle_cells,nnls
Neutrophil,108409.5,72788.13,40183.79,67240.69,26525.03,52071.49,27288.62,25619.04,46268.87,40101.88,183370.12,71093.24,94979.81,65159.76,100689.99,110550.87,54199.34,32543.43,64272.76,72986.98,67189.07,57455.76,22876.61,31856.4,105396.04,86015.93,62476.64,81643.13,53537.97,70590.25,1015.75,33961.93,51570.48,89165.79,32988.24,113413.67,51318.06,89172.22,109528.59,40783.52,54555.22,103473.17,41705.24,66632.46,68605.94,66020.61,43806.8,105324.31,66228.34,21953.48,7571.56,45863.74,77185.81,35750.62,7418.7,124861.48,19469.8,63673.32,77403.87,68422.34,67260.02,73136.57,83009.49,76594.17,36536.77,109168.54,42419.32,40963.11,73399.6,32274.54,100316.24,76432.82,22013.02,101095.03,26581.13,153063.39,66821.61,83154.54,45483.08,41356.32,48594.6,58030.26,66290.16,117131.62,94943.31,85175.34,88411.88,34798.15,47206.81,110834.21,101483.27,59764.38,16870.02,65034.26,28014.4,89655.31,64170.05,82414.79,56730.82,59946.41,53387.18,138955.14,70447.41,69305.38,61543.92,57541.75,11604.14,33708.53,78780.46,91834.04,39881.1,79923.45,39233.24,121182.04,12539.2,105452.97,80659.96,51120.99,96415.24,44865.09,17593.15,68017.26,41263.61,0,117612.33,3585.98,74576.74,124245.09,53173.69,49147.23,45763.11,79420.03,18596.88,44833.6,61683.47,56073.8,94429.36,111661.29,33725.79,89773.16,33788.47,38664.31,111013.16,115480.11,76454.85,60995.19,36736.03,31407.81,79983.49,39107.41,49403.9,87448.51,50106.14,60371.48,17066.02,87744.35,87167.99,43821.63,111873.63,77168.87,109357.78,92087.17,97588.71,122121.47,110442.83,106371.66,58744.94,98002.33,84762.45,90834.95,112739.57,68146.41,104498.94,86362.49,74420.79,70795.44,57211.81,46673.64,51173.29,41647.12,19153.61,53851.41,75374.71,178294.74,69201.02,52336.85,137316.6,165006.69,79787.44,71483.06,47794.83,53249.95,67051.14,87415.72,70464.99,25259.88,67699.35,91241.19,81006.8,29342.74,101846.97,60062.16,46487.8,82872.71,28568.63,71259.92,33495.53,56664.72,88124.72,52777.79,20326.39,80535.86,36724.71,62512.46,57385.6,38052.8,73520.78,77985.36,71279.86,64473.01,56737.26,40146.42,62669.81,172628.1,34614.19,80092.82,98762.29,124520.34,58244.52,47604.54,67224.19,169104.68,0,132654.96,38741.98,19549.9,63584.09,29374.71,67343.2554621849,Neutrophil,nnls
Mast_Cells,119087.5,76290.45,99311.47,60068.19,74482.07,35946.1,78208.75,42130.66,130086.29,37978.35,142188.34,89128.95,86047.41,83676.52,109768.69,79195.7,93871.62,33989.33,64222.82,110704.06,91969.16,108544.13,43164.84,174241.55,151979.8,54917.51,83006.24,57879.15,55294.57,91270.59,48128.12,90666.58,77889.27,156554.56,49449.96,74262.1,47116.89,96146.56,94127.4,39940.76,39481.29,110403.22,63836.24,101957.9,64292.2,80294.13,58767.8,98868.93,74117.42,64780.91,59844.08,47602.95,30356.24,74063.94,72188.13,117673.34,103628.56,56491.27,141472.32,128907.5,89612.06,126930.88,81099.38,96374.62,21016.87,74735.36,25815.45,47585.84,50464.07,23760.6,88412.87,65352.35,20406.94,77508.4,28079.19,98804.82,83078.69,35558.35,42748.32,50525.22,71673.97,45824.68,70812.09,107527.23,79645.59,82973.7,80162.9,34231.31,70078.5,120227.5,105870,112630.5,67377.59,10501.41,47511.86,105127.11,47475.54,145633.78,49171.46,79128.77,63544.16,141398.27,38492.27,80508.52,93054.54,65066.01,28229.44,36173.44,98484.62,90799.11,55005.74,29740.89,53311.89,91796.42,56676.04,48275.04,79335.06,74454.52,101098.32,69835.23,77525.55,53491.16,37716.42,52172.14,104784.39,129552.71,41947.51,119483.58,25580.95,78321.85,99508.28,71525.86,56895.04,144569.81,68883.55,77844.64,104738.45,57180.96,46431.94,41701.36,24794.03,12452.06,82631.82,88659.6,84672.61,71509.76,55647.44,57184,40238.56,43221.93,174434.8,46001.08,98076.99,45016.61,61349.29,93310.96,87792.99,82683.37,197792.59,152566.6,113620.38,88634.63,73356.48,72885.84,42063.49,108257.91,78999.75,61805.99,105508.96,77157.73,157893,26757.65,72912.13,88809.7,118427.94,52143.09,97285.57,82032.49,42611.93,54359.84,35059.89,45996.45,87473.69,101524.21,68516.16,75670.63,149280.71,130772.51,59545.36,41299.79,56698.67,65069.48,42461.18,86408.98,72691.04,62527.37,61798.12,94666.2,94168.34,40720.51,118931.03,52144.13,28446.28,93717,41602.32,35952.78,37523.34,84123.01,119977.96,71517.4,70133.06,127871.04,74501.05,64049.29,36389.53,64327.27,69192.63,159756.33,67270.79,28772.58,43269.92,123690.11,76522.84,243634.3,29395.62,47338.3,161727.17,116762.58,227801.4,88355.32,32844.76,186307.87,17845.86,80778.91,65980.23,25160.12,101312.28,32902.77,77328.9617226891,Mast_Cells,nnls
B_Cells,1239018.93,771477.11,1256143.35,514082.08,571210.38,278471.6,879005.1,461570.52,1572534.39,347202.63,1144656.43,898089.58,861645.01,1114951.87,1077695.76,780509.09,882335.03,347603,668926.01,1204994.81,1093935.62,978236.32,409786.01,1684080.21,2030329.92,399338.22,716126.58,424025.28,515376.63,896134.33,655533.79,1086009.2,941944.61,1285722.15,446133.49,882551.41,546863.08,1007992.84,658447.47,401069.93,388491.47,942281.04,686237.01,839999.66,601224.13,504063.3,691560.88,748638.17,798122.22,815703.74,496996.77,607725.98,543859.21,870494.03,777987.38,724517.27,1074846.21,619673.17,1407566,1590956.58,1214504.37,1247533.29,602147.13,1147914.33,472030.11,791603.67,231462.22,576724.1,723492.38,475307.8,617438.62,752843.59,718219.64,517074.62,316670.52,879729.21,825957.32,241258.27,646714.2,468577.47,784723.93,353222.53,848793.21,659346.98,697149.59,674075.56,635458.46,300008.02,784231.06,765714.38,725478.32,1063095.05,506099.24,364360.11,550320.69,1489035.98,624118.26,1952951.3,470116.75,687363.73,495759.23,1356449.77,449504.97,945891.96,1574873.85,794987.53,498347.61,350631.63,868220.01,1156090.61,261038.96,421573.11,594893.65,573741.47,868863.6,382816.26,928851.18,624516.01,1048940.83,621585.83,1045769.58,507333.49,390026.69,657671.26,628203.15,1595027.25,297472.02,906917.95,317413.61,995523.7,1070790.23,505353.88,617253.07,2056190.34,657045.92,650756.03,775434.77,651084.94,436207.06,361037.73,307579.99,242946.5,434226.04,695244.34,680852.88,488944.09,758542.89,593486.91,330844.47,330370.95,2512985.03,554327.2,878463.2,431512.47,1086245.09,795025.34,586372.04,837555.66,1828345.66,1259207.45,846245.86,794261.66,507909.3,498691.85,383796.45,1056006.57,975555.49,528165.88,1173636.22,714076.15,1417416.83,205889.46,374315.4,807138.34,772276.92,393232.27,876473.18,870710.68,460032.1,488939.73,450150.62,498450.12,711178.8,946315.37,726902.46,971828.84,1413223.96,1115076.81,526052.62,345606.96,625114.33,641913.8,269531.86,850773.41,592385.19,872258.07,638137.99,570443.14,938051.31,420805.56,1227055.83,465797.65,290497.51,762550.68,361645.05,373994.97,458493.47,878697.82,1189317.46,608479.01,488377.01,1041298.73,979588.4,534996.46,519171.09,846580.46,496804.13,1915354.75,579767.59,272416.12,367053.82,1638534.9,686469.32,2231483.64,443578.11,455180.24,1490319.09,1781857.34,2960525.24,688060.06,456946.57,1453338.49,630442.97,675799.65,853877.36,416615.84,864038.58,275203.69,775495.460504202,B_Cells,nnls
others,0,0,0,0,0,0,0,0,0,0,0,0,0,0,0,0,0,0,0,0,0,0,0,0,0,0,0,0,0,0,0,0,0,0,0,0,0,0,0,0,0,0,0,0,0,0,0,0,0,0,0,0,0,0,0,0,0,0,0,0,0,0,0,0,0,0,0,0,0,0,0,0,0,0,0,0,0,0,0,0,0,0,0,0,0,0,0,0,0,0,0,0,0,0,0,0,0,0,0,0,0,0,0,0,0,0,0,0,0,0,0,0,0,0,0,0,0,0,0,0,0,0,0,0,0,0,0,0,0,0,0,0,0,0,0,0,0,0,0,0,0,0,0,0,0,0,0,0,0,0,0,0,0,0,0,0,0,0,0,0,0,0,0,0,0,0,0,0,0,0,0,0,0,0,0,0,0,0,0,0,0,0,0,0,0,0,0,0,0,0,0,0,0,0,0,0,0,0,0,0,0,0,0,0,0,0,0,0,0,0,0,0,0,0,0,0,0,0,0,0,0,0,0,0,0,0,0,0,0,0,0,0,0,0,0,0,0,0,0,others,nnls
Fibroblasts1,8.21,9.52,8.29,9.59,11.07,11.49,8.54,11.03,6.99,14.17,7.89,9.2,8.59,8.83,8.99,9.7,8.37,11.04,9.53,7.96,8.68,8.31,10.97,7.2,5.74,10.22,8.4,13.04,9.46,10.54,11.58,8.54,8.31,8.02,11.91,11.54,12.39,8.37,10.93,12.22,9.56,8.37,9.36,8.1,10.82,10.42,10.95,11.22,9.91,9.25,11.38,11.07,10.89,9.28,9.26,10.78,9.6,10.77,8.19,6.38,8.96,7.5,11.08,9.21,13.13,10.1,18.87,10.76,7.17,10.34,10.5,11.16,8.94,11.03,12.29,8.03,8.85,15.09,11.58,10.57,10.46,11.64,8.91,10.82,10.08,10.53,9.7,11.63,11.23,9.95,9.8,8.22,11.48,14.14,10.41,7.49,11.64,7.12,11.27,10.29,13.97,7.27,12.72,7.49,6.06,8.57,9.47,10.97,9.94,9.42,13.43,14.44,10.39,11.9,8.87,10.63,11.45,9.96,9.83,8.88,10.74,11.36,12.15,11.19,10.83,7.86,12.87,9.48,12.97,9.69,9.79,8.75,11.52,6.37,9.1,12.57,9.83,11.29,11.64,12.82,13.8,15.11,12.45,10.75,10.58,9.48,9.38,11.15,14.29,14.46,5.72,9,8.4,13.02,9.86,9.51,10.74,11.22,7.71,8.67,9.05,8.24,15.05,11.7,13.62,9.12,9.4,8.04,7.44,10.24,7.32,13.28,11.67,9.37,8.52,11.06,8.19,10.59,11.9,10.53,10.56,9.25,9.58,7.92,11.35,7.88,7.53,8.9,9.32,15.55,10.54,9.02,12.3,10.91,11.15,7.77,9.58,9.36,8.18,10.37,9.01,16.97,10.71,8.77,11.94,9.25,12.12,7.77,9.65,9.92,10.25,7.76,7.16,10.33,10.37,10.03,11.17,9.6,11.72,17.67,12.26,7.26,12.79,8.8,10.89,10.86,7.72,7.31,5.52,10.57,13.9,8.84,12.4,11.83,9.92,10.73,8.45,12.34,10.2209663865546,Fibroblasts,DCQ
Endothelial_cells1,4.11,6.21,3.85,6.75,4.19,10.42,3.33,5.62,2.54,7.95,3.52,5.74,6.3,5.42,2.97,5.78,4.03,8.45,5.83,4.21,4.71,3.55,7.58,1.87,2.73,7.43,3.73,6.39,6.09,4.65,4.54,3.63,4.3,3.28,6.69,5.75,6.31,4.17,7.77,7.53,11.14,4.6,6.04,5.17,10.11,6.4,6.05,6.23,5.74,4.45,5.39,4.86,6.76,5.57,2.63,4.64,3.17,6.99,2.65,3.55,5.42,3.19,6.64,5.21,5.97,3.76,9.78,5.19,10.02,6.55,6.07,7.6,10.31,6.92,8.43,7.02,5.21,6.88,7.87,7.46,4.74,6.88,6.65,4.88,4.97,4.96,5.12,6.48,5.53,4.89,9.45,3.17,3.45,7.69,6.73,4.39,4.65,3.84,8.11,4.7,7.01,3.86,7.03,5.97,3.03,5.09,8.47,7.6,4.81,4.63,6.4,6.89,4.81,6.08,4.01,7.3,6.23,4.67,5.32,6.16,3.77,6.29,7.02,4.56,5.74,2.41,9.66,5.66,8.61,5.01,3.82,8.98,6,2.56,5.68,7.32,4.76,5.89,7.88,6.6,6.91,7.45,7.54,6.66,6.58,6.76,5.23,6.62,8.19,7.37,3.06,7.45,5.87,6.53,5.95,5.75,6,5.72,3.8,4.92,4.87,5.06,6.91,8.62,7.57,4.81,5.5,9.21,5.01,7.92,3.47,10.56,10.81,5.6,5.7,12.06,5.16,5.31,8.61,6.4,6.56,8.02,6.44,5.46,6.93,3.74,4.79,4.98,9.03,7.84,6.07,6.29,7.92,5.33,5.23,3.85,7.29,5.62,5.34,6.29,4.42,9.59,9.19,5.02,8.51,8.93,8.82,5.95,5.04,5.08,7.41,5.02,3.85,7.39,11.34,6.4,6.83,4.08,6.8,9.39,6.36,2.27,5.8,4.02,7.07,7.82,4.6,3.57,2.02,5.76,6.03,3.49,6.45,5.67,5.87,9.54,6.29,6.45,5.99626050420168,Endothelial_cells,DCQ
T_Cells1,4.01,4.29,3.94,5.99,6.31,7.54,4.58,7.51,3.39,7.55,4.96,5.71,5.33,6.44,4.18,4.21,5.82,7.02,4.97,3.88,5.16,5.11,6.85,5.13,3.33,7.11,5.12,5.71,5.62,5.25,7.35,5.47,4.72,4.93,7.25,6.31,6.01,4.67,4.47,6.44,4.99,4.29,5.67,5.43,6.68,5.16,4.06,4.61,5.07,6.19,5.25,5.89,6.81,5.3,6.18,5.76,6.63,6.67,4.53,3.78,5.07,4.82,5.09,4.8,6.83,3.54,5.78,5.77,6.23,5.56,6.12,5.06,7.12,5.02,7.39,4.77,4.4,6.69,6.35,6.3,5.41,5.44,5.33,5.89,6.4,5.23,5.7,8.46,6.52,5.66,6.81,4.2,8.43,6.93,6.78,4.62,5.22,3.61,6.5,5.94,5.21,4.32,6.77,5.23,3.01,5.01,6.58,7.49,4.74,5.1,5.17,6.52,6.28,6.45,5.32,6.9,4.18,5.9,4.25,6.87,4.92,4.53,7.36,7.35,5.55,5.68,8.04,3.89,7.82,5.51,5.66,6.49,6.44,4.29,4.72,7.62,4.33,6.14,6.95,6.6,7.5,8,4.43,5.38,4.65,4.82,4.35,6.68,7.52,7.81,3.8,5.84,4.54,5.51,5.72,5.22,7.94,6.99,4.69,5.55,3.84,4.38,7.55,3.98,6.44,5.19,5.27,6.13,4.25,4.23,4.67,5.23,4.29,3.81,5.75,5.45,4.63,6.37,6.58,6.9,4.91,4.95,4.57,4.06,5.06,4.41,4.26,4.3,5.92,6.95,5.27,5.56,4.94,5.12,5.63,4.69,5.48,5.28,5.37,7.88,4.56,6.42,7.06,4.9,7.95,6.12,7.34,4.76,5.15,5.6,7.52,4.3,5.07,6.26,6.52,5.79,5.59,4.89,6.98,6.56,7.68,3.39,6.78,4.65,6.35,6.16,4.04,4.08,3.61,6.67,6.92,5.19,7.33,6.23,5.53,6.27,6.17,7.29,5.63756302521008,T_Cells,DCQ
Macrophages1,6.02,7.15,6.35,7.39,9.83,6.73,5.81,6.08,4.9,6.46,6.45,6.93,6.06,5.03,6.64,7.25,4.93,6.04,5.7,5.97,6.92,6.04,6.74,5.99,4.74,7.34,6.51,7.04,5.21,6.4,5.37,5.52,5.75,6.08,7.18,6.66,8.45,6.91,7.36,7.03,6.2,6.66,5.26,6.7,6.26,7.88,8.39,8.4,6.23,5.07,10,6.46,5.81,6.64,6.09,8.06,7.25,6.06,5.77,5.33,6.94,5.73,7.46,5.79,9.45,7.46,7.29,5.84,5.09,9.63,6.92,6.4,5.19,8.12,6.09,6.81,6.2,8.33,7.08,6.72,5.15,4.82,5.23,9.87,6.08,6.89,7.01,6.26,7.43,6.65,5.78,5.98,7.63,10.56,6.6,4.7,7.02,5.85,6.1,6.44,9.95,5.91,5.67,5.64,4.63,5.69,4.86,6.16,7.29,5.53,14.66,6.93,5.35,8.22,5.91,7.61,7.59,5.54,7.02,5.8,5.81,10.38,7.69,5.49,8,4.93,8.51,7,5.92,6.17,5.4,6.54,6.63,4.16,6.61,5.87,6,6.75,6.76,9.31,7.67,7.04,8.58,7.6,7.84,7.04,6.72,6.47,6.55,7.49,5.22,6.13,6.87,6.45,7.94,7.23,7.24,5.89,5.56,6.22,7.93,6.51,7.51,8.57,7.67,5.69,4.61,6.22,5.77,6.69,6.64,6.28,8.1,6.53,6.96,7.44,6.77,6,6.38,6.36,7.99,6.03,6.75,7.75,6.54,5.02,5.64,6.83,6.05,8.07,6.67,5.86,11.28,7.16,7.22,5.77,6.33,7.93,5.97,6.01,6.04,6.61,7.36,7.29,6.67,7.03,5.67,5.9,5.41,5.02,5.92,6.39,5.3,6.74,6.93,7.17,7.73,5.2,6.56,9.07,6.97,5.14,6.88,6.8,8.45,6.88,5.76,4.36,4.89,5.61,7.07,6.78,7.79,7.14,5.89,5.73,6.22,9.34,6.67613445378151,Macrophages,DCQ
Natural_Killar_cells1,1.37,1.88,1.84,3.06,2.73,3.87,2.24,3.83,1.18,3.43,2.3,1.89,2.26,2.64,1.87,1.66,2.01,3.5,1.95,1.45,2.18,1.78,3.36,2.42,1.21,3.72,2.08,2.59,2.41,1.97,2.95,2.16,2.06,1.54,3.64,2.78,2.76,1.76,1.64,2.93,2.25,1.43,2.07,2.15,3,2.34,1.65,2.02,2.2,2.35,3.27,2.68,3.26,2.28,2.49,2.82,2.91,3.24,1.42,1.29,1.98,1.91,1.59,2.1,3.12,1.3,2.74,2.39,3.04,3.13,2.43,1.88,3.07,1.66,3.46,1.88,1.39,2.97,2.76,2.73,2.39,2.94,2.18,1.76,2.68,1.9,2.47,4.08,3.1,2.13,3.11,1.55,4.06,3.41,3.22,1.62,2.06,1.33,3.06,2.07,2.35,1.29,2.55,2.07,0.98,2.07,2.31,3.37,1.99,2.07,2.82,2.77,2.52,2.62,2.12,3.51,2.19,2.33,1.53,2.94,1.66,2.27,3.51,3.21,2.22,1.87,4.1,0.98,4.1,2.45,2.11,3.73,3.21,1.11,1.5,3.66,1.11,2.33,2.89,3.18,3.4,3.95,1.66,1.78,2.26,1.87,1.58,3.21,3.65,4.08,1.55,2.16,1.42,2.56,2.03,2.34,3.96,3.01,1.29,2.36,1.39,1.24,3.51,1.26,2.59,2.22,1.88,3.34,1.61,1.85,2.13,2.85,0.93,0.77,2.1,2.29,1.54,2.83,3.17,3.52,2.55,2.29,1.65,1.57,2.34,1.67,1.12,1.58,2.73,2.76,2.52,2.1,2.88,1.74,2.51,1.96,2.5,2.12,2.33,3.66,1.93,2.58,3.86,2.11,4.19,3.1,3.12,2.35,2.07,2.17,4.03,1.85,2.4,2.96,3.24,2.75,1.74,1.43,3.32,3.17,3.61,1,2.82,1.52,3.03,3,0.74,1.17,1.28,2.65,3.31,1.78,3.11,2.97,1.94,2.84,2.65,3.42,2.40840336134454,Natural_Killar_cells,DCQ
Myofibroblasts1,5.41,6.47,5.73,5.82,4.86,8.09,7.02,5.67,5.36,6.52,4.53,6.37,5.76,5.4,4.91,6.27,5.25,6.64,5.61,5.2,5.28,5.58,6.65,4.29,4.8,6.36,5.08,6.38,8.69,6.45,6,4.93,5.55,5.25,6.32,5.86,5.91,5.05,7.82,6.98,7.32,5.79,5.87,6.45,7.16,6.07,5.78,6.89,5.59,5.39,5.03,5.39,5.88,6.45,4.25,6.37,4.92,6.65,4.58,4.57,5.61,4.66,6.61,5.59,5.49,5.86,7.85,5.56,6.94,5.72,6.2,6.16,6.4,6.64,7.77,6.16,6.02,6.34,7.16,6.73,6.08,14.96,5.65,5.31,5.13,5.5,6.07,6.03,5.12,6.57,7.9,5.74,4.87,6.27,6.17,4.83,4.97,4.9,7.65,4.81,7.29,4.73,6.21,5.46,4.28,5.59,6.5,6.95,6.12,5.41,6.02,5.54,5.76,5.87,4.85,6.16,7.01,5.62,6.31,5.91,5.26,6.36,6.05,5.54,6.09,4.23,7.51,6.02,7.16,5.36,5.15,5.54,5.74,4.1,5.96,6.54,7.06,5.39,6.96,5.72,6.56,5.16,7.81,6.54,7.09,6.46,6.28,7.03,6.47,6.77,4.17,5.73,5.7,6.65,6.25,6.18,5.68,7.14,4.7,5.92,5.7,5.22,6.25,7.95,6.25,4.73,5.18,7.79,5.87,7.54,4.47,13.62,8.29,5.77,5.5,9.67,5.22,5.44,6.61,6.01,6.27,6.51,7.37,6.05,6.81,4.66,5.77,5.56,6.67,6.7,6.25,5.59,7.98,6.04,5.75,4.78,6.24,6.05,5.57,5.7,5.14,7.8,7.54,5.2,7.32,5.94,7.03,5.97,5.09,6.4,6.2,5.11,5.03,7.1,7.51,5.54,6.39,5.31,6.6,7.68,6.75,4.03,5.63,5.82,6.39,7.05,4.88,4.15,4.03,6.24,5.41,5.02,5.73,6.11,4.82,6.39,5.82,5.15,6.06243697478992,Myofibroblasts,DCQ
Leucocytes1,32.83,28.7,32.77,26.02,25.78,20.39,30.48,25.85,37.46,21.84,32.07,28.38,29.79,30.42,32,28.23,32.67,24.33,30.16,34.02,30.29,32.08,24.83,35.25,38.44,24.55,31.24,23.2,25.83,28.15,26.7,33.28,32.38,32.47,23.67,25.55,24.45,32.29,24.11,23.68,25.14,30.97,30.08,29.41,22.15,26.07,28.52,25.21,30.07,31.59,25.03,28.5,24.67,29.04,31.51,25.04,29.16,25.38,34.48,36.94,29.63,34.53,25.1,30.63,23.34,29.68,16.88,29.37,28.31,25.99,25.83,27.79,25.96,24.04,21.44,28.57,30.86,20.78,24.67,24.95,29.85,18.6,30.57,25.09,29.23,28.32,27.26,22.83,25.78,26.86,22.97,32.94,25.32,19.49,26.33,35.43,28.41,36.06,23.68,28.56,20.62,33.8,24.58,31.93,38.95,31.41,27.45,23.43,28.25,31.54,20.48,23.18,28.8,23.55,31.75,23.38,26.38,29.01,29.1,28.04,30.93,24.86,23,27.29,24.97,34.59,19.32,28.71,20.28,30.23,31.23,24.62,25.84,39.16,29.61,23.13,28.46,26.72,23.94,19.76,21.52,21.41,22.39,25.34,25.66,26.76,29.97,24.89,20.94,20.23,38.85,28.22,30.5,24.76,28.05,27.83,22.9,25.44,34.44,29.99,29.49,31.76,21.26,22.97,21.86,31.78,31.5,24.72,32.67,26.4,33.73,15.66,21.01,30.26,28.72,19.93,31.28,28.19,23.72,26.4,26.82,28.02,27.36,29.54,26.96,35.99,32.75,30.24,25.49,19.58,27.86,30.43,19.66,26.92,25.83,34.53,27.36,27.39,31.17,26.07,32.72,18.55,22.76,29.01,21.22,25.33,22.99,31.6,31.83,29.91,24.7,33.13,34.01,24.96,23.59,27.89,24.71,32.34,24.03,17.07,22.28,38.16,25.34,31.04,24.59,23.44,34.74,36.41,40.39,26.98,22.86,30.8,24.49,25.44,29.83,25.35,28.08,22.11,27.5539915966387,Leucocytes,DCQ
Plasma_cells1,4.61,4.02,4.6,5.31,5.42,5,4.77,5.82,3.99,4.69,5.02,5.71,4.39,5.52,4.73,3.94,5.2,4.36,4.27,4.12,5.23,5.1,4.88,5.39,4.38,5.87,5,4.39,4.53,4.28,6.95,5.52,4.7,5.09,5.35,4.83,3.79,4.43,3.69,4.13,5.01,4.53,5.24,5.19,5.04,5.64,3.54,4.05,4.61,5.43,7.66,5.1,7.53,5.49,6.53,4.95,7.18,4.99,4.73,4.51,5.09,4.73,4.68,4.78,5.29,3.83,4.66,4.81,4.27,4.48,5.48,3.98,6.07,4.35,5.63,4.76,4.65,4.82,4.34,5.18,4.87,2.26,4.91,4.77,5.1,4.32,4.84,6.54,6.15,5.13,5.06,4.49,8.78,4.9,5.25,4.82,4.58,4.3,4.3,5.02,5.6,4.72,4.93,5.17,4.56,5.29,6.37,5.64,4.35,4.67,5.43,4.44,5.41,4.43,5.69,5.78,3.34,5.68,4.1,5.55,4.53,3.75,4.99,7.1,4.89,6.36,5.69,4.32,6.36,4.79,5.31,7.06,5.15,5.57,4.62,5.65,3.64,5.9,4.62,8.4,5.02,6.05,3.3,4.7,4.59,5.15,4.08,5.44,4.69,5.16,4.41,4.59,4.47,3.77,4.58,4.74,6.82,4.87,4.72,5.01,4.11,4.05,4.92,2.12,3.93,5.02,5.21,4.54,4.6,3.39,4.99,0.91,2.48,4.06,5.42,3.15,4.5,4.93,4.09,5.08,4.11,4.78,4.45,3.62,3.64,4.69,4.53,3.8,4.5,4.79,4.95,3.95,2.5,4.1,5.53,4.51,4.86,4.41,5.12,6.17,3.99,3.32,3.96,6.01,5.33,4.41,4.96,3.96,4.7,4.69,8.01,4.42,4.91,5.23,4.19,4.8,4.8,4.49,5.13,2.74,5.87,4.46,4.77,4.58,4.6,4.47,4.54,5.15,4.99,5.37,6.94,4.81,5.77,5.1,5.05,5.17,5.68,7.1,4.87911764705882,Plasma_cells,DCQ
Mesenchymal.Stem.Cells1,4.37,6.19,4.09,5.89,8.5,8.64,4.63,7.41,2.39,10.15,4.15,6.12,4.77,5.33,5.24,6.48,4.12,7.27,5.27,4.51,5.52,5.26,7,3.96,1.41,6.52,5.77,9.85,5.45,7.51,6.96,4.61,4.71,5.17,7.8,8.08,7.65,5.2,7.99,8.56,5.83,4.95,5.39,5.58,7.64,7.44,6.63,7.64,5.49,5.17,7.47,6.61,7.66,5.76,6.38,8.06,6.17,6.84,4.93,2.22,5.74,4.21,8.36,5.93,9.82,6.39,12.81,6.14,4,7.25,7.54,6.67,5.84,8.62,8.82,5.18,5.5,10.85,8.05,7.56,6.16,7.29,4.84,8.6,6.37,7.24,7.14,8.5,7.77,7.34,6.69,4.36,7.67,10.54,6.59,3.05,7.59,2.83,7.83,6.83,10.23,3.99,9.06,3.65,1.41,5.09,6.01,7.77,7.21,5.47,9.67,10.68,6.24,8.97,5.33,7.68,7.74,6.46,6.45,5.66,6.06,7.49,8.58,7.79,8.1,4.01,9.58,6.71,9.66,5.49,5.58,5.34,7.4,1.54,6.1,8.13,7.01,7.61,8.18,9.53,10.34,10.87,9.89,7.95,7.46,6.89,6.13,7.12,10.28,9.97,1.23,5.9,5.3,8.48,6.5,6.19,8.05,7.56,4.06,5.53,5.79,5.08,10.89,8.73,10.58,5.27,4.97,5.19,3.99,7.15,3.52,9.57,9.87,6.3,5.92,8.62,5.49,6.69,7.95,6.54,6.55,5.31,6.6,4.88,7.14,3.17,4.37,5.79,5.58,12.37,6.51,5.11,9.9,7.67,8.25,3.8,5.81,6.28,4.6,7.42,4.32,12.62,7.63,5.62,8.33,6.36,8.71,4.18,4.72,5.62,6.67,4.38,3.09,7.15,7.1,6.05,8.67,6.18,8.07,12.09,8.97,2.63,8.53,5.85,8.1,7.86,4.12,3.05,1.01,7.1,9.79,5.99,8.75,8.29,6.02,7.28,5.05,9.58,6.66378151260504,Mesenchymal.Stem.Cells,DCQ
Smooth_muscle_cells1,1.97,2.46,2.59,2.59,1.8,4.15,5.55,3.35,3.48,3.22,1.76,1.73,2.28,2.86,2.05,2.45,2.91,3.55,2.85,1.82,2.38,1.72,3.7,2.01,2.73,2.39,1.78,3.19,6.76,3.21,3.59,1.87,2.24,1.83,3.73,2.96,3.05,1.52,3.56,3.34,3.03,2.01,2.76,3.21,3.45,2.65,1.94,2.66,2.44,2.59,2.27,2.89,2.43,2.32,1.53,3.03,2.17,3.94,1.34,1.38,2.19,1.48,2.31,2.43,2.4,2.51,4.18,2.86,3.44,2.57,2.42,1.99,2.74,2.04,4.14,1.75,1.94,2.91,3.09,3.07,3.37,14.64,2.43,1.43,1.84,2.02,2.14,3.13,2.41,2.4,4.41,3.32,2.39,2.84,3.31,2.55,2.47,1.81,4.25,2.22,3.27,1.66,2.72,2.54,2.07,2.48,2.85,3.46,2.25,2.59,1.94,2.28,3.06,2.32,2.22,2.6,3.64,2.92,2.32,2.85,2.61,2.06,3.1,2.34,2.44,1.55,3.35,1.87,3.31,2.66,2.68,2.56,3.23,1.7,1.95,3.8,4.1,1.88,3.17,2.94,3.34,2.32,2.46,1.8,2.49,2.56,2.59,4.32,3.26,4.18,1.93,1.78,2.07,3.27,2.06,2.26,2.79,4.4,1.41,2.59,2.02,1.26,2.58,2.65,2.46,1.99,2.39,3.67,2.26,3.24,1.92,11.28,2.7,1.93,1.74,4.13,1.68,3.06,3.33,3.16,3.12,2.85,3.19,2.28,2.74,2.24,1.99,1.94,2.82,3.2,3.16,2.1,3.55,2.4,2.39,2,3.09,2.17,2.5,2.79,2.46,3.75,3.33,1.97,4.39,2.69,3.55,2.37,2.44,3.76,3.06,1.43,2.77,3.25,2.59,2.63,2.46,1.94,3.58,4.62,4.2,1.58,2.89,1.82,2.58,3.6,1.23,1.69,1.18,3.44,2.68,1.67,2.52,2.71,1.8,2.38,3.05,2.11,2.74882352941176,Smooth_muscle_cells,DCQ
Neutrophil1,0.75,0.87,0,1.37,0.63,0.74,0,0,0,0,2.02,0.58,1,0.06,0.91,1.68,0,0.28,0.63,0.24,0.4,0.13,0.02,0,0.05,1.67,0.66,1.28,0.41,0.22,0,0,0.01,0.44,0.08,0.86,0.63,0.83,1.57,0.29,1.2,1.23,0,0.56,0.55,1.11,0.57,1.47,0.48,0,0.41,0.11,0.72,0,0,1.62,0,0.4,0.08,0,0.37,0.09,1.28,0.21,0.44,1.74,0,0,0.86,0.83,1.33,0.57,0.02,2.16,0,2.25,0.58,1.83,0.11,0.43,0,0,0.45,2.27,0.96,1.2,1.35,0.25,0.19,1.24,0.99,0.09,0,1.36,0,0.11,0.62,0,0.44,0.57,0.68,1.13,0.86,0.41,0,0.33,0,0.26,0.76,0.2,1.91,0.92,0,1.95,0,2.25,0.47,0.17,0.85,0.25,0,1.79,0.6,0,1.92,0,0.88,1.72,0.55,0,0,1.46,0,0,0.95,0,0.98,1.34,0.13,1.8,0.19,0.09,2.33,1.66,1.01,1.2,0.09,0,0.98,0,0,1.65,0.44,0.69,0,1.1,1.02,0,0.22,0.21,1.8,1.43,0.54,2.74,2.07,0.7,0.18,1.87,0.51,1.08,0.7,1.2,2.74,1.18,0.98,1.26,0.5,0,0.48,0.1,0.13,0.8,0.83,2.84,0.39,0,0.86,1.87,1.48,0.63,0.27,0.51,2.52,0.88,0.89,0,0.8,1.9,0.57,0.01,0.5,0,1.08,1.24,0,1.95,0,0.33,0.12,0.25,0,0.61,0,0.7,0.56,0.14,1.34,0,0.47,0.59,0.56,0,0.15,0.59,0.68,1.44,0.33,0.53,0,0,0.32,1.27,0,1.28,0,0,0.43,0.8,0.663487394957983,Neutrophil,DCQ
Mast_Cells1,1.63,1.37,1.21,1.58,1.59,0.69,1.2,0.84,1.28,0.52,2.12,1.35,1.44,1.11,1.7,1.53,1.5,0.93,1.37,1.53,1.28,1.73,1.03,1.42,1.46,1.39,1.78,1.25,1.13,1.2,0.61,1.08,1.25,2.04,0.94,0.92,0.79,1.5,1.68,0.75,1.14,1.92,1.16,1.67,0.88,1.77,1.2,1.63,1.28,0.89,1.37,0.84,0.42,1.17,1.18,1.85,1.32,0.94,1.71,1.47,1.16,1.67,1.64,1.23,0.21,1.46,0,0.93,0.86,0.58,1.65,0.94,0.43,1.8,0.54,1.8,1.56,0.68,0.47,1.15,1.03,0,1.21,2.06,1.39,1.73,1.68,0.92,1.03,2.01,1.48,1.69,1.16,0,0.87,1.16,0.84,1.23,0.84,1.64,0.84,1.91,0.72,1.32,1.22,1.25,0.77,0.95,1.58,1.01,1.32,0.32,1.06,1.69,1.03,1.3,0.9,1.54,1.42,1.46,0.87,1.33,0.87,0.56,2.02,1.29,0.35,2.14,0.36,1.08,1.25,1.77,0.94,1.13,1.67,0.96,1.91,1.01,0.92,0.87,0.36,0,1.79,1.52,1.5,1.94,1.04,0.78,0.56,0.55,1.18,1.16,1.8,0.97,0.69,1.65,1.51,0.81,1.91,1.73,2.23,1.96,0.68,1.68,0.78,1.55,1.27,1.51,1.56,1.35,1.88,0.18,1.95,1.83,2.25,0.99,1.8,1.06,0.85,1.03,0.93,1.17,1.56,1.9,0.98,1.15,1.75,1.95,1.46,0.33,1.05,1.47,1.29,1.36,1.48,1.04,1.23,2.29,1.49,0.98,1.47,0.21,0.83,1.94,0.7,1.17,0.59,1.5,1.37,1.45,1.22,1.99,1.17,1.23,0.43,1,1.58,1.15,1,0,0.8,1.36,0.98,1.68,0.71,1.11,1.86,1.36,1.34,1.48,0.23,2.06,0,1.01,1.18,0.61,1.65,0.98,1.2196218487395,Mast_Cells,DCQ
B_Cells1,24.7,20.88,24.74,18.63,17.29,12.24,21.86,16.99,27.03,13.51,23.21,20.29,22.03,20.93,23.81,20.82,23.2,16.59,21.86,25.08,21.98,23.59,16.39,25.06,28.98,15.42,22.84,15.69,18.43,20.17,17.39,23.39,24.02,23.84,15.45,17.9,17.81,23.3,17.42,16.13,17.17,23.26,21.11,20.37,16.25,17.04,20.72,17.97,20.9,21.63,15.47,19.6,17.15,20.72,21.98,17.03,19.51,17.13,25.59,28.57,21.84,25.47,18.16,22.09,14.51,22.35,9.17,20.37,19.77,17.39,17.51,19.79,17.9,17.6,14,21.03,22.84,11.83,16.47,17.12,20.48,10.53,21.65,17.23,19.77,20.18,19.52,14.89,17.75,19.16,15.56,24.26,14.79,11.88,17.74,25.22,19.93,27.11,15.96,20.9,12.97,25.41,16.17,23.13,29.8,22.12,18.35,15.96,20.71,22.37,10.74,15.08,20.33,15.95,22.9,14.88,18.88,20.2,21.5,19.63,22.83,17.53,15.09,17.59,17.21,25.22,10.17,21.51,12.87,21.59,22.01,17.15,17.91,28.32,21.53,14.76,20.81,17.75,15.95,12.48,13.39,12.55,15.37,18.32,18.29,19.06,22.56,16.29,12.63,11.92,28.88,20.41,22.61,17.35,20.37,19.99,15.35,16.94,25.49,21.31,21.79,23.82,12.34,17.02,14.18,21.92,22.63,17.78,24.45,18.95,24.58,9.39,15.15,22.59,20.45,13.95,23.24,19.53,16.33,17.98,19.5,20.03,19.63,22.14,19.13,25.37,24.65,22.25,18.95,11.23,18.88,22,13.29,20.37,18.14,25.3,19.41,19.19,21.8,16.64,23.42,11.57,14.69,20.91,13.46,17.73,15.08,23.37,22.4,20.15,15.01,23.62,25.23,16.69,15.64,19.79,16.99,23.39,15.74,9.35,13.7,28.72,16.63,22.83,16.56,16.32,25.44,27.17,29.74,18.13,14.54,22.31,15.67,16.22,22.14,17.72,20.46,13.34,19.2691596638655,B_Cells,DCQ
others1,0,0,0,0,0,0,0,0,0,0,0,0,0,0,0,0,0,0,0,0,0,0,0,0,0,0,0,0,0,0,0,0,0,0,0,0,0,0,0,0,0,0,0,0,0,0,0,0,0,0,0,0,0,0,0,0,0,0,0,0,0,0,0,0,0,0,0,0,0,0,0,0,0,0,0,0,0,0,0,0,0,0,0,0,0,0,0,0,0,0,0,0,0,0,0,0,0,0,0,0,0,0,0,0,0,0,0,0,0,0,0,0,0,0,0,0,0,0,0,0,0,0,0,0,0,0,0,0,0,0,0,0,0,0,0,0,0,0,0,0,0,0,0,0,0,0,0,0,0,0,0,0,0,0,0,0,0,0,0,0,0,0,0,0,0,0,0,0,0,0,0,0,0,0,0,0,0,0,0,0,0,0,0,0,0,0,0,0,0,0,0,0,0,0,0,0,0,0,0,0,0,0,0,0,0,0,0,0,0,0,0,0,0,0,0,0,0,0,0,0,0,0,0,0,0,0,0,0,0,0,0,0,0,0,0,0,0,0,0,others,DCQ
Fibroblasts2,15.3,15.32,22.53,23.52,16.71,20.7,26.16,29.65,23.52,37.9,21.01,13.32,18.69,19.56,22.27,15.53,22.49,30.04,28.07,11.25,14.36,9.43,31.08,6.38,14.33,26.95,4.75,25.81,22.7,17.44,36.73,22.54,17.95,6.14,34.53,29.58,38.48,10.71,15.94,28.99,18.99,11.66,22.16,5.59,18.71,16.44,28.6,23.46,32.88,25.31,28.84,36.92,22.11,20.31,14.5,17.76,25.16,30.75,10.05,12.19,14.31,6.87,15.03,16.75,27.23,20.27,48.9,37.44,7.22,18.53,17.84,30.68,15.37,10.77,28.99,7.18,13.6,37.97,26.71,19.03,33.18,24.66,25.6,8.78,24.07,22.47,11.93,25.71,28.73,12.16,18.98,21.38,32.37,30.68,28.25,21.9,35.27,16.38,24.92,23.93,28.8,6.44,29.85,15.99,23.39,17.22,20.04,23.07,10.78,22.74,24.58,35.6,29.88,22.57,22.52,20.52,26.05,21.51,17.05,16.38,39.51,25.46,30.16,26.15,16.58,22.79,25.19,8.64,29.27,31.33,31.57,19.62,38.6,19.13,12.98,38.52,10.16,27.01,25.85,26.68,31.46,37.97,12.75,14.4,17.05,8.7,13.3,31.35,37.93,41.32,16.52,12.91,10.01,40.08,17.59,18.97,19.3,27.51,14.52,15.32,13.54,9.37,40.96,14.52,25.4,24.84,30.88,9.99,11.83,15.79,17.27,23.71,2.89,11.94,6.56,10.02,4.13,30.23,33.26,30.45,28.21,22.4,11.7,6.35,32.71,29,2.24,12.81,21.16,29.66,30.77,21.73,13.39,18.83,20.88,17.78,23.07,15.64,17.22,20.67,33.18,40.5,21.35,15.5,30.31,13.12,26.63,17.32,34.72,29.01,26.42,11.37,22.25,19.63,18.53,30.55,14.14,18.92,29.93,45.54,27.42,30.35,38.81,9.36,17.31,19.58,9.12,18.48,9.15,24.71,37.09,10.91,29.35,27.7,24.12,22.32,16.23,21.2,21.8397478991597,Fibroblasts,proportionsInAdmixture
Endothelial_cells2,17.88,18.35,16.15,16.16,4.89,18.61,7.81,9.99,15.89,12.53,11.33,14.46,21.74,14.31,10.45,15.94,13.67,18.54,18.37,18.65,14.98,11.07,14.16,9.55,23.09,14.96,12.31,11.02,12.6,11.47,5.17,14.12,17.28,10.13,10.98,11,13.36,14.62,17.26,15.55,25.28,15.74,19.25,14,24.01,14.34,15.81,13.35,16.8,13.04,7.13,11.48,13.8,14.76,5.39,7.04,3.87,14.44,10.91,26.18,16.66,15.53,14.79,17.99,7.33,10.07,11.19,14.25,33.91,13.84,12.59,20.66,23.67,14.55,15.09,21.48,18.16,8.03,16.18,15.98,12.24,5.14,22.61,7.15,12.31,12.49,11.76,9.64,10.3,10.22,20.49,11.54,0.58,9.48,15.39,20.19,10.91,24.36,17.62,11.47,9.54,17.55,12.25,22.67,27.4,15.67,18.27,14.32,11.78,15.88,5.84,11.47,11.08,10.23,11.92,12.14,15.08,11.05,15.38,15.56,11.42,12.23,11.37,7.51,11.32,8,13.92,16.39,14.41,15.63,10.87,20.29,13.72,21.74,15.58,11.34,12.48,11.16,14.85,7.48,9.38,8.83,14.35,15.61,15.13,18.55,17.34,12.63,13.18,9.05,28.33,20.83,19.86,13.28,14.23,15.06,8.46,9.73,16.26,13.8,14.19,18.46,8.94,17.61,13.1,14.76,18.53,22.34,19.9,21.26,14.55,14.17,25.25,18.35,15.51,26.76,17.86,13.21,19.07,16.82,17.38,23.82,17.88,16.75,18.69,19.98,22.12,15.22,22.76,10.24,16.05,20.69,13.23,13.2,10.75,20.02,21.32,14.12,17.27,11.52,16.68,14.48,19,13.29,15.2,24.66,16.67,22.19,15.84,12.69,14.03,19.39,18.03,15.98,27.8,17.69,13.93,13.81,12.61,10,8.53,18.86,10.01,12.34,13.73,16.22,22.63,17.65,25.75,10.93,9.03,9,9.98,10.95,16.85,22.42,17.84,8.58,14.9347058823529,Endothelial_cells,proportionsInAdmixture
T_Cells2,0,0,0,0,0.82,1.21,0,7.18,0,3.74,0,1.59,0,11.72,0,0,8.16,1.44,0,0,0,2.99,1.42,7.57,0,4.3,3.71,0,0,0,8.53,4.76,0,4.7,2.44,3.19,0,0,0,0,0,0,2.59,2.4,0,0,0,0,0,10.68,0,0.2,2.73,0,10.79,0,7.89,1.61,2.97,0,0,1.66,0,0,0,0,0,0.76,2.96,0,2.95,0,7.88,0,3.63,0,0,0,0,0.85,0,0,0,2.3,6.36,0.7,2.46,11.07,1.26,2.58,1.78,0,9.07,0,2.48,2.53,0,0,0,6.75,0,1.42,4.86,0.44,0,0,8.68,6.03,0,1.82,0,1,6.6,3.63,6.56,0.47,0,3.37,0,8.41,0.05,0,3.21,11,0,12.92,0.3,0,1.94,0.07,7.28,0,1.57,6.26,0,4.95,0,3.85,3.37,0,5.2,1.2,0,0,0,0,0,0.6,2.99,1.86,0,4.28,0,0,1.66,0,7.6,5.98,4.58,1.72,0,0,2.92,0,2.75,0,2.93,0,0,0,0,0,0,0,4.28,0,0,6.35,0,3.55,0,0,0,0,0,1.22,0,0,0,0.53,0,1.69,0,0,0,1.27,0,0,1.97,12.43,0,0,0,0,4.29,0,7.09,0,0,1.04,5.07,0,1.49,0,0,0,1.37,4.73,3.68,0,4.89,0,3.72,0,0,0,0.18,3.55,0,8.26,0,4.46,4.42,0,3.73,0.46,3.68,1.51,1.88487394957983,T_Cells,proportionsInAdmixture
Macrophages2,7.59,9.29,10.57,9.54,18.02,3.41,6.64,4.28,3.95,2.46,8.39,8.18,5.41,1.87,10.91,9.23,2.34,2.66,4.59,6.52,10.49,6.35,5.09,9.95,3.2,7.4,8.86,5.94,1.8,6.36,2.44,4.99,5.2,6.95,6.53,5.04,12.8,10.28,7.12,6.04,3.94,9.1,2.3,8.41,2.92,10.63,14.05,12.2,5.86,2.69,17.68,6.73,1.85,7.6,6.85,11.36,10.56,3.47,6.41,5.01,10.43,6.48,7.98,5.23,13.68,11.45,2.59,4.39,0,17.6,6.27,4.85,0.95,9.34,2.21,7.18,5.96,7.32,6.09,5.63,1.68,0,1.81,17.29,4.21,7.62,7.79,3.03,8.55,5.9,1.48,6.58,8.35,14.55,6.31,2.39,7.65,8.23,2.78,5.71,13.75,6.84,0.73,5.47,3.99,5.23,0.82,3.19,10.09,4.22,24.78,4.28,2.55,9.5,7.14,7.44,9.63,3.48,9.29,4.26,5.14,18.65,8.13,3.12,10.85,3.17,7.66,8.42,0.45,6.42,3.41,5.09,6.26,0.46,7.28,1.3,5.17,5.63,5.01,10.87,7.21,4,9.44,8.11,10.15,7.61,9.05,5.41,1.93,5.35,7.62,3.7,9.27,4.42,12.72,8.96,6.6,3.53,4.57,6.03,13.57,7.73,5.07,9.18,6.03,4.91,0,4.27,5.49,5.27,10.5,1.14,6.58,6.87,8.46,5.04,8.96,4.55,3.31,5.01,12.29,5.01,6.83,12.75,4.75,4.3,4.18,8.44,3.56,6.55,7.41,4.43,17.84,9.94,8.13,7.92,5.79,11.67,6.35,3.57,6.22,1.47,6.33,10.23,4.07,6.62,1.29,4.54,3.37,1.06,3.39,7.37,4.68,5.97,4.93,9.29,8.64,1.93,4.57,6.96,5.28,5.46,5.66,9.3,12.03,6.25,6.08,1.62,6.44,3,5.49,8.97,9.31,6.83,6.25,2.47,6.62,13.12,6.5859243697479,Macrophages,proportionsInAdmixture
Natural_Killar_cells2,0,0,0,0,0,0,0,0,0,0,0,0,0,0,0,0,0,0,0,0,0,0,0,0,0,0,0,0,0,0,0,0,0,0,0,0,0,0,0,0,0,0,0,0,0,0,0,0,0,0,0,0,0,0,0,0,0,0,0,0,0,0,0,0,0,0,0,0,0,0,0,0,0,0,0,0,0,0,0,0,0,0,0,0,0,0,0,0,0,0,0,0,0,0,0,0,0,0,0,0,0,0,0,0,0,0,0,0,0,0,0,0,0,0,0,0,0,0,0,0,0,0,0,0,0,0,0,0,0,0,0,0,0,0,0,0,0,0,0,0,0,0,0,0,0,0,0,0,0,0,0,0,0,0,0,0,0,0,0,0,0,0,0,0,0,0,0,0,0,0,0,0,0,0,0,0,0,0,0,0,0,0,0,0,0,0,0,0,0,0,0,0,0,0,0,0,0,0,0,0,0,0,0,0,0,0,0,0,0,0,0,0,0,0,0,0,0,0,0,0,0,0,0,0,0,0,0,0,0,0,0,0,0,0,0,0,0,0,0,Natural_Killar_cells,proportionsInAdmixture
Myofibroblasts2,13.8,12.7,14.55,7.32,3.44,8.13,10.55,2.77,11.7,2.86,8,14.13,10.13,5.8,9.51,11.44,6.89,5.35,6.57,11.94,7.63,14.53,5.43,6.72,14.61,9.59,9.99,4.5,11.3,10.29,4.42,8.8,12.68,11.89,3.38,4.6,3.7,10.16,12.46,7.38,10.17,13.76,8.17,11.97,6.88,7.16,8.69,11.98,7.7,7.18,3.07,3.88,5.78,13.95,4.02,9.06,5.83,5.9,10.41,13.88,9.9,11.25,10.32,9.61,2.02,10.6,2.31,5.35,10.76,5.2,8.77,8.83,6.82,10.48,8.43,13.93,14.23,2.95,9.4,8.35,7.58,14.21,8.23,6.62,6.16,7.86,11.14,3.56,2.19,13.05,9.77,10.34,2.45,2.69,5.68,7.04,1.68,13.18,8.98,2.53,7.22,10.27,4.91,9.2,13.19,9.8,8.48,7.75,11.67,7.8,4.9,0.9,6.5,5.42,6.19,6.51,9.47,6.21,13.13,7.8,6.07,9.92,3.13,5.74,8.27,7.03,6.35,11.93,6.39,6.14,5.72,4.29,3.16,9.61,12.02,3.39,12.55,5.45,7.61,1.58,3.67,0,12.95,11.85,13.91,10.65,13.11,6.74,2.19,1.65,9.97,8.42,10.56,7.08,11.63,11.95,3.85,7.68,10.41,10.51,11.41,12.1,3.29,13.18,4.15,5.03,6.04,14.62,15.95,13.56,6.6,12.86,12.54,10.71,9.51,15.7,9.31,3.12,4.88,5.58,7.58,10.63,14.95,13.56,10.96,7.99,16,10.69,9.48,2.08,8.11,8.97,10.42,9.65,6.74,9.16,7.93,11.11,9.83,4.35,6.99,4.07,10.33,7.75,5.08,4.9,6.05,13.42,5.38,8.38,6.2,11.03,8.9,10.62,10.73,5.29,7.78,9.54,5.74,1.31,3.7,8.55,2.04,13.98,7.59,8.39,11.88,7.86,17.75,6.5,0.41,9.43,3.28,6.68,4.9,7.3,7.1,1.17,8.21978991596639,Myofibroblasts,proportionsInAdmixture
Leucocytes2,17.76,19.47,17.92,25.22,25.96,29.93,22.82,27.66,21.99,26.95,24.02,24.11,24.31,28.01,14.36,19.13,25.4,29.3,27.11,20.33,22.14,19.8,28.57,17.01,19.78,23.57,17.23,23.91,26.15,20.14,27.45,23.53,21.27,20.57,26.27,23.95,21.28,21.82,20.04,24.33,28.26,19.14,26.13,23.73,25.6,22.71,18.99,18.7,23.49,25,29.7,25.63,22.32,23.33,22.42,20.96,26.5,28.64,18.1,20.76,22.31,19.01,17.85,21.17,29.77,17.41,22.77,25.17,27.33,25.43,22.09,22.96,29.76,17.82,26.3,20.28,18.11,27.79,26.61,25.7,28.26,21.75,27.68,21.88,24.34,20.02,19.46,24.32,26.34,17.89,28.28,21.89,29.35,25.67,28.15,29.76,23.3,18.17,26.76,21.04,22.18,19.57,27.41,28.35,20.09,28.42,29.31,26.58,19.12,22.77,26.89,24.6,24.31,20.47,24.06,29.92,17.55,25.46,18.46,25.84,22.2,18.88,28.08,24.36,20.19,25.73,30.21,17.36,26.46,25.65,21.85,29.73,23.39,26.81,22.55,26.05,15.41,26.31,27.32,24.67,23.93,31.98,15.69,16.13,17.59,18.82,17.05,26.33,26.11,24.95,24.29,21.4,21.36,21.74,22.99,20.41,24.21,26.75,21.77,25.48,16.59,18.68,25.19,15.27,20.42,29.74,26.14,28.18,20.45,19.69,23.83,20.29,10.38,17.63,21.94,17.58,21.5,23.08,26.33,21.93,20.91,23.75,19.45,19.81,18.85,24.56,15.71,20.16,27.57,26.12,22.74,25.73,13.44,17.5,19.9,20.49,24.08,20.41,25.55,27.16,21.98,24.36,27.07,21.64,25.63,25.85,27.08,23.99,26.16,28.98,28.36,24.56,25.94,26.44,25.58,25.08,20.97,19.66,25.69,23.3,27.91,20.11,25.72,18.36,26.6,27.08,18.66,27.15,19.25,26.24,26.46,19.44,28.65,23.29,25.77,28.49,23.81,27.66,23.3272268907563,Leucocytes,proportionsInAdmixture
Plasma_cells2,0.81,0,2.28,3.29,2.99,2.74,1.38,3.51,0,1.14,2.47,3.9,1.06,2.66,1.39,0,2.79,0.13,0.47,0,3.18,3.29,1.5,4.75,0,3.76,2.78,1.01,1.64,0.29,5.85,3.44,0.79,2.79,2.22,1.63,0,0.38,0.03,0,3.52,1.96,3.04,3.45,3.08,5.26,0,0.44,0.87,2.78,9.28,2.1,9.68,3.93,7.21,2.67,7.51,1.3,1.32,0,2.52,1.47,2.14,1.2,2.85,0,2.82,1.2,0.42,0.61,3.85,0,4.74,1.82,3.53,2.04,1.58,2.26,0.69,2.84,1.2,0,1.71,1.71,2.05,0,1.76,4.98,5.36,3.5,2.64,0.76,9.51,1.84,2.53,1.61,1.11,0,0.33,2.5,4.58,1.66,2.18,3.2,0,2.79,5.29,3.16,1.23,0.64,3.86,0.57,3.32,0.53,3.78,4.43,0,4.72,0,3.49,1.28,0,1.27,7.22,2.06,6.08,4.43,1.09,5.35,1.17,3.03,8.16,2.13,4.94,1.15,2.53,0,4.46,1.03,10.5,1.34,4.25,0.24,2.6,2.28,3.96,0,3.29,1.17,1.88,0,1.58,1.12,0,1.34,1.91,6.12,1.3,1.39,2.64,0,0,1.34,0,0,1.83,2.63,1.28,1.38,0,3.11,0,0,0,3.81,0,1.32,0.91,0,2.51,0.3,2.06,1.88,0,0,0.28,1.36,0,1.92,2.27,1.99,0,0,0.02,4.08,0,1.66,0.94,2.25,3.89,0,0,0,6.38,2.13,1.01,1.92,0,1.96,1.36,9.63,1.29,2.12,3.11,0.65,1.35,1.98,0.75,2.12,0,3.82,0,0.98,1.04,0.83,1.04,1.04,2.34,1.81,2.54,7.54,1.72,3.65,2.78,2.94,3.24,4.63,7,2.15487394957983,Plasma_cells,proportionsInAdmixture
Mesenchymal.Stem.Cells2,13.84,13.07,6.84,1.38,15.77,3.16,0.72,1.85,1.64,0,5.61,11.02,5.36,4.69,15.78,14.02,2.11,0,0.86,17.58,14.59,18.42,0,24.49,3.31,0,26.06,12.77,0,19.36,0,8.19,12.37,20.5,0,6.35,0,17.81,12.12,4.83,0,14.1,4.93,16.28,6.41,12.47,4.66,8.55,0,3.4,0,0.09,6.99,6.16,18.11,15.17,4.13,0,23.69,9.19,13.21,22.67,16.95,16.3,7.27,15.3,0,0,3.91,9.93,11.49,0.69,1.26,19.34,1.2,12.66,15.09,0,3.59,8.27,1.24,0,0.13,20.91,7.14,13.93,18.1,3.67,4.99,17.68,1.07,8.14,0,3.42,0,0.28,6.88,8.82,3.97,9.98,5.57,18.37,4.08,2.47,0,8.37,0,3.43,21.39,10.44,2.98,6.86,2.2,11.55,8.52,4.9,9.8,9.34,14.52,6.05,2.66,5.09,1.32,7.2,15.87,4.97,1.06,21.04,3.05,2.03,3.63,0,0,0.17,13.82,0,22.61,4.54,2.68,3.33,5.2,0,19.62,16.47,12.61,18.16,18.7,0,0.13,0,0.99,10.01,14.61,0.05,9.3,9.21,7.56,2.59,12.24,10.38,15.15,17.2,0,13.81,12.65,5.1,0,3.6,10.49,12.31,7.12,0,25.54,18.94,16.52,12.24,21.82,3.93,0,1.52,3.58,1.25,15.11,14.14,2.4,0.44,21.91,15.72,0,9.7,2.45,4.11,17.4,17.4,15.72,11.97,3.38,11.4,5.73,5.84,0,1.74,3.1,10.54,0,9.37,2.68,5.24,0,0,0,12.48,1.38,5.98,3.35,0.19,17.06,18.12,2.18,0,3.45,5.03,0,20.34,10.93,8.1,17.01,6.41,8.15,3.91,2.72,19.92,2.87,8.6,6.1,3.55,4.8,9.53,7.7581512605042,Mesenchymal.Stem.Cells,proportionsInAdmixture
Smooth_muscle_cells2,0,0,0,0,0,0,12.92,2.01,8.98,0,0,0,0,0.75,0,0,2.83,0.59,0.76,0,0,0,1.1,1.32,5.53,0,0,0,11.76,0.1,1.67,0,0,0,1.9,0,0.63,0,0,0,0,0,0,0.57,0,0,0,0,0,0,0,1.08,0,0,0,0,0,2.31,0,0,0,0,0,0,0,0,0.05,0.48,0.81,0,0,0,0,0,0,0,0,0,0,0,2.07,23.53,0,0,0,0,0,0,0,0,1.59,4.11,0,0,0.9,2.09,0.23,0,1.56,0,0,0,0,0,0.46,0,0,0,0,0,0,0,1,0,0,0,0.72,0.84,0,0,0.13,0,0,0,0,0,0,0,0,0.11,0.71,0,1.17,0,0,1.08,3.61,0,0,0.3,0,0,0,0,0,0,0,3.31,0,2.14,0.89,0,0,0,0,0,0,3.37,0,0,0,0,0,0,0,0,0,0,0,0,0,14.41,0,0,0,0,0,1.83,0,1.18,0.03,0,0,0,0,0.41,0,0,0,0,0.02,0,0,0,0,0,0.11,0,0,0,0.03,0,0,0,2.33,0,0,0,0,3.23,0,0,3.05,0,0,0,0,0,0.73,1.61,2.82,0,0,0,0,0,0,0,0,0.96,0,0,0,0,0,0,1.4,0,0.622773109243697,Smooth_muscle_cells,proportionsInAdmixture
Neutrophil2,6.62,5.7,3.62,4.51,2.89,3.42,3.3,1.53,4.16,2.82,10,3.65,5.43,1.78,7.85,7.7,2.48,2.62,4.38,5.99,4.22,5.14,2.18,3.03,7.32,4.45,6.01,5.7,3.92,5.28,0.12,1.97,4.78,5.28,2.27,5.32,3.6,6.78,6.76,3.62,3.1,7.6,2.59,4.67,3.4,4.89,3.79,6.12,3.72,0.61,1.01,3.19,4.52,2.83,1.61,6.84,1.6,2.97,5.5,6.01,3.25,5.65,6.22,3.79,2.58,9.26,3.18,2.82,4.41,3.13,5.6,4.11,0.82,7.77,2.28,8.3,5.86,6.09,2.95,3.11,3.04,3.97,3.7,6.07,5.29,6.62,6.71,2.67,3.02,7,3.97,6,1.49,3.85,1.87,2.94,5.77,5.12,3.79,4.89,3.63,8.41,4.77,3.21,3.67,3.35,0.86,2.52,5.5,3.97,3.09,5.05,2.29,6.86,1,5.74,4.9,3.12,5.8,2.16,2.69,5.58,2.83,0,6.81,0.43,3.57,7.65,3.86,2.7,2.41,3.48,1.89,1.03,5.24,2.2,7.11,5.12,2.53,5.02,2.74,2.57,8.23,7.28,5.2,5.95,3.99,1.71,5,2.48,2.59,6.34,4.41,4.54,1.41,5.94,3.77,1.96,4.92,3.99,7.88,7.8,4.13,8.66,7.08,4.09,3.04,5.23,5.81,6.08,6.77,5.93,9.08,6.9,4.69,5.32,5.01,2.3,3.34,3.21,2.98,3.75,5.76,10.51,4.78,2.71,8.07,8.68,4.83,4.16,3.11,3.9,7.31,4.95,5.42,2.23,3.92,7.35,3.94,1.73,5.2,3.77,4.08,5.65,1.75,6.23,2.02,5.05,3.24,3.89,0.54,5.89,3.2,3.62,3.04,2.69,5.52,3.6,3.54,3.41,3.55,4.22,3.28,5.81,2.91,4.77,5.39,3.71,2.84,2.03,3.89,7.4,0.35,6.28,1.1,1.41,2.74,2.57,4.30008403361345,Neutrophil,proportionsInAdmixture
Mast_Cells2,3,2.4,1.13,2.52,2.95,1.83,2.03,1.3,1.99,1.51,4.58,1.72,1.24,1.42,3.4,2.79,2.36,1.3,1.39,2.81,1.92,3.53,1.62,3.23,2.72,1.83,3.7,3,1.79,2.63,0.87,0.87,1.99,4.42,1.8,1.78,0.76,2.88,3.79,1.58,2.23,3.62,1.81,3.17,1.62,3.57,1.62,3.09,1.55,1,2.13,1.24,0.65,1.66,2.11,4.02,1.6,1.53,3.49,2.26,1.26,3.5,3.69,2.1,0.41,2.45,1.45,0.94,0.96,0.43,3.3,1.17,0.34,3.85,1.28,3.11,2.72,2.19,0.89,2.16,1.54,1.91,1.16,3.79,2.29,3.41,3.43,1.75,1.71,4.45,2.76,3.75,1.64,0.62,1.03,1.26,1.47,1.36,1.65,3.04,2.28,4.06,1.71,1.37,1.15,1.69,0.95,1.6,3.15,1.6,2.37,1.26,1.78,3.66,1.18,2.2,1.87,2.69,2.21,1.88,1.47,2.19,1.7,0.65,4.27,1.75,1.48,4.45,1.17,1.24,2,2.64,1.64,0.32,3.17,1.78,4.56,1.8,1.78,2.01,1.37,0.84,4.21,3.12,2.81,3.92,1.33,1.29,2.15,1.87,0.9,1.53,3.56,1.98,0.36,2.97,2.89,1.75,3.68,3.31,4.72,3.56,2.11,3.63,2.28,2.23,1.76,2.5,2.86,2.67,3.78,2.14,4.88,3.68,4.43,2.6,3.91,1.9,1.55,1.54,1.29,1.48,3.02,3.14,1.55,1.28,3.66,3.68,1.81,1.92,1.48,1.87,3.23,2.33,3.06,1.01,1.68,4.53,2.46,1.41,2.37,2.15,1.46,3.64,1.5,1.53,1.31,2.33,1.58,2.78,1.98,4.08,1.34,2.07,0.44,1.29,3.4,1.85,2.25,1.51,1.77,1.92,1.97,3.38,0.68,1.72,3.42,1.83,2.32,2.71,0.92,4.17,0,2.12,0.96,0.82,2.32,1.89,2.2081512605042,Mast_Cells,proportionsInAdmixture
B_Cells2,3.41,3.7,4.4,6.54,5.55,6.86,5.67,8.27,6.18,8.08,4.59,3.93,6.64,7.45,4.09,4.2,8.49,8.04,7.42,4.93,6.5,5.46,7.86,6.02,6.11,3.2,4.62,6.34,6.33,6.64,6.75,6.79,5.68,6.63,7.67,7.56,5.39,4.55,4.49,7.67,4.52,3.32,7.02,5.77,7.36,2.52,3.8,2.1,7.13,8.31,1.17,7.46,9.57,5.48,6.99,5.13,5.35,7.07,7.16,4.52,6.16,5.9,5.04,5.86,6.87,3.19,4.75,7.19,7.32,5.29,5.25,6.06,8.39,4.27,7.05,3.84,4.68,5.4,6.89,8.08,7.95,4.83,7.36,3.49,5.77,4.89,5.45,9.61,7.55,5.57,7.2,5.51,5.21,7.21,7.39,8.01,5.73,4.39,7.64,8.15,2.46,5.4,7.24,7.66,6.65,7.46,7.31,8.36,5.3,8.12,0.7,8.4,8.48,5.59,7.15,5.74,4.92,8.22,4.16,8.18,7.37,2.01,8.78,7.04,3.78,7.14,5.84,3.03,7.66,7.51,7.53,6.69,6.47,9.53,6.22,6.87,6.36,4.68,7.98,7.55,8.49,8.38,2.53,4.42,3.26,3.69,6.13,7.33,7.23,7.44,7.88,9.01,5.23,6.83,6.77,4.63,9.64,7.85,5.67,6.79,2.95,5.1,6.04,4.13,6.13,7.45,8.04,8,5.85,3.38,6.46,5.37,2.85,4.97,4.28,4.75,6.19,8.58,8.25,6.7,5.45,5.86,3.42,2.99,5.3,7.83,4.76,4.6,6.9,6.76,5.89,6.88,3.73,6.18,5.32,8.14,7.06,2.82,7.43,7.42,7.35,7.46,7.27,5.38,7.7,6.71,7.26,5.92,7.74,7.57,4.38,2.56,7.63,6.57,4.95,6.57,5.2,7.09,6.97,6.36,6.85,5.51,7.83,6.09,7.4,6.86,4.58,9.4,6.53,8.22,6.44,4.57,8.14,4.76,7.28,7.52,8.82,5.77,6.16386554621849,B_Cells,proportionsInAdmixture
others2,0,0,0,0,0,0,0,0,0,0,0,0,0,0,0,0,0,0,0,0,0,0,0,0,0,0,0,0,0,0,0,0,0,0,0,0,0,0,0,0,0,0,0,0,0,0,0,0,0,0,0,0,0,0,0,0,0,0,0,0,0,0,0,0,0,0,0,0,0,0,0,0,0,0,0,0,0,0,0,0,0,0,0,0,0,0,0,0,0,0,0,0,0,0,0,0,0,0,0,0,0,0,0,0,0,0,0,0,0,0,0,0,0,0,0,0,0,0,0,0,0,0,0,0,0,0,0,0,0,0,0,0,0,0,0,0,0,0,0,0,0,0,0,0,0,0,0,0,0,0,0,0,0,0,0,0,0,0,0,0,0,0,0,0,0,0,0,0,0,0,0,0,0,0,0,0,0,0,0,0,0,0,0,0,0,0,0,0,0,0,0,0,0,0,0,0,0,0,0,0,0,0,0,0,0,0,0,0,0,0,0,0,0,0,0,0,0,0,0,0,0,0,0,0,0,0,0,0,0,0,0,0,0,0,0,0,0,0,0,others,proportionsInAdmixture
Fibroblasts3,9.89,10.13,10.13,18.94,12.63,21.13,13.85,25.71,8.29,33.76,14.39,10.45,12.46,18.44,11.36,11.77,13.47,23.96,17.04,7.58,10.65,7.1,23.57,2.79,8.14,22.18,5.68,22.27,15.29,10.67,26.89,10.98,9.81,7.24,26.69,22.98,22.82,7.92,12.94,20.84,15.95,8.4,14.27,6.69,15.1,13.56,16.66,16.39,18.63,15.57,25.01,21.84,18.09,13.71,8.79,13.13,17.96,23.48,6.99,6.17,12.02,6.11,11.97,12.36,21.26,10.56,39.02,20.38,9.81,13.11,15.94,18.78,16.96,9.1,28.09,9.81,9.22,31.99,20.21,17.53,18.28,14.76,15.96,9.57,16.61,15.64,9.82,26.67,22.06,9.44,18.88,9.41,29.42,25.9,21.19,12.45,18.47,7.26,20.57,16.06,22.19,7.7,26.57,12.48,9.46,14.46,18.52,23.59,8.3,13.13,17.69,28.73,20.35,18.56,15.98,23.22,14.94,16.08,11.33,15.77,15.81,16.59,29.02,19.46,14.84,13.26,20.74,9.11,28.62,18.27,17.74,17.68,25.29,8.37,11.84,31.17,8.8,23.84,23.22,24.3,28.49,36.09,8.28,10.51,12.48,9.09,8.86,22.75,34,35.32,7.21,12.33,8.61,26.87,12.11,13.6,20.57,22.54,9.91,11.08,10.11,9.01,35.61,10.32,21.92,18.27,17.47,13.39,9.6,12.38,9.23,20.35,4.51,9.44,9.29,9.38,5.69,20.18,26.2,18.22,16.68,15.28,8.87,8.88,18.36,12.9,5.23,10.76,16.44,25.9,20.42,15.11,7.53,13.34,15.8,9.36,17.62,11.98,13.97,22.5,15.52,33.1,20.4,12.76,27.29,14.07,26.12,10.74,16.75,17.89,23.6,8.35,11.42,18.1,15.41,19.64,12.81,10.62,25.92,39.07,27.07,9.47,28.75,6.66,15.56,20.09,6.91,13.04,5.31,23.23,27.65,9.35,23.23,18.9,18.64,20.59,14,20.96,16.4121008403361,Fibroblasts,DeconRNASeq
Endothelial_cells3,5.49,8.45,5.24,10.18,3.42,19.61,3.16,7.67,3.81,11.81,4.54,7.76,9.28,8.02,3.58,7.54,5.47,14.6,8.21,5.91,6.45,4.51,12.06,3.53,4.21,11.81,5,7.67,7.15,5.3,4.37,5.07,5.83,4.01,9.23,7.26,7.93,5.81,10.45,10.52,20.1,6.11,8.57,6.91,16.79,8.56,7.82,7.3,8.02,6.02,5.53,6.07,9.89,7.48,3.36,4.17,2.4,10.62,3.58,5.67,7.59,4.68,8.6,7.15,6.59,4.3,12.26,6.73,17.82,8.76,8,10.74,21.28,8.89,13.42,10.82,6.95,7.73,11.53,11.43,5.66,4.28,10.18,4.67,6.64,6.06,6.34,9.48,7.11,5.61,17.18,3.96,0.78,9.5,10.12,6.41,5.57,5.85,12.16,6.2,7.3,5.48,9.67,9.27,4.74,7.05,14.98,12.13,5.8,6.15,5.55,9,5.92,7.22,5.27,11.4,7.6,5.72,6.77,9.47,4.71,7.16,10.11,5.37,6.66,3.05,15.01,7.42,14.01,6.88,4.6,18.11,8.22,4.42,7.85,11.13,5.16,7.89,12.14,7.78,8.63,10.41,8.85,8.72,8.31,9.6,6.89,9.06,12.25,9.72,5.37,11.8,8.57,7.95,7.89,7.64,8.07,6.83,5.35,6.65,6.07,7.15,8.37,11.07,10.32,6.72,7.78,16.74,7.05,11.23,5.21,12.92,15.62,7.5,8.25,19.55,7.51,7.21,14.41,9.16,8.88,12.27,8.37,7.28,9.21,5.43,6.62,6.6,15.04,10,8.24,9.39,8.94,6.5,6,5.78,11.22,7.19,7.78,9.82,6.02,13.05,15.78,6.73,14.36,15.81,14.97,8.84,6.96,6.19,13.04,7.38,5.69,11.02,19.88,9.5,9.12,5.17,9.56,12.05,7.81,3.74,7.15,5.11,9.88,12.16,6.68,4.99,4.1,7.57,7.18,4.07,8.69,6.8,8.83,17.04,9.74,8.16,8.40281512605042,Endothelial_cells,DeconRNASeq
T_Cells3,0,0,0,0,0,0,0,0,0,0,0,0,0,0,0,0,0,0,0,0,0,0,0,0,0,0,0,0,0,0,0,0,0,0,0,0,0,0,0,0,0,0,0,0,0,0,0,0,0,0,0,0,0,0,0,0,0,0,0,0,0,0,0,0,0,0,0,0,0,0,0,0,0,0,0,0,0,0,0,0,0,0,0,0,0,0,0,0,0,0,0,0,0,0,0,0,0,0,0,0,0,0,0,0,0,0,0,0,0,0,0,0,0,0,0,0,0,0,0,0,0,0,0,0,0,0,0,0,0,0,0,0,0,0,0,0,0,0,0,0,0,0,0,0,0,0,0,0,0,0,0,0,0,0,0,0,0,0,0,0,0,0,0,0,0,0,0,0,0,0,0,0,0,0,0,0,0,0,0,0,0,0,0,0,0,0,0,0,0,0,0,0,0,0,0,0,0,0,0,0,0,0,0,0,0,0,0,0,0,0,0,0,0,0,0,0,0,0,0,0,0,0,0,0,0,0,0,0,0,0,0,0,0,0,0,0,0,0,0,T_Cells,DeconRNASeq
Macrophages3,0,0,0,2,7.78,0,0,0.34,0,0,0,0.33,0,0,0,0.39,0,0,0,0,0.8,0,1.1,0,0,2.49,0,0.18,0,0,0,0,0,0,2.1,0.4,2.26,0,0.25,0.15,0,0,0,0.63,0,2.23,1.84,2.45,0,0,9.19,0,0,0.19,0,3.21,3.19,0,0,0,0.82,0,0.76,0,6.33,0,0,0,0,6.25,0.65,0,0,1.5,0,0,0,1.89,0.68,0.55,0,0,0,6.59,0,0.29,0.8,0.43,2.67,0,0,0,5.47,8.38,0.65,0,0,0,0,0,5.61,0,0,0,0,0,0,0,0.71,0,14.03,0,0,3.33,0,3.3,0.67,0,0,0,0,5.84,3.57,0,2.93,0,3.11,0,0,0,0,0.49,0.86,0,0,0,0,0.08,0.4,6.1,2.66,0,0.83,0.58,1.54,0.35,0,0.31,0,2.04,0,0,0.04,0,2.41,1.05,3.39,0,0,0,1.54,0,1.12,0.85,0.84,0,0,0,0,0,0,0,0,0,1.09,0,0,0,0,0,2.05,0,0,1.46,0,0,0,0,0,1.81,0,0,6.55,0.32,1.41,0,0,2.24,0,0.41,0,0,2.06,1.59,0.86,0.62,0,0,0,0,0,0,0,0.51,0,1.44,1.95,0,0.16,2.66,1.82,0,0.47,0,4.78,0.72,0,0,0,0,0,0.32,3.34,0.36,0,0,0,7.82,0.872310924369748,Macrophages,DeconRNASeq
Natural_Killar_cells3,0,0,0,0,0,0,0,0,0,0,0,0,0,0,0,0,0,0,0,0,0,0,0,0,0,0,0,0,0,0,0,0,0,0,0,0,0,0,0,0,0,0,0,0,0,0,0,0,0,0,0,0,0,0,0,0,0,0,0,0,0,0,0,0,0,0,0,0,0,0,0,0,0,0,0,0,0,0,0,0,0,0,0,0,0,0,0,0,0,0,0,0,0,0,0,0,0,0,0,0,0,0,0,0,0,0,0,0,0,0,0,0,0,0,0,0,0,0,0,0,0,0,0,0,0,0,0,0,0,0,0,0,0,0,0,0,0,0,0,0,0,0,0,0,0,0,0,0,0,0,0,0,0,0,0,0,0,0,0,0,0,0,0,0,0,0,0,0,0,0,0,0,0,0,0,0,0,0,0,0,0,0,0,0,0,0,0,0,0,0,0,0,0,0,0,0,0,0,0,0,0,0,0,0,0,0,0,0,0,0,0,0,0,0,0,0,0,0,0,0,0,0,0,0,0,0,0,0,0,0,0,0,0,0,0,0,0,0,0,Natural_Killar_cells,DeconRNASeq
Myofibroblasts3,2.63,3.99,2.37,3.47,1.16,7.15,3.15,1.49,0.62,1.56,2.04,5.98,2.86,2.65,1.48,4.14,1.21,3.28,1.58,2.1,2.06,3.75,3.56,0,0.97,6.73,2.14,2.28,5.38,3.13,2.68,1.59,2.75,3.36,1.87,2.33,0.55,2.26,6.46,3.72,5.57,3.4,2.3,4.62,3.31,3.05,2.36,5.34,2.41,2,0.79,0.79,2.93,5.71,0.45,4.36,2.75,3.62,1.48,1.08,3.29,1.48,4.84,2.66,0.26,2.29,0,1.28,4.6,1.72,4.85,2.95,4.44,4.88,6.69,6.04,4.03,1.16,5.51,5.13,2.31,10.3,2.64,3.12,2.16,2.94,4.79,2.98,0.7,5.62,7.54,1.81,1.82,0.92,2.8,0.68,0,1.03,5.37,0.35,4.02,1.87,2.87,2.45,0.43,3.5,5.2,5.97,3.74,1.41,1.9,0,2.3,3.03,1.86,5.35,3.15,2.23,4.18,3.92,0.53,4.15,2.14,2.87,4.32,1.56,4.44,4.33,5.21,1.64,1.29,2.19,1.07,0,4.99,2.26,3.93,2.91,5.26,0.13,2.31,0,5.63,5.09,6.22,4.56,3.38,3.76,0.93,0.44,0,3.69,3.12,2.96,4.56,4.86,3.01,4.58,2.09,3.92,3.39,3.35,2.05,6.1,2.16,1.38,1.36,9.85,4.31,6.16,0.71,10.45,6.33,3.19,4.14,10.11,2.21,0.83,2.83,1.78,2.3,3.74,5.69,4.71,4.13,0.42,3.17,3.5,4.65,0.67,3.18,2.9,4.67,3.05,3.01,0.92,3.16,4.62,3.29,3.35,1.14,1.92,7.79,2.92,3.96,2.38,4.06,3.95,0.54,2.95,4.55,2.62,1.32,6.52,6.22,1.8,4.24,2.1,3.58,0,2.94,0,0.66,3.7,4.62,5.49,1.69,0.66,0.43,3.92,0,2.8,1.45,2.81,1,3.89,2.74,0.08,3.06617647058824,Myofibroblasts,DeconRNASeq
Leucocytes3,12.61,11.64,12.13,13.29,12.76,12.67,13.83,15.83,13.36,12.49,14.87,12.55,12.65,17.81,12.71,11.97,13.99,14.35,13.3,13.29,13.74,13,14.73,12.4,14.51,15.28,12.92,11.71,12.04,12,16.21,13.82,13.28,13.94,13.61,13.73,9.97,13.23,10.32,11.4,12.58,11.88,13.28,13.96,10.01,12.55,11.26,10.63,14.16,14.75,13.65,13.43,12.51,13.37,14.11,12.06,15.77,15.16,13.36,12.68,13.6,13.41,10.89,14.17,12.03,10.68,6.41,13.5,14.48,12.51,13.24,11.48,16.04,9.75,12.68,13.32,12.39,10.36,12.65,13.47,13.61,8.48,14.63,11.53,14.1,13.25,12.71,14.69,13.84,11.87,13.6,12.69,16.93,9.45,14.32,15.48,12.37,12.48,12.49,13.28,8.58,13.83,13.47,14.66,15.04,15.64,16.13,14.01,11.68,13.39,8.1,12.02,13.94,11.89,16.06,14.82,10.77,14.15,11.86,15.21,11.9,9.95,13.78,14.97,12.33,15.81,10.32,11.92,11.92,14.13,14.4,14.92,13.97,13.87,13.89,14.92,11.87,14.43,13.26,9.6,12.26,12.14,7.93,10.46,10.96,12.08,11.82,13.62,11.81,11.85,14.06,13.47,12.87,11.53,12.25,12.75,14.11,14.06,14.27,14.06,11.93,13.26,11.89,8.09,11.06,16.16,14.76,14.12,14.04,11.71,13.54,6.36,7.57,12.31,13.97,8.49,12.81,14.22,13.23,12.52,11.47,12.5,11.28,12.59,11.43,14.41,12.26,13.22,12.12,10.07,13.71,13.86,7.04,11.19,12.68,13.62,13.26,12.46,15.26,17.61,13.53,7.96,13.53,13.68,13.21,13.43,13.58,13.85,13.41,14,16.96,13.81,14.54,13.51,11.84,13.81,11.98,13.54,13.69,7.62,13.85,13.52,13.46,12.18,13.15,13.03,12.93,16.08,13.55,15.88,11.25,13.69,13.24,12.44,14.2,13.62,13.72,12.8,12.9154621848739,Leucocytes,DeconRNASeq
Plasma_cells3,7.93,6.83,8.3,6.55,6.66,4.29,7.35,6.88,8.24,4.36,7.69,8.24,7.18,6.86,8.01,6.2,8.28,4.26,6.6,7.63,7.83,8.45,5.04,9.88,8.28,6.18,8.3,4.71,6.05,6.89,8.28,8.96,7.94,8.13,5.72,5.64,5.91,7.83,4.85,5.36,5.43,7.79,7.76,7.59,6.24,7.05,6.09,5.61,6.7,8.23,8.21,7.32,9.29,7.86,9.79,6.34,9.26,5.21,8.39,8.8,7.39,8.56,6.23,7.08,6.01,7.25,4.58,7.09,5.96,5.91,6.79,6.27,6.51,6.08,5.31,6.69,7.58,5.03,5.31,5.97,7.21,2.66,6.9,5.94,7.49,6.21,6.98,7.16,7.33,7.45,4.6,7.98,10.43,4.66,6.6,7.78,6.99,8.54,4.81,7.22,6.14,7.92,5.16,7.75,8.21,7.34,7.16,5.94,7.07,7.61,6.06,4.76,7.48,4.94,8,5.45,5.61,7.71,6.8,7.3,7.88,5.42,4.58,9.31,5.71,9.51,6.33,6.53,6.31,7.21,7.89,7.85,6.17,9.68,6.57,5.08,5.92,7.06,4.99,9.1,4.83,6.54,5.68,6.86,6.44,6.97,7.2,6.51,4.26,4.59,8.84,6.52,7.22,4.67,7.02,6.8,7.51,5.96,7.93,7.51,6.67,6.91,4.8,4.28,4.02,6.96,7.25,4.78,7.4,4.86,8.6,0,3.86,6.56,7.44,3.57,7.65,6.85,3.85,7.41,6.23,6.78,6.86,6,5.84,8.23,7.99,6.27,5.76,4.48,6.64,6.38,4.18,6.41,6.91,8.3,6.49,6.34,7.41,6.88,7.14,2.83,3.59,8,5,5.36,4.56,6.79,7.56,6.81,9.2,7.63,8.29,6.13,5.28,6.49,5.65,7.5,5.64,1.51,5.87,8.63,5.67,7.95,5.16,4.35,8.13,7.88,9.63,6.01,8.4,7.57,6.98,6.85,7.01,5.73,7.81,7.38,6.66180672268908,Plasma_cells,DeconRNASeq
Mesenchymal.Stem.Cells3,4.24,6.82,3.52,0,11.96,3.75,0.81,0,2.32,0.37,0.8,6.77,2.34,0,5.37,6.47,0.93,0,0.06,6.4,6.02,8.27,0,9.81,0.53,0,10.58,7.89,0,9.65,0,4.28,4.9,8.28,0,3.31,0.24,7.66,7.73,4.02,0,6.21,2.22,8.37,5.02,7.28,2.94,4.89,0,1.56,0,0,5.02,3.54,10.39,9.56,2.86,0,8.31,3.92,5.23,7.42,10.44,5.49,8.29,7.43,0,0,0.23,6.97,6.45,1.02,0,12.74,0,4.85,6.53,2.26,3.29,4.8,1.1,0,0,13.87,3.62,6.32,10.03,2.75,3.41,10.35,0,4.56,0,5.71,0,0,4.67,3.94,2.06,5.45,6.03,5.47,2.73,0,0,1.96,0,1.19,10.89,3.87,7.14,5.72,0.12,8.41,2.34,1.91,5.99,4.03,6.82,1.97,3.24,4.11,0.18,5.45,8.68,2,5.69,9.27,2.81,0.16,1.11,0,0,1.38,6.14,0,9.54,1.5,2.01,5.39,5.15,1.04,14.31,10.27,7.39,9.19,7.98,0,0.36,0,1.59,4.84,6.62,0,6.18,4.59,5.96,1.12,4.04,5.44,6.53,6.34,1.28,10.32,9.92,0.11,0,0,3.11,6.35,3.64,0.3,16.93,8.13,7.77,9.69,9.64,1.56,0,1.68,2.43,0.34,8.04,5.17,2.24,0.01,7.43,6.43,0,11.68,0.09,1.24,14.43,8.21,8.75,4,0.13,5.92,1.06,2.89,0,4.16,1.78,4.55,0,4.04,1.46,2.42,0,0,0,5.4,0.63,2.86,3.08,0,11.22,7.56,0.26,0,2.66,2.52,0,9.54,7.74,3.57,6.2,0,3.33,0.36,3.31,8.59,4.19,5.61,1.39,1.28,1.62,9.58,4.05668067226891,Mesenchymal.Stem.Cells,DeconRNASeq
Smooth_muscle_cells3,9.78,8.44,11.36,6.69,6.36,4.36,15.79,8.58,14.71,5.03,8.79,5.75,8.89,8.57,10.27,7.79,11.9,6.79,10.15,9.96,9.47,8.7,7.56,12.85,13.52,2.24,9.3,6.57,15.86,10.03,8.85,10.19,9.95,8.81,8.34,7.19,9.63,8.88,6.97,7.27,4.98,9.11,9.78,9.72,7.35,7.23,7.83,6.38,8.47,10.16,5.76,9.97,5.96,6.96,9.52,7.63,7.64,8.45,9.8,11.28,7.94,10.26,5.53,8.82,6.22,10.3,6.69,9.92,8.92,7.99,5.38,6.88,4.2,5.12,5.23,5.04,8.14,5.3,5.71,5.85,10.78,29.3,8.36,4.56,7.45,6.84,6.48,5.31,6.95,6.84,6.73,12.79,5.41,5,8.51,11.73,9.61,11.65,8.17,8.91,5.93,9.66,4.86,9.88,12.44,8.47,5.26,5.19,8.13,10.57,5.28,4.66,9.68,4.82,8.94,2.46,10.03,9.47,8.09,7.88,11.31,6,5.48,6.93,5.39,9.57,4.74,6.62,2.79,9.77,10.45,4.9,8.68,12.64,6.14,6.49,11.4,4.49,5.12,5.99,5.49,3.26,5.86,5.19,5.9,7,9.58,9.93,5.14,7.8,12.99,5.84,8.48,7.47,6.92,6.76,5.02,10.07,9.06,8.8,8.14,7.17,3.18,5.79,3.93,8.2,9.19,5.15,8.94,7.07,11.11,20.34,4.34,7.81,6.03,4.43,8.77,9.95,6.01,9.75,9.56,8.29,8.56,7.94,7.62,11.87,9.73,7.67,6.43,4.9,8.78,8.01,7.7,7.89,6.39,11.23,8.56,6.65,8.87,5.35,10.87,5.16,3.6,7.33,7.49,6.67,5.23,8.94,10.62,11.19,4.6,8.47,12.19,5.84,3.76,8.35,5.12,9.21,7.24,7.46,8.24,12.06,7.58,8.65,4.91,6,9.42,10.15,12.32,7.83,6.92,8.02,6.31,7.36,7.47,3.96,9.57,3.78,7.97180672268908,Smooth_muscle_cells,DeconRNASeq
Neutrophil3,15.11,14.3,14.52,12.58,11.24,9.23,12.65,9.89,14.96,9.71,15.81,13.5,14.36,10.97,15.3,14.71,13.73,9.81,13.59,14.68,13.41,14.32,9.47,15.31,15.26,11.59,14.74,12.57,12.06,13.45,8.93,13.88,14.06,14.24,9.81,12.12,13.38,15.13,13.44,11.9,11.58,15.38,12.91,13.08,11.48,12.65,13.8,13.66,13.16,12.5,9.29,13,12.21,12.62,13.17,13.34,11.22,10.3,14.87,15.5,12.96,14.97,13.39,12.95,10.89,16.19,10.99,12.9,12.23,11.94,12.93,13.62,8.58,14.54,8.56,14.84,14.27,13.42,11.15,10.86,12.69,10.43,12.78,13.62,13.96,13.84,13.9,9.4,10.81,14.13,9.78,14.59,8.79,11.07,10.86,14,14.06,15.41,10.97,13.26,11.36,15.32,11.64,13.45,14.85,12.75,9.28,9.61,14.04,13.94,12.13,12.37,12.21,13.07,11.92,11.91,13.44,12.42,14.3,11.54,13.55,13.82,9.68,10.2,13.19,12.86,11.06,14.71,9.57,12.85,12.75,10.76,10.26,15.22,13.41,8.41,13.88,13.09,10.27,11.63,9.76,10.72,15.47,14.51,13.29,13.32,13.85,10.36,11.3,9.04,15.17,14.02,13.69,12.61,12.36,13.55,10.16,10.37,14.37,13,15.05,15.13,11.04,15.62,13.54,13.25,12.71,12.03,14.01,13.1,15.38,11.2,14.8,14.43,13,11.85,14.27,11.85,10.38,12.66,12.51,13.13,13.76,16.05,13.28,14.53,15.21,15.22,12.92,10.88,12.37,13.4,14.19,13.9,12.5,14.34,12.67,14.24,13.28,9.15,14.6,10.43,10.56,13.51,8.23,13.14,8.92,13.62,13.83,12.87,7.77,14.61,13.8,11.39,11.45,11.81,12.47,13.34,10.91,10.84,9.84,15.16,11.47,14.81,10.77,11.65,15,14.37,15.76,10.11,12.26,14.8,9.65,13.84,12.17,9.91,12.42,9.39,12.6635294117647,Neutrophil,DeconRNASeq
Mast_Cells3,12.89,11.87,12.96,10.07,10.57,6.72,11.44,8.61,13.69,7.88,12.39,11.42,11.85,9.36,12.85,11.43,12.51,8.16,11.46,12.96,11.43,12.98,8.46,14.25,13.42,8.28,12.84,9.5,10.14,11.6,8.47,12.56,12.33,12.93,8.54,9.03,10.85,12.63,10.81,9.71,8.97,13,11.45,11.52,9.5,10.89,11.75,11.19,11.07,11.44,8.96,10.7,8.65,11.07,12.3,10.94,10.4,8.17,13.41,13.94,10.94,13.46,11.05,11.16,8.31,12.64,8.46,10.97,9.57,9.42,10.37,11.17,6.72,11.37,6.95,11.06,12.34,8.79,8.91,9.19,11.2,8.39,10.78,11.09,11.28,11.39,11.31,7.6,9.31,12.03,8.11,13.14,8.25,7.1,9.39,12.01,11.07,13.6,8.83,11.52,9.54,12.94,8.39,11.48,13.03,10.76,8.03,7.94,12.05,11.75,10.4,8.33,10.69,10.05,10.75,7.35,11.08,11.16,11.88,10.29,12.35,10.99,7.64,9.8,10.64,12.36,8.05,12.16,6.47,11.11,11.63,8.54,9.44,13.85,11.25,7.36,12.04,9.22,8.77,7.79,7.46,7.3,12.17,11.42,11.19,11.44,11.91,9.06,7.7,7.49,13.8,10.3,12.34,9.99,10.76,11.31,8.42,9.26,13.12,11.86,12.6,12.58,8.4,11.7,8.61,11.1,11.06,8.59,12.11,10.65,13.36,7.42,11.39,12.17,11.86,9.25,12.73,10.52,8.22,10.89,10.85,10.75,11.74,11.76,11.09,12.8,13.11,12.07,10.12,7.89,10.32,11.6,10.89,11.47,10.42,12.82,10.29,11.95,11.29,7.82,12.5,8.55,7.67,11.45,7.16,9.11,7.34,12.01,12.21,11.36,7.75,13.07,12.35,9.34,8.77,10.15,10.18,12.13,8.76,7.7,7.43,13.86,9.66,12.88,8.51,8.23,13.54,12,14.49,9.49,8.91,12.5,8.29,10.3,10.75,8.3,11.09,7.8,10.558487394958,Mast_Cells,DeconRNASeq
B_Cells3,19.43,17.54,19.47,16.23,15.47,11.08,17.97,15,20,13.01,18.69,17.24,18.13,17.3,19.06,17.58,18.53,14.8,18,19.49,18.14,18.92,14.47,19.17,21.17,13.23,18.5,14.66,16.02,17.28,15.33,18.67,19.16,19.07,14.09,16.02,16.47,18.65,15.77,15.11,14.85,18.72,17.47,16.92,15.2,14.94,17.64,16.16,17.37,17.79,13.6,16.88,15.47,17.49,18.13,15.28,16.55,14.99,19.8,20.96,18.21,19.66,16.28,18.17,13.82,18.35,11.6,17.23,16.39,15.42,15.4,17.08,15.27,16.03,13.09,17.53,18.55,12.06,15.04,15.23,17.18,11.42,17.77,15.44,16.69,17.23,16.84,13.53,15.82,16.66,13.58,19.08,12.71,12.3,15.57,19.45,17.18,20.23,14.55,17.76,13.3,19.8,14.66,18.6,21.8,18.06,15.43,14.44,17.59,18.16,11.73,14.41,17.32,14.68,18.88,12.83,16.72,17.03,17.98,16.66,18.73,15.97,13.82,15.63,15.31,20.01,10.54,17.94,12.28,17.96,18.13,14.56,16.04,20.56,17.93,13.19,17.46,15.49,14.56,12.18,12.97,12.5,14.99,16.39,16.28,16.41,18.53,14.64,12.26,11.71,20.97,17.19,18.45,15.94,17.52,17.08,13.77,15.22,19.84,17.68,17.98,19.1,12.25,15.88,13.67,17.84,18.42,15.33,19.44,16.49,19.21,10.65,14.65,18.44,17.15,13.68,18.73,16.82,14.87,15.93,17.04,16.92,16.83,18.16,16.8,19.41,19.26,18.24,16.51,11.71,16.26,18.11,13.88,17.71,16.13,19.63,16.61,16.41,17.79,14.21,18.67,12.83,13.25,17.48,12.44,15.38,13.75,18.84,18.12,16.74,12.53,18.67,19.77,14.79,14.32,17.01,15.26,18.84,14.27,11.09,12.46,21.05,15.13,18.51,14.93,14.71,19.5,20.83,21.08,15.61,14.12,18.28,14.62,14.73,18.54,15.69,17.29,12.24,16.4191596638655,B_Cells,DeconRNASeq
others3,0,0,0,0,0,0,0,0,0,0,0,0,0,0,0,0,0,0,0,0,0,0,0,0,0,0,0,0,0,0,0,0,0,0,0,0,0,0,0,0,0,0,0,0,0,0,0,0,0,0,0,0,0,0,0,0,0,0,0,0,0,0,0,0,0,0,0,0,0,0,0,0,0,0,0,0,0,0,0,0,0,0,0,0,0,0,0,0,0,0,0,0,0,0,0,0,0,0,0,0,0,0,0,0,0,0,0,0,0,0,0,0,0,0,0,0,0,0,0,0,0,0,0,0,0,0,0,0,0,0,0,0,0,0,0,0,0,0,0,0,0,0,0,0,0,0,0,0,0,0,0,0,0,0,0,0,0,0,0,0,0,0,0,0,0,0,0,0,0,0,0,0,0,0,0,0,0,0,0,0,0,0,0,0,0,0,0,0,0,0,0,0,0,0,0,0,0,0,0,0,0,0,0,0,0,0,0,0,0,0,0,0,0,0,0,0,0,0,0,0,0,0,0,0,0,0,0,0,0,0,0,0,0,0,0,0,0,0,0,others,DeconRNASeq
