,X11DXY,X11DXZ,X11EQ9,X11GSP,X11NUK,X11NV4,X11OF3,X11TT1,X11TUW,X11WQC,X11ZTS,X11ZUS,X11ZVC,X1212Z,X12696,X1269C,X12WSD,X12WSG,X12WSL,X12WSM,X12ZZZ,X13112,X13113,X131XE,X131XH,X131YS,X132AR,X132NY,X1399R,X1399T,X139TS,X139YR,X13FLV,X13FTW,X13N11,X13N2G,X13NYB,X13O1R,X13O3O,X13OW6,X13PVQ,X13PVR,X13SLX,X13VXU,X13X6J,X144GL,X144GM,X145LU,X145MO,X146FH,X14753,X147F4,X147GR,X14AS3,X14BIL,X14DAQ,X14E1K,X14E7W,X14JG1,X14PJO,X15DYW,X15ER7,X15RJE,X15SHU,X17EVP,X17F96,X17HGU,X17HHE,X17HII,X17MF6,X18465,X18A66,X18A6Q,X18A7A,X18D9B,X1A32A,X1A8FM,X1A8G7,X1AMFI,X1AX8Z,X1AX9I,X1B8L1,X1B8SG,X1B932,X1B933,X1B996,X1BAJH,X1C6VQ,X1CAMQ,X1CB4F,X1CB4J,X1E2YA,X1EH9U,X1EKGG,X1EN7A,X1EWIQ,X1F75A,X1GF9V,X1GF9W,X1GF9X,X1GN1U,X1GN2E,X1GN73,X1GZ4I,X1H11D,X1HB9E,cell_type_mean,cell_type,method
Monocyte.Macrophage,0,0,0,0,0,0,0,0,0,0,0,41766.23,0,0,0,0,0,0,0,0,409907.84,0,0,0,0,0,0,0,0,0,0,0,0,0,142450.11,0,0,0,0,0,0,0,0,0,315205.88,650.04,0,0,0,0,0,0,0,0,0,0,0,0,0,25151.3,0,0,0,0,0,0,0,0,0,0,0,0,0,0,0,0,0,0,0,0,0,0,0,0,0,0,0,0,0,0,0,0,0,0,0,0,125411.9,0,0,0,0,0,0,0,0,0,10005.1254716981,Monocyte.Macrophage,nnls
Monocyte,0,0,0,0,0,0,0,0,0,0,0,0,0,0,0,0,0,0,0,0,0,0,0,0,0,0,0,0,0,0,0,0,0,0,0,0,0,0,0,0,0,0,0,0,0,0,0,0,0,0,0,0,0,0,0,0,0,0,0,0,0,0,0,0,0,0,0,0,0,0,0,0,0,0,0,0,0,0,0,0,0,0,0,0,0,0,0,0,0,0,0,0,0,0,0,0,0,0,0,0,0,0,0,0,0,0,0,Monocyte,nnls
Endothelial,0,0,0,0,0,0,0,0,0,0,0,0,0,0,0,0,0,0,0,0,0,0,0,0,0,0,0,0,0,0,0,0,0,0,0,0,0,0,0,0,0,0,0,0,0,0,0,0,0,0,0,0,0,0,0,0,0,0,0,0,0,0,0,0,0,0,0,0,0,0,0,0,0,0,0,0,0,0,0,0,0,0,0,0,0,0,0,0,0,0,0,0,0,0,0,0,0,0,0,0,0,0,0,0,0,0,0,Endothelial,nnls
Dendritic.cell,0,0,0,0,0,0,0,0,0,0,0,0,0,0,0,0,0,0,0,0,0,0,0,0,0,0,0,0,0,0,0,0,0,0,0,0,0,0,0,0,0,0,0,0,0,0,0,0,0,0,0,0,0,0,0,0,0,0,0,0,0,0,0,0,0,0,0,0,0,0,0,0,0,0,0,0,0,0,0,0,0,0,0,0,0,0,0,0,0,0,0,0,0,0,0,0,0,0,0,0,0,0,0,0,0,0,0,Dendritic.cell,nnls
Proliferating.NK.cell,0,0,0,0,0,0,0,0,0,0,0,0,0,0,0,0,0,0,0,0,0,0,0,0,0,0,0,0,0,0,0,0,0,0,0,0,0,0,0,0,0,0,0,0,0,0,0,0,0,0,0,0,0,0,0,0,0,0,0,0,0,0,0,0,0,0,0,0,0,0,0,0,0,0,0,0,0,0,0,0,0,0,0,0,0,0,0,0,0,0,0,0,0,0,0,0,0,0,0,0,0,0,0,0,0,0,0,Proliferating.NK.cell,nnls
NK.cell,32116,0,0,186724.96,167442.58,152794.84,27497.98,0,143608.71,35104.49,283824.18,320070.7,172134.33,0,0,202367.97,0,0,0,200881.64,631228.27,190813.74,63761.28,0,200968.14,97964.04,0,0,0,0,0,0,0,0,243173.38,173442.53,85694.89,0,299540.11,0,0,0,0,85302.9,594835.96,280886.33,0,216696.44,106054.74,0,0,39916.34,223301.65,0,0,0,0,0,0,387926.09,0,187956.11,116204.04,161982.1,98204.93,0,201620.44,0,0,0,155864.56,0,0,0,0,0,244626.77,59743.45,0,0,338300.52,0,0,0,130013.03,0,0,0,301152.3,0,289048.88,53922.7,0,179651.37,18755.57,154068.79,558156.37,175733.03,0,0,0,0,0,0,0,0,87463.0204716981,NK.cell,nnls
Stellate.Fibroblast,0,0,0,107367.24,32056.66,76447.66,8866.46,0,49793.6,5331.98,175313.18,141119.46,63992.57,0,0,87408.37,0,0,0,102456.08,241859.31,89223.06,0,0,83599.02,40639.63,0,0,0,0,0,0,0,0,219663.68,63255.93,65161.83,0,134299.68,0,0,0,0,21915.23,246280.55,141282.11,0,127597.99,0,0,0,10991.11,156124.62,0,0,0,0,0,0,253351.08,0,45888.26,12633.82,77912.86,22451.45,0,72316.7,0,0,0,53830.6,0,0,0,0,0,152088.19,24385.38,0,0,187368.14,0,0,0,85938.25,0,0,0,110435.01,0,55799.98,0,0,44450.19,0,75971.15,205223.15,99958.87,0,0,0,0,0,0,0,0,38415.5668867925,Stellate.Fibroblast,nnls
Hepatocyte,168442.58,320306.63,462988.49,0,171710.62,59532.98,137918.6,175260.37,100961.19,231775.78,66065.33,0,89176.93,323357.67,163307.49,82889.52,302359.34,357275.32,267096.54,0,0,0,220572.35,186062.18,0,73280.94,141468.33,862557.5,1011588.91,377597.08,447643.69,392676.06,632389.76,437388.98,50266.44,10705.09,37583.3,151486.78,0,305765.18,210528.92,291411.15,362407.43,47914.26,0,0,454888.68,0,238322.15,407260.7,449162.57,161796.53,0,396530.9,251105.27,312611.85,420517.57,457923.14,409118.73,0,190516.09,19110.77,160201.24,0,90375.4,236143.7,0,502876.46,389015.57,569315,63000.25,748624.92,413528.28,458563.33,449059.72,354125.99,75779.04,129284.06,400588.15,521891.12,0,220919.25,278505.49,416910.07,11058.28,242831.26,579960.05,224345.92,0,466554.61,167432.03,169267.57,243936.12,76286.62,210414.95,27016.77,0,0,301073.38,291879.32,326216.78,264597.74,171466.49,604069.3,562642.84,346443.64,242139.484622642,Hepatocyte,nnls
Macrophage,0,0,0,0,0,0,0,0,0,0,0,0,0,0,0,0,0,0,0,0,0,0,0,0,0,0,0,0,0,0,0,0,0,0,0,0,0,0,0,0,0,0,0,0,0,0,0,0,0,0,0,0,0,0,0,0,0,0,0,0,0,0,0,0,0,0,0,0,0,0,0,0,0,0,0,0,0,0,0,0,0,0,0,0,0,0,0,0,0,0,0,0,0,0,0,0,0,0,0,0,0,0,0,0,0,0,0,Macrophage,nnls
BECS,0,0,0,0,0,0,0,0,0,0,0,0,0,0,0,0,0,0,0,0,0,0,0,0,0,0,0,0,0,0,0,0,0,0,0,0,0,0,0,0,0,0,0,0,0,0,0,0,0,0,0,0,0,0,0,0,0,0,0,0,0,0,0,0,0,0,0,0,0,0,0,0,0,0,0,0,0,0,0,0,0,0,0,0,0,0,0,0,0,0,0,0,0,0,0,0,0,0,0,0,0,0,0,0,0,0,0,BECS,nnls
T.cell,0,564460.81,808676.21,0,0,0,0,736065.98,0,0,0,0,0,314468.26,112867.23,0,215234.56,638374.6,374868,0,0,0,0,355630.24,0,0,417938.44,1323296.97,1979552.46,574016.07,251012.67,662670.78,947562.01,809390.26,0,0,0,223195.56,0,301062.17,159727.63,598774.4,572768.31,0,0,0,1063906.23,0,0,887099.85,514616.56,0,0,810837.62,76426.35,240945.95,781903.77,838471.95,516966.56,0,42672.8,0,0,0,0,56994.23,0,684967.57,228489.18,375393.15,0,1096840.1,93963.17,1003501.28,855882.51,125774.08,0,0,721072.76,1113243.74,0,77497.58,501671.64,529658.56,0,217354.76,1238254.63,250083.83,0,654867.37,0,0,331310.29,0,0,0,0,0,326578.63,547066.1,249628.02,282986.28,76174.97,1063099.64,993338.01,101720.58,306725.225660377,T.cell,nnls
Neutrophil,3369177.46,1788981.02,2732959.69,3627929.97,4582402.56,4513349.19,2615340.68,1538779.97,2896590.12,2908695.35,6135032.82,4258624.45,3992344.49,1959353.42,2506629.03,3659688.99,2517179.21,1875839.28,2883407.29,4112077.68,7520604.02,3555263.27,2540161.96,1993616.36,4098524.89,3025893.19,2072753.57,3816645.38,2650372.42,2228233.31,2708585.06,2769152.44,4328330.8,2742902.22,3380054.26,3407105.3,3330819.49,2823997.55,3898935.13,2367863.66,2766361.5,1651557.88,748207.79,3081392.04,7007042.57,4416547.17,2420075.62,3570083.14,5280415.9,2271028.45,3821527.88,2175960.94,3520074.37,1487952.45,2408202.63,1670123.23,1673180.21,2831495.5,2968038.45,4614683.38,2111892.8,4328723.88,3099507.36,2849918.57,3002047.54,1950502.13,4341371.88,637076.18,3641429.94,2581920.18,3919915.33,3649925.49,2806197.41,1515118.64,3162024.99,2313940,5701963.88,2788176.92,1674007.18,3167040.51,4508632.71,2613689.66,2257639.93,1654424.39,2435204.64,2997468.16,2839923.38,1823358.03,5657768.06,997187.88,6106808.91,3073839.84,3047211.26,3997742.3,2431001.33,3586118.56,7064902.06,4579228.5,2736191.51,2955954.51,2265730.68,2951841.24,5183909.26,3115284.82,2170337.63,3223676.12,3166376.64367925,Neutrophil,nnls
Plasma,1478607.72,385017.36,464820.32,1275679.75,1859694.76,1675996.12,1011584.73,259437.8,1164402.83,1137390.89,2261948.46,1403215.74,1434409.45,617411.38,997739.21,1265058.12,1028511.48,325843.5,736249.2,1559839.39,1537439.47,1298099.61,966758.99,540448.04,1404016.58,1213444.73,641241.35,398477.06,0,713789.76,843558.92,485655.63,1337405.98,503553.98,1261984.8,1219780.77,1279452.55,998292.73,1264125.05,875661.94,978003.66,103060.03,0,1232229.69,1748523.34,1301118.02,32649.49,1191122.14,1682000.45,276330.51,1017565.82,918770.8,1145078.39,265535.53,968192.22,513086.03,6971.62,928335.97,1161259.39,1237237.61,937081.14,1754366.75,1042028.09,1032323.71,1155265.44,769470.14,1508121.13,0,1324232.53,501451.42,1463435.45,207322.8,1271551.99,215334.36,607133.66,866826.69,1983916.17,1035302.72,72378.32,325668.51,1415195.15,1197170.49,590238.9,82528.09,924255.31,1225531.97,586317.46,590772.58,1984213.66,0,2442919.2,1058281.67,1121664.27,1555617.34,979189.65,1380847.63,2008269.14,1695023.17,782423,887866.08,821652.68,1164026.68,2156749.82,469402.52,284903.5,1034742.67,984397.457641509,Plasma,nnls
Sorted.Myeloid,0,0,0,0,0,0,0,0,0,0,0,0,0,0,0,0,0,0,0,0,0,0,0,0,0,0,0,0,0,0,0,0,0,0,0,0,0,0,0,0,0,0,0,0,0,0,0,0,0,0,0,0,0,0,0,0,0,0,0,0,0,0,0,0,0,0,0,0,0,0,0,0,0,0,0,0,0,0,0,0,0,0,0,0,0,0,0,0,0,0,0,0,0,0,0,0,0,0,0,0,0,0,0,0,0,0,0,Sorted.Myeloid,nnls
Erythrocyte,1055035.44,1144630.67,1536691.02,530828.24,1048069.5,805571.09,631617.41,851474.33,801126.75,801931.95,1051676.51,370502,724849.84,999804.48,900712,678459.41,1095225.25,1079899.38,1164192.24,747413.58,0,563340.46,715305.76,788133.49,561886.05,663578.47,761592.1,2469060.42,2957820.45,1330634.24,1114305.11,1376154.41,2377405.49,1547521.77,445186.75,634643.59,664819.26,835364.31,450652.38,1067166.06,922494.35,1004770.91,743168.74,724837.66,0,256481.33,1663585.66,415098.31,1428933.52,1405139.35,1813106.5,665976.79,362701.33,1292394.94,870558.35,831576.4,1247744.15,1858774.33,1669460.56,129016.22,749193.12,970317.77,647805.9,410678.84,704432.24,685473.53,737111.72,972680.52,1457764.83,1065637.35,705044.83,2069536.5,1102445.63,1524854.3,1566305.89,805722.82,897247.31,638903.01,1083984.11,1831333.55,295822.14,990367.41,1087584.66,966890.94,383068.01,1184426.68,2155618.03,742628.73,910341.79,994579.01,1676712.88,808327.82,1295060.18,839258.94,716418.88,659287.28,280232.35,850940.91,1045056.9,1498696.72,1016736.79,1305683.56,1681448.69,2012863.69,1615910.83,1027790.85,1012437.07075472,Erythrocyte,nnls
Endothelial.Kuppfer,0,0,0,0,0,0,0,0,0,0,0,0,0,0,0,0,0,0,0,0,0,0,0,0,0,0,0,0,0,0,0,0,0,0,0,0,0,0,0,0,0,0,0,0,0,0,0,0,0,0,0,0,0,0,0,0,0,0,0,0,0,0,0,0,0,0,0,0,0,0,0,0,0,0,0,0,0,0,0,0,0,0,0,0,0,0,0,0,0,0,0,0,0,0,0,0,0,0,0,0,0,0,0,0,0,0,0,Endothelial.Kuppfer,nnls
others,0,0,0,0,0,0,0,0,0,0,0,0,0,0,0,0,0,0,0,0,0,0,0,0,0,0,0,0,0,0,0,0,0,0,0,0,0,0,0,0,0,0,0,0,0,0,0,0,0,0,0,0,0,0,0,0,0,0,0,0,0,0,0,0,0,0,0,0,0,0,0,0,0,0,0,0,0,0,0,0,0,0,0,0,0,0,0,0,0,0,0,0,0,0,0,0,0,0,0,0,0,0,0,0,0,0,0,others,nnls
Monocyte.Macrophage1,1,0,0,4.06,2.79,3.59,1.8,0,1.46,0.81,3.92,5.32,2.81,0,0,2.22,0,0,0,3.84,6.39,4.22,0.73,0,4.36,3.08,0,0,0,0,0,0,0,0,5.39,2.31,3.19,0.02,4.55,0,0,0,0,2.71,6.21,5.13,0,4.6,0,0,0,0.9,4.49,0,0,0,0,0,0,5.38,0.12,2.76,2.14,4.58,2.35,0.62,2.6,0,0,0,3.54,0,0,0,0,0.46,3.81,1.83,0,0,5.03,0.13,0,0,4.23,0,0,0,3.99,0,0.32,0.19,0,3.34,1.24,3.8,5.55,3.51,0,0,0,0,1,0,0,0,1.45679245283019,Monocyte.Macrophage,DCQ
Monocyte1,0.82,0,0,3.73,2.57,3.33,1.45,0,1.5,0.56,3.53,5.06,2.43,0,0,1.87,0,0,0,3.54,5.93,3.9,0.49,0,3.92,2.76,0,0,0,0,0,0,0,0,5.47,1.95,2.93,0.19,4.16,0,0,0,0,2.39,5.75,4.8,0,4.13,0,0,0,0.56,4.15,0,0,0,0,0,0,5.22,0,2.54,1.96,4.28,2.01,0.11,2.37,0,0,0,3.27,0,0,0,0,0,3.42,1.51,0,0,4.53,0,0,0,3.81,0,0,0,3.7,0,0.36,0.1,0,3.09,0.95,3.38,5.2,3.18,0,0,0,0,0.74,0,0,0,1.31698113207547,Monocyte,DCQ
Endothelial1,1.84,0,0,2.89,2.32,2.54,2.18,0.5,2.55,2.28,2.69,2.8,2.5,0.61,1.61,2.59,1.4,0.49,0.56,2.64,2.07,2.73,1.94,1.22,2.5,2.41,2.01,0,0,0.24,0.99,0,0.45,0.2,2.99,2.57,2.6,2.29,2.77,1.16,2.01,0,0,2.33,2.41,2.75,0,2.7,1.81,0,0.35,1.99,2.88,0,1.54,0.67,0,0,0.54,3,2.13,2.65,2.18,2.59,2.34,1.64,2.67,0,1.44,0,2.56,0,1.73,0,0.15,2.04,2.62,2.58,0,0,2.89,1.73,0.28,0,2.78,1.88,0,1.67,2.61,0,2.22,1.85,1.24,2.3,1.9,2.5,2.61,2.63,1.25,0.65,1.08,1.14,2.08,0,0,1.54,1.50245283018868,Endothelial,DCQ
Dendritic.cell1,0,0,0,0,0,0,0,0,0,0,0,0,0,0,0,0,0,0,0,0,0.82,0,0,0,0,0,0,0,0,0,0,0,0,0,0,0,0,0,0,0,0,0,0,0,0.54,0.31,0,0,0,0,0,0,0.06,0,0,0,0,0,0,0.4,0,0,0,0,0,0,0,0,0,0,0,0,0,0,0,0,0,0,0,0,0.15,0,0,0,0,0,0,0,0,0,0,0,0,0,0,0,0.35,0,0,0,0,0,0,0,0,0,0.024811320754717,Dendritic.cell,DCQ
Proliferating.NK.cell1,0,0,0,0,0,0,0,0,0,0,0,0,0,0,0,0,0,0,0,0,0.02,0,0,0,0,0,0,0,0,0,0,0,0,0,0,0,0,0,0,0,0,0,0,0,0,0,0,0,0,0,0,0,0,0,0,0,0,0,0,0.3,0,0,0,0,0,0,0,0,0,0,0,0,0,0,0,0,0,0,0,0,0,0,0,0,0,0,0,0,0,0,0,0,0,0,0,0,0,0,0,0,0,0,0,0,0,0,0.0030188679245283,Proliferating.NK.cell,DCQ
NK.cell1,5.93,1.57,1.97,7.89,6.77,7.07,6,2.98,6.77,6.05,7.39,8.76,7.56,3.02,6.12,7.95,4.12,2.47,4.62,7.57,8.7,7.81,6.24,4.12,7.7,6.8,4.53,1.73,0,2,3.98,3.01,2.69,2.49,7.75,8.06,6.67,5.79,8.66,3.62,5.33,1.47,0,6.66,8.95,8.41,0.28,8.27,6.91,2.16,3.53,6.09,8.44,0,4.74,3.01,0.45,1.6,2.63,8.85,5.05,7.17,7.15,7.82,6.84,4.15,7.97,0,4.58,3.04,7.33,1.62,4.73,0,3.1,4.68,7.4,6.52,1.28,2.15,8.78,5.23,4.05,0.61,7.57,5.4,0,3.72,7.92,0,7.53,6.74,4.73,7.26,5.63,7.18,8.86,7.33,4.24,3.85,3.71,4.02,5.52,1.26,0.59,5.11,4.92575471698113,NK.cell,DCQ
Stellate.Fibroblast1,3.52,0.28,0.8,5.22,4.18,4.58,4.06,1.7,4.46,4.17,4.95,5.43,4.84,1.71,3.56,5.15,2.54,1.6,2.18,4.89,5.53,4.98,4.05,3.01,4.83,4.43,3.6,0,0,0.98,2.6,1.53,1.5,1.23,5.83,5.09,4.53,4.04,5.47,2.22,3.5,0,0,4.2,5.66,5.39,0,5.43,4.07,0.53,1.72,4.28,5.83,0,3.41,1.85,0,0.56,1.3,6.22,3.74,4.31,4.51,4.97,4.36,2.94,5.01,0,3.08,2.08,4.61,0,3.02,0,1.85,3.46,4.97,4.37,0.01,0.46,5.66,3.1,2,0,5.07,3.3,0,3.02,4.92,0,4.81,4.17,2.79,4.44,3.89,4.62,5.42,4.86,3.19,1.7,2.46,2.26,3.57,0.33,0,3.59,3.07679245283019,Stellate.Fibroblast,DCQ
Hepatocyte1,4.33,8.32,8.27,1.76,3.89,3.04,4.45,6.8,3.64,5.3,2.9,0.89,3.36,7.86,5.07,3.31,6.53,8.51,6.25,2.48,0,1.96,5.47,6.22,1.51,3.44,5.31,9.54,11.17,7.87,7.92,7.71,7.41,7.98,2.62,2.63,2.95,4.68,1.56,6.84,5.39,8.71,12.35,3.15,0,0.03,8.94,2.08,4.38,8.53,6.92,5.04,1.44,9.53,6.07,8.39,9.99,7.66,7.01,0,5.51,2.68,4.5,1.98,3.67,6.52,2.07,14.35,6.28,9.56,3.18,9.42,7.07,9.92,7.61,7.33,2.98,4.24,9.76,8.32,1.21,5.39,7.05,10.41,2.58,5.46,8.66,6.72,1.91,12.47,3.55,4.66,5.63,3.28,5.5,2.76,0,2.4,6.52,6.39,7.22,5.78,3.87,8.76,9.73,6.36,5.55264150943396,Hepatocyte,DCQ
Macrophage1,0,0,0,0.46,0,0.33,0,0,0,0,0.52,1.18,0,0,0,0,0,0,0,0.42,1.75,0.56,0,0,0.76,0,0,0,0,0,0,0,0,0,1.14,0,0.16,0,0.74,0,0,0,0,0,1.63,1.15,0,0.78,0,0,0,0,0.89,0,0,0,0,0,0,1.22,0,0,0,0.73,0,0,0,0,0,0,0.23,0,0,0,0,0,0.48,0,0,0,1.15,0,0,0,0.72,0,0,0,0.39,0,0,0,0,0.08,0,0.42,1.29,0.14,0,0,0,0,0,0,0,0,0.182264150943396,Macrophage,DCQ
BECS1,0,0,0,0,0,0,0,1.22,0,0,0,0,0,0,0,0,0,0.33,0,0,0,0,0,0,0,0,0.8,0,0,0,0,0,0,0,0,0,0,0,0,0,0,0,0.49,0,0,0,0,0,0,0,0,0,0,0.39,0,0,0,0,0,0,0,0,0,0,0,0,0,0.57,0,0,0,0,0,0,0,0,0,0,0.03,0,0,0,0,0,0,0,0,0,0,0,0,0,0,0,0,0,0,0,0,0,0,0,0,0,0.41,0,0.04,BECS,DCQ
T.cell1,7.83,15.9,15.51,2.83,5.24,4.17,6.89,16.57,7.78,8.17,3.68,0.2,4.6,13.39,10.25,4.47,11.41,15.57,12.2,3.79,0,3,8.51,12.87,2.72,5.23,12.3,16.72,20.08,14.88,12.23,14.56,14.07,15.2,3.59,4.73,5.19,10.28,2,12.24,10.38,16.82,19.94,5.58,0,0,17.92,1.23,7.88,16.83,12.73,8.63,1.67,18.27,10.18,13.26,18.04,15.43,13.33,0,9.51,5.09,5.8,2.6,6,10.09,4.32,22,10.88,13.6,4.24,16.12,10.41,19.18,14.82,10.51,3.83,6.68,17.35,16.32,0,9.81,13.98,16.83,3.19,10.53,17.52,11.98,2.99,19.89,7.99,7.81,11.53,4.52,8.4,4.16,0,4.21,11.68,13.31,11.99,11.42,8.9,16.34,17.59,10.41,9.76698113207547,T.cell,DCQ
Neutrophil1,42.24,32.71,34.61,47.58,44.09,46.19,44.04,31.4,41.41,41.9,45.94,48.94,46.33,35.12,39.85,46.23,37.21,31.78,40.03,45.82,55.03,46.91,41.9,37.76,48.73,44.45,36.65,32.48,24.06,32.92,36.97,36.35,34.14,33.89,42.89,46.8,45.3,40.33,48.25,36.89,40.19,34.38,22.95,44.81,53.64,52.01,33.26,48.76,45.58,32.52,38.13,40.71,48.56,27.11,39.84,35.29,30.55,32.07,34.59,51.73,39.71,44.9,45.11,47.29,44.31,39.84,47.59,18.65,38.69,37.33,45.74,35.52,37.33,25.05,35.62,37.77,46.86,43.91,31.29,34.38,50.43,39.43,35.67,34.77,46.07,38.26,29.97,37.09,47.55,24.58,42.36,44.6,38.01,45.03,41.25,45.91,52.03,46.23,39.1,36.05,36.58,38.21,41.51,32.33,28.99,41.05,39.8372641509434,Neutrophil,DCQ
Plasma1,17.15,15.27,14.38,16.83,17.06,16.65,16.39,14.29,16.07,16.21,16.62,16.97,16.72,15.78,16.37,16.55,16.59,14.24,14.8,16.87,13.77,16.95,16.1,15.1,16.75,16.94,14.94,14.42,12.76,16.21,15.45,14.35,15.83,14.44,16.08,16.88,16.53,15.44,16.5,16.24,15.58,13.74,13.91,16.87,15.21,16.46,13.23,16.71,15.73,14.48,15.11,16.53,16.6,14.81,16.36,15.59,13.62,16.45,16.8,15.65,16.7,17.1,16,16.92,16.58,16.09,16.75,11.22,15.77,14.24,16.73,13.26,16.81,14.36,14.51,15.35,16.34,16.16,13.6,13.9,16.7,17.18,15.34,13.39,16.93,16.23,15.49,15.16,16.81,12.95,16.75,16.09,16.11,16.97,16.15,16.9,16.19,16.65,14.71,15.69,15.9,16.6,16.22,14.71,14.73,15.21,15.6894339622642,Plasma,DCQ
Sorted.Myeloid1,0,0,0,0,0,0,0,0,0,0,0,0,0,0,0,0,0,0,0,0,0,0,0,0,0,0,0,0,0,0,0,0,0,0,0,0,0,0,0,0,0,0,0,0,0,0,0,0,0,0,0,0,0,0,0,0,0,0,0,0,0,0,0,0,0,0,0,0,0,0,0,0,0,0,0,0,0,0,0,0,0,0,0,0,0,0,0,0,0,0,0,0,0,0,0,0,0,0,0,0,0,0,0,0,0,0,0,Sorted.Myeloid,DCQ
Erythrocyte1,11.45,18.79,17.95,6.44,9.06,7.49,9.72,16.54,9.99,10.74,7.11,4.46,7.69,16.39,12.77,7.76,14.5,17.49,14.73,7.37,0,6.78,10.91,14.16,6.23,8.69,12.9,19.36,23.51,17.71,14.61,16.84,16.94,17.65,5.2,7.66,8.04,11.25,5.35,15.03,12.35,19.21,21.56,9.18,0,3.55,20.6,5.3,10.98,18.66,16.22,11.24,4.98,21.17,13.01,16.29,20.72,18.58,17.06,2.02,12.5,8.62,8.96,6.24,9.27,12.86,7.27,24.5,14.03,15.43,7.56,18.81,13.45,22.47,16.52,12.7,6.79,9.3,19.2,18.38,3.47,13.04,15.91,19.19,6.48,13.48,20.28,14.15,7,22.23,10.15,10.69,14.37,8.45,11.22,7.46,2.49,7.59,13.94,16.32,15.01,14.79,11.66,19.05,19.89,12.45,12.5052830188679,Erythrocyte,DCQ
Endothelial.Kuppfer1,3.89,7.16,6.52,0.31,2.03,1.01,3.03,7.99,4.38,3.81,0.76,0,1.17,6.11,4.4,1.91,5.68,7.52,4.64,0.77,0,0.19,3.64,5.54,0,1.76,6.96,5.75,8.42,7.19,5.24,5.65,6.98,6.91,1.04,1.31,1.91,5.69,0,5.76,5.27,5.67,8.8,2.12,0,0,5.77,0,2.65,6.29,5.3,4.04,0,8.73,4.87,5.64,6.63,7.65,6.73,0,5.05,2.19,1.7,0,2.26,5.13,1.39,8.72,5.24,4.73,1.01,5.26,5.45,9.01,5.83,5.7,0.5,2.92,7.47,6.09,0,4.96,5.72,4.8,0.58,5.47,8.09,6.47,0.21,7.89,3.93,3.08,5.59,1.24,3.87,0.93,0,1.27,5.37,6.05,6.06,5.78,4.92,7.21,8.07,4.28,4.11962264150943,Endothelial.Kuppfer,DCQ
others1,0,0,0,0,0,0,0,0,0,0,0,0,0,0,0,0,0,0,0,0,0,0,0,0,0,0,0,0,0,0,0,0,0,0,0,0,0,0,0,0,0,0,0,0,0,0,0,0,0,0,0,0,0,0,0,0,0,0,0,0,0,0,0,0,0,0,0,0,0,0,0,0,0,0,0,0,0,0,0,0,0,0,0,0,0,0,0,0,0,0,0,0,0,0,0,0,0,0,0,0,0,0,0,0,0,0,0,others,DCQ
Monocyte.Macrophage2,0,0,0,0,0,0,0,0,0,0,0,0,0,0,0,0,0,0,0,0,0,0,0,0,0,0,0,0,0,0,0,0,0,0,2.5,0,0,0,0,0,0,0,0,0,0,0,0,0,0,0,0,0,0,0,0,0,0,0,0,0,0,0,0,0,0,0,0,0,0,0.78,0,0,0,0,0,0,0,0,0,0,0,0,0,0,0,0,0,0,0,0,0,0,0,0,0,0,0,0,0,0,0,0,0,0,0,0,0.0309433962264151,Monocyte.Macrophage,proportionsInAdmixture
Monocyte2,0,0,0,0,0,0,0,0,0,0,0,0,0,0,0,0,0,0,0,0,0,0,0,0,0,0,0,0,0,0,0,0,0,0,0,0,0,0,0,0,0,0,0,0,0,0,0,0,0,0,0,0,0,0,0,0,0,0,0,0,0,0,0,0,0,0,0,0,0,0,0,0,0,0,0,0,0,0,0,0,0,0,0,0,0,0,0,0,0,0,0,0,0,0,0,0,0,0,0,0,0,0,0,0,0,0,0,Monocyte,proportionsInAdmixture
Endothelial2,0,0,0,0,0,0,0,0,0,0,0,0,0,0,0,0,0,0,0,0,0,0,0,0,0,0,0,0,0,0,0,0,0,0,0,0,0,0,0,0,0,0,0,0,0,0,0,0,0,0,0,0,0,0,0,0,0,0,0,0.22,0,0,0,0,0,0,0,0,0,0,0,0,0,0,0,0,0,0,0,0,0,0,0,0,0,0,0,0,0,0,0,0,0,0,0,0,0,0,0,0,0,0,0,0,0,0,0.00207547169811321,Endothelial,proportionsInAdmixture
Dendritic.cell2,0,0,0,0,0,0,0,0,0,0,0,0,0,0,0,0,0,0,0,0,0,0,0,0,0,0,0,0,0,0,0,0,0,0,0,0,0,0,0,0,0,0,0,0,0,0,0,0,0,0,0,0,0,0,0,0,0,0,0,0,0,0,0,0,0,0,0,0,0,0,0,0,0,0,0,0,0,0,0,0,0,0,0,0,0,0,0,0,0,0,0,0,0,0,0,0,0,0,0,0,0,0,0,0,0,0,0,Dendritic.cell,proportionsInAdmixture
Proliferating.NK.cell2,0,0,0,0,0,0,0,0,0,0,0,0,0,0,0,0,0,0,0,0,0,0,0,0,0,0,0,0,0,0,0,0,0,0,0,0,0,0,0,0,0,0,0,0,0,0,0,0,0,0,0,0,0,0,0,0,0,0,0,0,0,0,0,0,0,0,0,0,0,0,0,0,0,0,0,0,0,0,0,0,0,0,0,0,0,0,0,0,0,0,0,0,0,0,0,0,0,0,0,0,0,0,0,0,0,0,0,Proliferating.NK.cell,proportionsInAdmixture
NK.cell2,0,0,0,0,0,0,0,2.51,0,0,0,0,0,0,0.71,1,0,0.7,3.41,0,0,0,0,2.32,0,0,3.95,1.48,0,0,0,2.62,0,0,0,1.33,0,0.67,0,0,0,0.6,0,0,0,0,2.08,0,3.17,2.87,0,0,0,0,0,0,0,0,0,2.35,0,0,0,0,0,0,0.63,0,0,0,0,2.66,0,0,1.97,0,0,0,0,2.6,0,0,1.03,1.11,0,0,0,0,0,0,1.72,2.34,0,0,0,0,0,0,0.07,0,0,0,0,0,0,1.39,0.446132075471698,NK.cell,proportionsInAdmixture
Stellate.Fibroblast2,0,0,0.52,0.76,0,0,0.27,2.52,1.39,1.33,0.45,0,1.24,0,1.68,2.65,0,1.88,1.67,0.28,4.07,0,1.3,3.13,0.09,0,3.62,1.09,0,0,1.18,2.18,0,0.74,4.5,2.39,0.44,2.75,1.99,0,1.5,0.99,0,0,1.08,0.36,1.09,1.53,2.3,1.95,0.01,1.62,4.09,0,0.53,0,0.22,0,0,6.83,0.24,0,1.76,0,0.15,0,1.95,0,0.65,2.22,0,1.55,0,0,2.26,0.63,1.39,1.32,0.45,1.61,2.09,0,1.63,1.65,0.57,0.52,0,0.92,0.11,0.08,2.88,2.4,0.39,0,0.79,0,0,0.62,2.24,0.33,0,0,0.02,0,0,2.86,1.00462264150943,Stellate.Fibroblast,proportionsInAdmixture
Hepatocyte2,4.26,2.43,3.15,5.62,7.6,9.28,8.52,0.58,2.21,6.62,8.83,8.8,7.74,4.25,2.1,4.59,4.32,2.47,2.04,6.01,15.53,6.33,6.81,2.08,7.56,7.28,1.69,2.94,2.8,3.02,6.06,2.37,2.9,2.53,9.55,4.92,7.49,2.93,6.48,5.18,3.5,2.24,6.01,5.69,10.81,11.19,1.47,10.15,4.03,1.67,3.39,5.5,8.48,2.94,6.31,5.45,3.03,2.3,2.96,7.7,5.18,4.34,8,8.79,6.09,8.2,4.07,5.33,4.01,7.43,8.86,3.12,6.42,2.34,2.4,7.71,10.55,6.39,3.53,2.07,14.02,4.83,1.85,4.14,8.93,2.8,2.8,4.98,5.14,4.65,1.39,5.36,2.41,7.19,7,8.68,4.46,5.53,3.92,1.58,4.81,3.18,2.7,3.06,3.67,4.81,5.20198113207547,Hepatocyte,proportionsInAdmixture
Macrophage2,0,0,0,0,0,0,0,0,0,0,0,0,0,0,0,0,0,0,0,0,0,0,0,0,0,0,0,0,0,0,0,0,0,0,0,0,0,0,0,0,0,0,0,0,0,0,0,0,0,0,0,0,0,0,0,0,0,0,0,0,0,0,0,0,0,0,0,0,0,0,0,0,0,0,0,0,0,0,0,0,0,0,0,0,0,0,0,0,0,0,0,0,0,0,0,0,0,0,0,0,0,0,0,0,0,0,0,Macrophage,proportionsInAdmixture
BECS2,0,0.37,0.47,0.18,0.16,0,0,0.42,0.85,0,0,0,0,0,0,0,0.49,0,0,0,0,0,0.02,0,0,0,0.16,0,0.36,0.75,0,0,0,0.06,2.54,0,0,0.31,0,0,0,0,0.06,0.07,0,0,0,0,0,0,0,0,0,1.31,0,0,0,0.54,0.86,0.76,0.24,0.18,0,0,0,0,0,0.5,0,0,0,0,0.39,1.2,0,0,0,0,0,0,0,0.34,0,0,0,0.1,0.61,0.59,0,0,0,0,0,0,0,0,0.19,0,0.37,0,0.27,0.83,0,0,0.34,0,0.159339622641509,BECS,proportionsInAdmixture
T.cell2,22.07,19.22,16.86,19.77,20.65,22.18,20.49,11.33,16.78,17.49,20.13,22.79,16.48,19.52,13.97,13.62,20.92,13.19,10.18,23.03,16.98,23.33,17.85,11.9,23.77,23.24,8.36,12.59,19.47,18.72,16.58,11.03,19.85,15.6,18.33,12.42,22.06,14.65,17.55,22.69,15.86,14.96,23.01,22.94,20.51,21.84,11.97,19.7,11.42,10.41,19.45,19.06,14.47,18.55,20.53,20.5,15.98,20.62,21.07,10.85,21.11,21.52,16.31,25.84,20.6,23.32,12.83,20.48,18.36,17.72,21.78,11,20.26,19.66,12.22,20.79,19.36,17.08,15.86,11.04,15.54,22.97,13.37,12.57,22.78,16.3,20.98,19.29,21.75,20.6,13.16,11.07,17.97,21.27,20.37,23.03,21.23,21.76,14.22,14.92,20.44,19.57,21.31,19.61,19.09,13.06,17.9878301886792,T.cell,proportionsInAdmixture
Neutrophil2,12.2,17.17,24.74,14.67,11.86,12.53,14.41,27.77,23.55,20.21,15.23,12.31,20.8,16.49,26.04,25.77,13.57,28.35,29.66,13.59,16.47,11.54,23.05,30.26,14.58,10.5,29.01,27.93,16.14,14.7,24.38,30.2,16.34,24.98,21.77,26.41,14.25,29.18,23.94,13.45,25.3,28.53,14.4,11.57,15.14,11.47,29.78,16.3,31.72,28.16,21.61,18.49,23.96,12.77,14.99,17.94,24.29,12.84,11.57,28.92,13.98,10.83,25.45,9.79,16.67,12.78,25.8,16.07,19.33,29.45,12.79,30.4,13.01,12.43,28.83,18.57,19.86,22.11,24.5,29.4,19.39,10.91,27.69,30.52,12.46,20.22,12.93,18.32,16.98,21.1,27.49,29.83,18.81,14.02,18.53,11.79,13.97,14.07,27.79,22.75,15.98,13.87,16.74,18.63,19.18,29.57,19.767358490566,Neutrophil,proportionsInAdmixture
Plasma2,4.18,3.72,5.18,4.74,4.61,4.81,4.36,7.25,5.56,5.44,4.52,5.23,5.9,4.31,7.54,6.81,4.16,7.13,6.71,4.91,8.52,3.95,5.48,9.35,5,4.19,9.38,7.31,3.86,4.81,6.65,7.51,4.48,5.15,8.74,8.16,5.66,8.62,5.96,3.76,6.48,6.04,3.34,3.71,6.55,4.67,6.89,4.29,6.73,7.57,4.12,5.67,8.35,4.11,4.44,4.26,4.95,4.39,3.91,9.22,4.44,4.38,5.57,4.18,4.34,3.37,8.19,2.7,4.48,6.26,4.81,6.37,4.47,3.71,7.1,3.24,5.64,6.23,4.25,6.71,7.39,4.01,7.45,7.1,5.23,5.57,4.13,4,4.67,5.01,8.52,8.02,5.03,4.84,4.98,4.64,5.78,4.16,5.9,6.28,3.68,4.31,4.54,4.1,5,7.69,5.5261320754717,Plasma,proportionsInAdmixture
Sorted.Myeloid2,0,0,0,0,0,0,0,0,0,0,0,0,0,0,0,0,0,0,0,0,0,0,0,0,0,0,0,0,0,0,0,0,0,0,0,0,0,0,0,0,0,0,0,0,0,0,0,0,0,0,0,0,0,0,0,0,0,0,0,0,0,0,0,0,0,0,0,0,0,0,0,0,0,0,0,0,0,0,0,0,0,0,0,0,0,0,0,0,0,0,0,0,0,0,0,0,0,0,0,0,0,0,0,0,0,0,0,Sorted.Myeloid,proportionsInAdmixture
Erythrocyte2,13.39,12.78,12.4,12.29,13.16,12.83,12.22,9.74,11.13,11.73,12.17,13.22,10.96,12.91,11.03,11.09,13.11,11.48,10.39,13.11,11.22,13.29,11.83,10.19,12.95,13.18,9.14,11.27,13.05,12.85,11.74,10.52,13.07,12.21,9.37,10.28,12.37,10.87,11.06,13.18,11.48,11.88,13.35,13.55,12.81,12.82,11.27,11.85,11.05,10.22,13.39,12.12,10.33,13.07,12.74,13.2,12.18,13.5,13.81,8.57,12.97,13.69,11.91,13.16,12.75,13.18,10.59,12.66,12.79,11.36,12.79,10.57,12.9,13.31,10.56,12.32,11.47,11.45,11.76,10.61,9.46,13.47,10.81,10.86,11.7,12.28,13.5,12.27,13.61,12.57,10.6,11.08,12.47,13.46,12.67,12.5,13.69,12.76,11.4,12.09,13.02,13.11,13.3,12.82,12.73,10.56,12.071320754717,Erythrocyte,proportionsInAdmixture
Endothelial.Kuppfer2,43.9,44.31,36.69,41.98,41.95,38.37,39.73,37.88,38.54,37.19,38.66,37.65,36.88,42.51,36.92,34.48,43.43,34.8,35.94,39.06,27.22,41.56,33.67,30.78,36.04,41.61,34.68,35.39,44.31,45.16,33.41,33.57,43.36,38.74,22.71,34.1,37.72,30.02,33.03,41.74,35.89,34.75,39.83,42.48,33.1,37.64,35.45,36.19,29.58,37.15,38.02,37.53,30.32,47.25,40.46,38.64,39.36,45.81,45.83,24.59,41.84,45.06,31.01,38.24,39.4,39.14,35.93,42.25,40.39,24.79,38.96,34.33,42.55,47.35,34.68,36.74,31.73,35.42,39.64,35.96,32.12,43.48,36.16,32.04,38.33,42.21,45.04,39.63,37.74,35.98,34.25,29.91,42.93,39.22,35.66,39.35,40.67,41.11,34.09,42.05,41.8,45.13,41.39,41.79,39.99,30.06,37.8028301886792,Endothelial.Kuppfer,proportionsInAdmixture
others2,0,0,0,0,0,0,0,0,0,0,0,0,0,0,0,0,0,0,0,0,0,0,0,0,0,0,0,0,0,0,0,0,0,0,0,0,0,0,0,0,0,0,0,0,0,0,0,0,0,0,0,0,0,0,0,0,0,0,0,0,0,0,0,0,0,0,0,0,0,0,0,0,0,0,0,0,0,0,0,0,0,0,0,0,0,0,0,0,0,0,0,0,0,0,0,0,0,0,0,0,0,0,0,0,0,0,0,others,proportionsInAdmixture
Monocyte.Macrophage3,0,0,0,0,0,0,0,0,0,0,0,0,0,0,0,0,0,0,0,0,0,0,0,0,0,0,0,0,0,0,0,0,0,0,0,0,0,0,0,0,0,0,0,0,0,0,0,0,0,0,0,0,0,0,0,0,0,0,0,0,0,0,0,0,0,0,0,0,0,0,0,0,0,0,0,0,0,0,0,0,0,0,0,0,0,0,0,0,0,0,0,0,0,0,0,0,0,0,0,0,0,0,0,0,0,0,0,Monocyte.Macrophage,DeconRNASeq
Monocyte3,0,0,0,0,0,0,0,0,0,0,0,0,0,0,0,0,0,0,0,0,0,0,0,0,0,0,0,0,0,0,0,0,0,0,0,0,0,0,0,0,0,0,0,0,0,0,0,0,0,0,0,0,0,0,0,0,0,0,0,0,0,0,0,0,0,0,0,0,0,0,0,0,0,0,0,0,0,0,0,0,0,0,0,0,0,0,0,0,0,0,0,0,0,0,0,0,0,0,0,0,0,0,0,0,0,0,0,Monocyte,DeconRNASeq
Endothelial3,4.04,3.61,2.84,4.42,4.29,4.02,3.74,3.63,4.14,3.46,4.18,4.35,3.8,3.27,3.28,3.94,3.83,2.94,3.26,4.15,4.56,4.34,3.22,2.98,4.17,4.14,3.75,1.48,2.7,3.73,2.23,2.52,3.43,3.21,4.05,3.84,4.14,3.3,4.11,3.96,3.67,2.26,2.53,4.21,4.56,4.37,2.93,4.15,3,1.96,3,3.26,3.98,3.76,3.37,3.28,2.15,3.89,3.96,4.49,4.12,4.7,3.05,4.25,3.88,3.68,3.96,2.33,3.35,1.43,3.87,2.3,3.85,3.85,3.1,3.61,3.89,3.85,2.72,2.95,4.38,3.94,2.6,2.22,4.42,4,3.64,3.7,4.15,0.09,3.24,2.78,3.47,3.96,3.26,4.25,4.54,4.09,3.11,3.59,3.41,3.82,3.95,2.71,2.44,2.68,3.50009433962264,Endothelial,DeconRNASeq
Dendritic.cell3,0,0,0,0,0,0,0,0,0,0,0,0.19,0,0,0,0,0,0,0,0,1.65,0,0,0,0,0,0,0,0,0,0,0,0,0,0,0,0,0,0,0,0,0,0,0,1.42,0.41,0,0,0,0,0,0,0,0,0,0,0,0,0,0.26,0,0,0,0.06,0,0,0,0,0,0,0,0,0,0,0,0,0,0,0,0,0.43,0,0,0,0,0,0,0,0,0,0,0,0,0,0,0,0.75,0,0,0,0,0,0,0,0,0,0.0487735849056604,Dendritic.cell,DeconRNASeq
Proliferating.NK.cell3,5.58,2.33,2.98,7.5,6.9,6.63,5.19,3.44,4.35,3.25,7.19,8.93,6.66,1.79,2.21,6.82,3.53,0.46,2.46,7.12,10.78,7.65,4.09,0.75,8.02,6.45,0.59,1.1,1.11,3.78,0,1.3,2.24,1.29,8.27,6.63,6.08,1.37,8.36,4.18,1.31,1.99,0,6.35,10.39,8.94,3.91,8.57,3.68,2.15,1.43,3.67,8.28,3.96,3.67,1.97,0,4.36,4.86,9.69,4.4,6.75,4.69,8.12,5.62,4.1,6.45,0,1.93,0.96,6.02,2.47,4,4.43,2.48,1.94,7.09,4.12,0.27,2.87,9.31,4.96,1.57,4.17,7.98,2.76,3.6,2.2,7.48,0,3.86,3.63,1.96,7.02,3.69,7.55,9.5,6.33,2.51,1.08,3.03,4.16,3.14,0.76,0.63,1.13,4.25716981132075,Proliferating.NK.cell,DeconRNASeq
NK.cell3,0.91,1.46,1.5,0.41,0.31,0.5,0.93,0.1,2.98,2.75,0.36,0,1.07,2.35,4.8,1.51,1.42,1.36,4.4,0.58,0,0.26,2.68,4.05,0,0.6,4.26,0.59,0,0.27,4.16,3.3,1.87,2.64,0.1,1.64,0.62,4.4,0.58,0.81,4.29,0.38,0,0.57,0,0,0,0,3.82,0.35,3.55,2.67,0.19,0,1.55,2.27,0,0,0,0,1.04,0.74,2.74,0,1.46,0.59,1.6,0,3.23,3.41,1.31,1.35,1.44,0,2.99,3.14,0.48,2.31,0,1.23,0,0.92,4.3,0,0,3.43,0,2.07,0.54,0,4.2,3.37,3.66,0.54,2.18,0,0,1.03,2.85,4.22,1.67,0.92,2.49,0.11,0,4.37,1.45377358490566,NK.cell,DeconRNASeq
Stellate.Fibroblast3,8.63,5.61,6.31,10.41,9.3,9.67,9.06,6.77,9.31,8.9,10.09,10.68,9.91,6.65,8.46,10.27,7.33,6.39,7.43,10.04,11.58,10.17,8.95,7.91,10.15,9.56,8.1,5.41,4.04,6.31,7.1,6.96,6.65,6.25,10.97,10.2,9.62,8.5,10.72,7.33,8.1,5.71,4.18,9.35,11.29,10.78,5.54,10.68,9.12,6.07,7.01,9.28,11.16,4.92,8.4,6.87,4.56,6.3,6.7,11.77,8.52,9.37,9.5,10.22,9.39,7.75,10.13,2.84,7.98,7.31,9.62,5.94,7.67,5.19,7.24,7.98,10.13,9.13,5.05,6.11,10.83,7.9,7.07,6.01,10.21,7.97,5.16,7.66,10.13,3.15,9.89,9.13,7.76,9.59,8.84,9.81,10.95,10.04,8.15,6.68,7.39,7.2,8.44,5.66,4.93,8.54,8.12877358490566,Stellate.Fibroblast,DeconRNASeq
Hepatocyte3,13.75,18.47,18.59,10.34,13.52,11.91,13.8,15.26,12.19,14.71,12.02,9.94,12.4,18.34,13.72,12.4,16.4,18.48,15.87,11.29,6.9,10.75,15.27,15.53,10.34,12.64,13.62,20.03,20.7,17.84,19.11,18.06,17.43,18.02,11.89,11.11,11.55,12.77,10.36,17.1,14.36,18.43,23.37,12.15,8.1,8.93,18.6,11.44,12.9,18.05,16.96,14.37,9.93,19.45,15.99,19.42,19.85,17.46,16.82,7.97,15.18,11.68,13.58,11.15,12.61,16.84,9.98,24.99,15.99,22.55,11.88,20.56,17.55,19.64,17.92,18.43,11.94,13,19.87,18.29,10.85,15.04,17,21.72,12.04,14.62,18.6,16.72,10.47,24.13,11.44,13.42,14.78,12.51,15.2,12.06,7.79,10.79,16.33,15.71,17.52,15.18,12.12,18.5,19.68,16.25,15.0289622641509,Hepatocyte,DeconRNASeq
Macrophage3,7.34,2.78,2.45,8.85,8.57,8.44,7.12,0,6.06,5.01,9.06,10.49,7.47,3.07,1.73,6.86,5.49,0,0,8.89,11.67,9.28,5.25,0,9.6,8.39,0.22,0,2.65,4.54,1.06,0,3.8,0.99,10.29,6.66,8.09,2.28,9.26,6.07,2.43,0,2.94,8.28,11.5,10.23,0,9.75,3.01,0,2.83,5.57,9.1,4.87,5.64,3.29,0,5.41,6.34,10.24,6.46,8.37,5.67,9.83,7.31,7.13,6.63,1.19,3.6,1.33,7.95,0,6.06,5.55,0,5.16,8.43,5.84,0,0,10.28,6.95,0,0,9.82,3.88,4.72,4.34,8.81,0,3.43,3.68,3.44,8.74,5.99,9.37,10.76,8.12,2.22,1.23,5.23,5.62,5.91,1.15,2.05,0.76,5.03981132075472,Macrophage,DeconRNASeq
BECS3,0.4,3.69,4.18,0,0.07,0,0,5.52,0.58,0,0,0,0,1.66,0,0,1.84,2.56,0.89,0,0,0,0,1.11,0,0,3.09,1.45,5.8,4.08,0,0.88,2.38,3.12,0.6,0,0,0.87,0,1.45,0,2.72,4.02,0,0,0,5.06,0,0,3.24,0,0,0,6.61,0.63,1.01,2.29,4.24,3.66,0,1.2,0.1,0,0,0,1.09,0,6.12,0.28,0,0,1.06,1.24,6.77,2.76,0,0,0,2.74,3.13,0,1.45,1.69,4.13,0,0.95,5.21,2.07,0,2.39,0,0,0.57,0,0,0,0,0,2.1,0.89,1.72,2.65,0.2,2.13,3.92,0,1.30433962264151,BECS,DeconRNASeq
T.cell3,0,0,0,0,0,0,0,4.86,0,0,0,0,0,0,0,0,0,4.69,0,0,0,0,0,0,0,0,0,5.61,5.72,0,0,1.1,0,1.03,0,0,0,0,0,0,0,4.81,8.03,0,0,0,2.82,0,0,5.07,0,0,0,0,0,0,8.42,0,0,0,0,0,0,0,0,0,0,9.2,0,0,0,2.99,0,0,0,0,0,0,7.66,2.73,0,0,0,1.29,0,0,0,0,0,12.31,0,0,0,0,0,0,0,0,0,0,0,0,0,4.68,5.5,0,0.929433962264151,T.cell,DeconRNASeq
Neutrophil3,32.01,28.43,29.4,35.26,32.69,35.01,34.12,29.25,33.43,34.12,34.27,35.02,35.06,29.91,33.91,34.93,29.96,29.65,33.83,34.35,36.96,34.59,33.52,33.72,35.33,33.48,33.43,29.71,24.8,27.8,32.71,31.99,29.13,30.02,33.14,35.66,34.92,35.55,35.48,29.39,34.52,30.5,23.67,33.66,35.91,36.62,29.18,34.94,36.69,29.66,31.89,32.86,36.11,25.18,31.61,29.78,28.69,27.02,27.75,36.95,30.97,33.44,35.86,34.34,34.14,30.97,36.67,22.3,32.18,32.03,35.21,30.89,29.69,24.26,31.03,31.26,35.41,35.35,29.12,30.27,35.27,30.4,31.62,29.68,33.6,31.64,26.47,30.96,35.19,25.26,35.11,36.12,31.84,33.53,33.11,33.76,36.15,35.23,32.71,31.47,29.8,30.24,33.72,29.39,27.17,35.57,32.1653773584906,Neutrophil,DeconRNASeq
Plasma3,9.86,9.9,8.87,9.28,9.14,9.79,10.21,8.99,10.32,11.09,9.08,8.28,9.61,11,12.4,9.17,10.31,10.02,10.66,9.44,5.81,9.16,10.32,12.7,8.86,9.64,12.69,9.94,6.47,9.56,12.8,10.7,10.61,9.92,8.83,9.94,10.26,12.71,8.6,9.59,12.17,8.79,6.74,9.68,6.1,7.95,7.47,8.11,10.35,9.51,10.8,10.98,9.13,7.58,10.45,10.57,8.3,8.92,8.74,7.72,9.93,9.46,10.05,8.69,9.95,9.64,10.38,3.97,11.22,10.32,10.13,8.58,10.04,6.51,10.1,10.33,9.34,10.86,8.3,8.85,7.44,9.87,11.75,7.87,8.62,11.02,8.8,10.22,9.22,6.21,11.93,10.93,11.6,9.26,10.62,9.04,7.59,9.9,10.04,12.02,9.92,9.95,11.4,10.31,9.14,11.96,9.62141509433962,Plasma,DeconRNASeq
Sorted.Myeloid3,0,0,0,0,0,0,0,0,0,0,0,0,0,0,0,0,0,0,0,0,0,0,0,0,0,0,0,0,0,0,0,0,0,0,0,0,0,0,0,0,0,0,0,0,0,0,0,0,0,0,0,0,0,0,0,0,0,0,0,0,0,0,0,0,0,0,0,0,0,0,0,0,0,0,0,0,0,0,0,0,0,0,0,0,0,0,0,0,0,0,0,0,0,0,0,0,0,0,0,0,0,0,0,0,0,0,0,Sorted.Myeloid,DeconRNASeq
Erythrocyte3,17.48,23.71,22.88,13.55,15.23,14.03,15.84,22.17,16.65,16.71,13.72,12.13,14.02,21.95,19.5,14.11,19.9,23.45,21.2,14.14,10.07,13.8,16.71,21.25,13.53,15.11,20.26,24.67,26.01,22.09,20.82,23.2,22.45,23.52,11.86,14.31,14.72,18.26,12.53,20.12,19.14,24.41,24.52,15.74,10.72,11.78,24.49,12.36,17.43,23.94,22.53,17.33,12.13,23.66,18.7,21.54,25.74,22.4,21.18,10.91,18.18,15.38,14.85,13.33,15.64,18.22,14.2,25.76,20.23,20.67,14,23.85,18.47,23.78,22.38,18.16,13.29,15.53,24.26,23.58,11.22,18.57,22.41,22.91,13.31,19.73,23.8,20.07,14,26.11,16.9,16.93,20.92,14.85,17.11,14.17,11.97,14.47,19.99,23.12,20.29,20.26,18.62,24.6,24.54,18.74,18.5064150943396,Erythrocyte,DeconRNASeq
Endothelial.Kuppfer3,0,0,0,0,0,0,0,0,0,0,0,0,0,0,0,0,0,0,0,0,0,0,0,0,0,0,0,0,0,0,0,0,0,0,0,0,0,0,0,0,0,0,0,0,0,0,0,0,0,0,0,0,0,0,0,0,0,0,0,0,0,0,0,0,0,0,0,1.3,0,0,0,0,0,0,0,0,0,0,0,0,0,0,0,0,0,0,0,0,0,0.35,0,0,0,0,0,0,0,0,0,0,0,0,0,0,0,0,0.0155660377358491,Endothelial.Kuppfer,DeconRNASeq
others3,0,0,0,0,0,0,0,0,0,0,0,0,0,0,0,0,0,0,0,0,0,0,0,0,0,0,0,0,0,0,0,0,0,0,0,0,0,0,0,0,0,0,0,0,0,0,0,0,0,0,0,0,0,0,0,0,0,0,0,0,0,0,0,0,0,0,0,0,0,0,0,0,0,0,0,0,0,0,0,0,0,0,0,0,0,0,0,0,0,0,0,0,0,0,0,0,0,0,0,0,0,0,0,0,0,0,0,others,DeconRNASeq
