,X111CU,X111YS,X1122O,X117YW,X117YX,X11DXX,X11DXZ,X11EM3,X11EQ9,X11GSP,X11I78,X11LCK,X11NSD,X11O72,X11ONC,X11P7K,X11P81,X11P82,X11TT1,X11TTK,X11TUW,X11VI4,X11ZVC,X1211K,X12BJ1,X12C56,X12WSJ,X12WSL,X12ZZZ,X13111,X131XE,X131XG,X132AR,X1339X,X133LE,X1399R,X1399S,X1399U,X139T6,X139TS,X139YR,X13CF3,X13D11,X13FH7,X13FHP,X13FTW,X13O21,X13O3O,X13O61,X13OVG,X13OVI,X13OVJ,X13OW5,X13OW6,X13PL7,X13PVR,X13QBU,X13U4I,X13VXT,X13W3W,X13X6H,X144GL,X144GM,X145LS,X145LT,X145ME,X145MN,X145MO,X147GR,X148VJ,X14AS3,X14BIN,X14BMU,X14BMV,X14C39,X14C5O,X14DAQ,X14DAR,X14E1K,X14E6E,X14JG6,X14JIY,X14PJ3,X14PJ4,X14PJM,X14PK6,X15CHC,X15CHQ,X15DYW,X15ER7,X15RIE,X15SHU,X15UF6,X16AAH,X16MT8,X16NGA,X16XZZ,X16Z82,X17EVQ,X17F96,X17F98,X17F9E,X17GQL,X17HGU,X17HHE,X17HII,X17JCI,X17KNJ,X17MF6,X18A66,X18A7A,X18D9A,X18D9B,X18D9U,X18QFQ,X1A3MV,X1AMEY,X1AMFI,X1AX8Z,X1AX9I,X1AYCT,X1B8KE,X1B8KZ,X1B932,X1B996,X1BAJH,X1C2JI,X1C475,X1C4CL,X1C64O,X1C6VQ,X1CAMR,X1CAMS,X1CB4F,X1CB4I,X1E2YA,X1EH9U,X1EMGI,X1F5PK,X1F5PL,X1F75B,X1F75I,X1GF9U,X1GF9X,X1GL5R,X1GMR2,X1GMR3,X1GN73,X1GPI7,X1GZ4H,X1GZ4I,X1H11D,X1H1DG,X1H1E6,X1H3VY,cell_type_mean,cell_type,method
cd4.positive.alpha.beta.T.cell,0,0,0,0,0,0,0,0,0,0,0,0,0,0,0,0,0,0,0,0,0,0,0,0,0,0,0,0,0,0,0,0,0,0,0,0,0,0,0,0,0,0,0,0,0,0,0,0,0,0,0,0,0,0,0,0,0,0,0,0,0,0,0,0,0,0,0,0,0,0,0,0,0,0,0,0,0,0,0,0,0,0,0,0,0,0,0,0,0,0,0,0,0,0,0,0,0,0,0,0,0,0,0,0,0,0,0,0,0,0,0,0,0,0,0,0,0,0,0,0,0,0,0,0,0,0,0,0,0,0,0,0,0,0,0,0,0,0,0,0,0,0,0,0,0,0,0,0,0,0,0,0,0,0,0,0,cd4.positive.alpha.beta.T.cell,nnls
immature.enterocyte,0,0,0,0,0,0,0,0,0,0,0,0,0,0,0,0,0,0,0,0,0,0,0,0,0,0,0,0,0,0,0,0,0,0,0,0,0,0,0,0,0,0,0,0,0,0,0,0,0,0,0,0,0,0,0,0,0,0,0,0,0,0,0,0,0,0,0,0,0,0,0,0,0,0,0,0,0,0,0,0,0,0,0,0,0,0,0,0,0,0,0,0,0,0,0,0,0,0,0,0,0,0,0,0,0,0,0,0,0,0,0,0,0,0,0,0,0,0,0,0,0,0,0,0,0,0,0,0,0,0,0,0,0,0,0,0,0,0,0,0,0,0,0,0,0,0,0,0,0,0,0,0,0,0,0,0,immature.enterocyte,nnls
monocyte,0,0,0,0,0,0,0,0,0,0,0,0,0,5475.66,0,0,0,0,0,0,0,0,10296.52,0,0,0,0,0,0,0,0,0,0,0,0,0,0,0,0,0,0,0,0,0,7341.93,0,0,2426.34,0,0,0,0,0,0,0,0,0,0,0,0,0,0,0,15139.37,0,0,0,0,0,0,0,0,0,0,0,0,20456.64,0,0,0,0,0,0,0,0,0,6699.03,0,0,0,0,23743.3,0,0,0,0,0,0,0,58426.62,0,17885.5,0,0,0,0,11610.1,0,0,0,0,0,0,0,39305.46,2223.68,0,0,0,0,0,0,0,0,0,0,0,0,0,0,61779.34,0,0,0,0,0,50521.95,25750.62,0,0,19213.23,0,0,0,0,0,0,10564.97,0,17461.78,3025.86,0,0,0,0,2640.95419354839,monocyte,nnls
plasma.cell,97089.37,0,0,1515662.7,0,169641.24,0,421494.89,0,0,0,0,0,433193.54,0,457359.63,0,163799.15,67959.43,0,0,0,0,0,0,433142.64,0,0,0,273345.71,455018.3,544876.04,683191.48,0,751931.53,410200.54,0,178778.94,0,1912335.25,554596.97,0,670343.82,0,201387.76,845778.42,0,301026.02,0,0,0,2082618.63,0,1403409.91,590910.92,0,0,0,251389.58,0,141357.32,1249855.8,488713.21,631.17,124271.75,0,1027265.59,413042.13,1562361.1,0,0,0,1703352.13,0,603870.68,0,0,0,0,0,0,399636.23,0,488166.04,1232763.25,1102419.44,0,0,2664538.01,0,314898.55,207140.85,410941.71,41355.41,287151.75,232024.97,985204.96,445289.05,597529.56,0,795345.27,98939.87,0,0,137330.14,15890.06,366829.48,88941.88,780462.06,957700.17,0,602888.53,0,315769.29,0,0,0,3516.41,0,1588511.06,0,3483.55,419940.25,353798.84,553535.5,598991.03,0,588824.81,159286.52,0,1169016.92,0,1253428.21,0,0,1625858.77,0,0,766833.45,1215349.86,135996.39,0,0,0,0,0,658483.99,0,246499.68,0,0,772652.26,442825.62,208443.65,0,319481.526387097,plasma.cell,nnls
cd8.positive.alpha.beta.T.cell,0,0,0,0,0,0,0,0,0,0,0,0,0,0,0,0,0,0,0,0,0,0,0,0,0,0,0,0,0,0,0,0,0,0,0,0,0,0,0,0,0,0,0,0,0,0,0,0,0,0,0,0,0,0,0,0,0,0,0,0,0,0,0,0,0,0,0,0,0,0,0,0,0,0,0,0,0,0,0,0,0,0,0,0,0,0,0,0,0,0,0,0,0,0,0,0,0,0,0,0,0,0,0,0,0,0,0,0,0,0,0,0,0,0,0,0,0,0,0,0,0,0,0,0,0,0,0,0,0,0,0,0,0,0,0,0,0,0,0,0,0,0,0,0,0,0,0,0,0,0,0,0,0,0,0,0,cd8.positive.alpha.beta.T.cell,nnls
fibroblast,0,624760.11,0,15412.23,928505.12,0,0,0,824732.28,771216.18,0,0,257533.58,613557.02,646536.56,0,737817.43,0,197420.96,1109297.71,661490.93,44236.15,932822.96,0,0,0,765073.06,776466.96,858330.95,0,0,0,0,722791.05,0,0,0,0,0,0,34026.17,851293.25,0,954837.63,711927.45,0,0,523240.46,722150.29,772602.62,993021.2,0,670144.46,395434.16,0,27497.07,0,655829.65,519901.87,810574.51,174291.47,198341.34,0,1301606.23,0,929651.68,0,909152.04,0,665049.61,827255.2,517231.36,0,628877.96,376657.67,1096092.8,906676.51,0,1028254.21,0,129740.31,28498.12,698024.59,0,541060.83,0,591882.18,794017.14,119241.38,455574.88,112670.13,603728.54,729876.67,0,525759.94,607457.79,301501.33,345501.34,595867.73,646577.46,431917.97,843656.74,288584.46,0,0,502985.9,614692.74,560455.49,845739.57,150381.3,2878567.18,0,943837.52,168284.49,904208.21,892988.12,631259.39,0,1149815.65,527638.4,209151.71,0,0,159463.17,585625.78,732207.66,797787.93,0,0,854270.64,529161.72,0,36398.84,572256.64,720033,0,1220804.52,746543.51,0,0,674273.45,79411.37,79084.99,293731.51,801292.21,1266238.05,357282.56,1112693.02,87637.98,978464.2,545725.09,0,468801.51,0,0,411354.546193548,fibroblast,nnls
mature.enterocyte,1633453.45,345652.24,1304016.56,1190127.01,348693.94,1546020.98,1617334.61,1362540.98,328345.11,342920.24,1468081.55,1228641.54,673988.11,195364.55,303742.23,1181026.98,349848.62,1293824.1,855585.74,262765.68,270061.65,1051628.66,367021.94,1042361.9,1459951.09,884580.91,345152.72,338902.81,286865.77,1043056.38,965161.54,3000651.26,1080569.22,279999.41,1012226.83,2015041.67,2066742.81,1520678.65,1401049.72,961876.03,974345.27,319383.02,1544527.7,440041.09,225868.07,1404883.79,1485924.01,223014.72,483791.33,485842.79,531838.73,624259.36,441197.67,468484.07,1360258.75,1625766.25,1666739.6,362216.92,366353.8,340452.73,730698.1,163796.22,1292154.77,225022.29,991426.32,400273.14,1450990.86,456296.07,1025192.75,187284.64,398647.07,322489.97,11036221.63,409097.85,238670.26,518618.9,200363.86,1244003.47,305847.77,1730488.09,866406.55,1747104.54,419876.7,1566304.16,461373.49,2000089.88,289421.72,144911.39,265243.66,464560.15,906992.62,375993.26,89229.28,1543594.95,712841.29,601417.74,140262.8,347655.23,162189.25,78342.69,564766.37,502089.69,1089829.29,957645.92,1005864.34,342654.31,176867.27,1308911.52,417308.72,993277.8,1682273.28,1462907.13,670907.73,1315802.96,380682.03,479900.04,1239923.85,2423428.95,414485.34,279753.52,795324.37,1141566.88,1505690,1282667.38,400685.18,399500.67,659036.71,1845400.92,662414.66,557508.7,217463.7,1597085.12,586485.64,252660.23,413469.85,227965.26,274676.73,215461.45,1575273.51,1241438.98,157941.23,470229.35,1009961.46,1298500.19,332969.88,500620.87,484073.97,387942.85,1157025.25,299160.39,279242.42,2452536.74,209303.69,2337843.42,1224631.23,885646.317290323,mature.enterocyte,nnls
goblet.cell,152249.93,0,276756.14,229554.03,0,0,0,0,0,0,21263.79,0,0,0,0,82177.14,0,0,234940.31,0,0,0,0,0,0,0,0,0,0,0,0,640480.64,25482.69,0,149876.54,0,25219.78,0,0,0,143060.55,0,0,0,0,0,115849.16,0,0,0,0,0,0,0,0,0,0,0,8210.53,0,438046.66,0,0,0,6466.63,0,128251.59,0,0,0,0,0,0,0,0,0,0,0,0,0,127205.41,229744.48,0,64528.77,0,0,0,0,0,0,0,0,0,0,0,0,0,0,0,0,0,0,0,0,0,0,0,0,0,142247.33,0,0,0,77529.51,0,0,0,0,0,0,0,6532.2,0,116435.85,0,0,0,0,0,0,0,0,293356.68,0,0,0,0,0,0,0,0,633797.65,0,0,0,0,0,0,0,0,0,0,0,0,0,28188.7999354839,goblet.cell,nnls
paneth.like.cell,0,0,0,0,0,0,0,0,0,0,0,0,0,0,0,0,0,0,0,0,0,0,0,0,0,0,0,0,0,0,0,0,0,0,0,0,0,0,0,0,0,0,0,0,0,0,0,0,0,0,0,0,0,0,0,0,0,0,0,0,0,0,0,0,0,0,0,0,0,0,0,0,0,0,0,0,0,0,0,0,0,0,0,0,0,0,0,0,0,0,0,0,0,0,0,0,0,0,0,0,0,0,0,0,0,0,0,0,0,0,0,0,0,0,0,0,0,0,0,0,0,0,0,0,0,0,0,0,0,0,0,0,0,0,0,0,0,0,0,0,0,0,0,0,0,0,0,0,0,0,0,0,0,0,0,0,paneth.like.cell,nnls
b.cell,6214.13,36743.77,0,0,40746.76,0,0,0,0,0,0,0,65409.6,26812.06,0,0,88925.27,0,56998.24,282320.25,0,0,45279.25,0,0,0,0,30314.13,12976.56,0,0,0,0,80193.65,0,0,0,0,0,0,0,0,0,0,76348.9,0,0,0,0,0,0,0,50970.37,0,0,0,0,107441.14,53316.13,0,44555.28,0,0,187313.93,0,0,0,34227.65,0,82923.09,47248.96,60625.89,0,0,265061.33,30497.09,78402.69,0,75595.13,0,22625.53,0,0,0,0,0,0,141266.81,0,94796.34,74359.66,73186.14,55708.95,0,0,0,0,0,30240.52,0,0,0,0,0,0,25790.49,0,45813.51,199903.68,0,50349.34,0,0,220945.12,0,0,0,0,0,0,0,824.36,0,0,0,0,0,0,0,0,0,0,0,2247.43,0,0,190822.02,103615.31,0,0,174070.46,116015.13,0,0,0,191189.22,0,56878.29,0,84240.82,68197.52,0,0,0,0,25745.4703225806,b.cell,nnls
intestinal.transient.amplifying.cell,410250.98,366024.74,468292.52,576875.26,275547.2,942436.67,1120100.58,614943.14,303469.78,295310.65,1127075.5,1376228.44,658359.63,218315.57,353502.19,520784.43,391962.26,733406.37,263343.47,226048.14,320389.37,1037946.83,244828.1,1023880.71,1015494.59,856983.46,345570.31,358877.95,297254.3,779899.21,655153.22,513784.13,332491.39,367617.52,681376.9,796758.86,1117778.35,803104.77,1199557.3,566342.65,509329.62,223424,770968.24,372707.94,153490.46,718954.79,1262224.03,212204.44,587635.47,308698.92,690671.51,356792.35,584545.72,314893.66,718348.65,1304929.82,1550259.3,473077.66,256924.89,259442.32,265525,75883.46,587196.14,40319.32,786993.37,388003.25,537911.89,605017.79,1182115.15,196091.09,460347.18,471204.42,7838952.4,572804.93,515773.32,409144.22,72876.6,1045625.46,223600.75,673317.77,727247.31,626712.24,447717.16,1000422.5,400510.88,1045094.5,213604.93,114463.17,0,570575.58,390154.43,499707.35,0,1153986.12,985640.87,365369.58,56728.15,449687.19,7262.09,0,487018.19,434918.5,1568943.69,1007661.91,602748.98,568799.34,43576.47,632202.43,543749.24,321996.65,1832129.01,1038797.38,858391.29,1439322.49,396347.09,512087.02,1569869.54,1614224.97,244030.28,105398.86,408948.69,656226.15,1103795.09,827865.12,358067.2,384871.31,819900.75,703058.16,639777.13,615926.48,86572.12,511540.36,466724.63,187034.7,474877.1,127426.8,130629.24,289147.68,921614.36,643999.39,266302.5,560336.7,1053181.49,1248117.35,374854.8,572165.21,483127.15,303116.18,1509578.65,271958.02,396058.8,927420.34,173479.24,1094388.33,877690.09,635370.770516129,intestinal.transient.amplifying.cell,nnls
mast.cell,0,0,0,0,0,0,0,0,0,0,0,0,0,0,0,0,0,0,0,0,0,0,0,0,0,0,0,0,0,0,0,0,0,0,0,0,0,0,0,0,0,0,0,0,0,0,0,0,0,0,0,0,0,0,0,0,0,0,0,0,0,0,0,0,0,0,0,0,0,0,0,0,0,0,0,0,0,0,0,0,0,0,0,0,0,0,0,0,0,0,0,0,0,0,0,0,0,0,0,0,0,0,0,0,0,0,0,0,0,0,0,0,0,0,344.39,3117.86,0,0,0,0,0,0,0,0,0,0,0,0,0,0,0,0,0,0,0,0,0,0,0,0,0,0,0,0,0,0,0,0,0,0,0,0,0,0,0,22.3370967741936,mast.cell,nnls
gut.endothelial.cell,0,0,0,0,0,0,0,0,0,0,0,0,0,41593.96,0,0,0,0,0,37806.91,0,0,0,0,0,0,0,0,0,0,0,0,0,0,0,0,0,0,0,0,0,0,0,0,74397.48,0,0,35436.65,0,249431.7,0,0,0,0,0,0,0,0,0,44031.12,0,0,0,141931,0,0,0,0,0,24632.33,0,0,0,0,0,0,57922.78,0,0,0,0,0,0,0,0,0,0,101265.19,0,0,0,0,129427.8,0,0,0,0,0,167147.99,120978.21,0,0,0,0,0,0,10857.92,0,0,0,0,0,0,0,0,0,0,0,0,0,0,0,0,0,0,0,0,0,0,0,24438.75,0,0,0,0,0,113413.64,0,0,0,82874.52,0,0,0,0,0,0,4982.56,0,29382.61,0,0,51287.57,0,0,9956.3915483871,gut.endothelial.cell,nnls
intestinal.crypt.stem.cell,0,0,0,0,0,0,0,0,0,0,0,0,0,0,0,0,0,0,0,0,0,0,0,0,0,0,0,0,0,0,0,0,0,0,0,0,0,0,0,0,0,0,0,0,0,0,0,0,0,0,0,0,0,0,0,0,0,0,0,0,0,0,0,0,0,0,0,0,0,0,0,0,0,0,0,0,0,0,0,0,0,0,0,0,0,0,0,0,0,0,0,0,0,0,0,0,0,0,0,0,0,0,0,0,0,0,0,0,0,0,0,0,0,0,0,0,0,0,0,0,0,0,0,0,0,0,0,0,0,0,0,0,0,0,0,0,0,0,0,0,0,0,0,0,0,0,0,0,0,0,0,0,0,0,0,0,intestinal.crypt.stem.cell,nnls
intestinal.enteroendocrine.cell,0,0,0,0,0,0,0,0,0,0,0,0,0,0,0,0,0,0,0,0,0,0,0,0,0,0,0,0,0,0,0,0,0,0,0,0,0,0,0,0,0,0,0,0,0,0,0,0,0,0,0,0,0,0,0,0,0,0,0,0,0,0,0,0,0,0,0,0,0,0,0,0,0,0,0,0,0,0,0,0,0,0,0,0,0,0,0,0,0,0,0,0,0,0,0,0,0,0,0,0,0,0,0,0,0,0,0,0,0,0,0,0,0,0,0,0,0,0,0,0,0,0,0,0,0,0,0,0,0,0,0,0,0,0,0,0,0,0,0,0,0,0,0,0,0,0,0,0,0,0,0,0,0,0,0,0,intestinal.enteroendocrine.cell,nnls
neutrophil,11327.31,17693.74,0,0,136250.56,0,0,0,129946.53,52577.92,0,0,5603.59,13786.13,26567.81,0,29939.85,0,222072.31,42586.55,86611.09,0,68326.1,0,0,0,150810.38,60906.33,0,0,0,17132.07,0,176232.54,0,0,0,0,0,0,0,169882.08,0,130353.33,21975.7,0,0,0,29936.15,25235.09,0,0,12777.81,0,0,0,0,35496.61,30073.22,137162.29,77875.26,0,0,91688.51,0,62665.23,0,0,0,26299.54,91358.81,0,0,0,0,64909.67,45077.75,0,94972.9,0,0,109480.83,37803.72,0,0,0,66854.49,31246.89,0,923.59,603.66,0,23001.16,0,0,8105.02,0,0,47381.64,74235.85,0,0,0,0,0,28840.52,0,46762.02,0,0,117735.46,0,54674.57,0,38994.45,58156.25,0,0,333811.29,0,46178.09,0,0,0,0,0,0,0,0,40545.58,0,0,0,62425.02,84638.88,0,77742.8,0,0,0,124518.1,3465.5,0,0,54441.65,123302.37,0,85124.26,0,54411.97,17756.54,0,37426.69,0,0,27656.1265806452,neutrophil,nnls
intestinal.tuft.cell,679457.81,554122.31,742366.26,726701.42,515336.08,1104099.62,1407519.72,826684.79,502286.78,539655.85,1266389.63,1531702.35,731372.72,342684.98,495568.23,769138.04,586127.22,1000068.8,329240.21,399083.48,463804.63,1111049.22,500652.35,1176777.04,1174686.67,941006.93,507591.13,539844.47,476608.37,951642.94,795063.63,1093647.38,511672.68,469466.69,867554.84,961369.87,1507008.72,1051034.11,1332186.71,738090.03,598452.83,468224.97,1046871.43,655650.72,336067.7,982945.67,1387009.62,366771.99,794301.96,557893.87,932657.04,663865.63,725022.04,527242.8,1000521.8,1473465.9,1800726.74,647101.78,434223.89,419059.07,404872.12,275061.74,801340.58,281906.74,836006.61,633823.84,840784.3,772121.2,1288760.44,307674.92,675657.38,509753.42,8819082.52,688100.71,484927.02,803398.86,300461.89,1166540.17,469108.74,1089085.5,820172.98,930517.48,652093.11,1169219.89,522349.01,1467676.58,419644.28,246035.45,369924.46,605916.99,530225.2,622897.14,123353.01,1222894.24,1134921.57,601688.78,239650.32,586644.8,190751.04,104492.82,714555.46,639660.96,1702233.97,1078462.32,675188.23,626445.36,238177.06,944173.87,692579.03,461266.1,2494031.23,1219574.89,1098118.82,1353865.26,561215.8,746649.25,1916050.16,1960738.88,527717.05,441553.28,543680.17,731914.68,1211590.33,1030207.27,650147.45,632678.53,1055127.44,1061154.5,618518.2,863343.99,331321.58,744153.98,555509.28,372699.19,642468.34,364999.95,421238.53,376039.04,1163300.48,893244.87,370117.66,572663.59,1197759.01,1272484.05,529572.52,881882.58,626708.55,586244.35,1543277.67,493475.38,493914.53,1372815.12,296737.23,1485244.78,972592.18,832897.187032258,intestinal.tuft.cell,nnls
transit.amplifying.cell.of.large.intestine,0,0,0,0,0,0,0,0,0,0,0,0,0,0,0,0,0,0,0,0,0,0,0,0,0,0,0,0,0,0,0,0,0,0,0,0,0,0,0,0,0,0,0,0,0,0,0,0,0,0,0,0,0,0,0,0,0,0,0,0,0,0,0,0,0,0,0,0,0,0,0,0,0,0,0,0,0,0,0,0,0,0,0,0,0,0,0,0,0,0,0,0,0,0,0,0,0,0,0,0,0,0,0,0,0,0,0,0,0,0,0,0,0,0,0,0,0,0,0,0,0,0,0,0,0,0,0,0,0,0,0,0,0,0,0,0,0,0,0,0,0,0,0,0,0,0,0,0,0,0,0,0,0,0,0,0,transit.amplifying.cell.of.large.intestine,nnls
cd8.positive.alpha.beta.t.cell,542077,308067.53,512006.48,169071.92,217368.75,622278.06,693658.97,431536.6,180867.96,204496.55,692418.52,743378.06,445145.7,70688.6,231742.86,313675.15,307006.32,422287.67,285418.5,201315.33,181139.02,620534.9,196638.98,574290.9,730461.37,409048.82,221146.98,282613.06,202129.28,421383.6,378990.32,698681.01,141873.04,251414.45,220135.17,635390.21,770540.15,580795.44,772114.35,0,284670.4,169315.88,374746.95,295398.99,93804.76,232711.62,692513.38,136076.66,348634.05,231022.51,530330.01,0,389365.77,0,339840.35,952691.53,857504.01,347287.13,156569.19,199159.21,342919.28,0,375445.78,55429.88,490214.17,320856.52,186206.22,322064.89,209932.9,154305.63,320371.26,284208.63,4844257.08,353507.21,221349.46,369080.64,57129.34,598531.78,194361.7,532212.1,538935.65,582903.55,269781.47,526448.07,51859.8,412012.01,173687.7,72938.2,0,328665.86,335773.77,302312.99,0,739752.07,622794.61,248099.81,0,170860.24,0,0,133059.09,231442.57,946999.81,634503.78,433147.13,335831.93,0,532921.74,253037,201710.18,1256540.18,639470.22,550284.24,902214.93,298174.44,352337.7,984076.63,1080033.35,222187.21,0,311535.82,483463.94,696189.43,547630.16,139051.94,172654.58,496771.34,459212.95,409042.87,484484.44,0,482655.34,115843.68,167214.6,296356.42,0,148558.09,206629.24,411548.95,208617.27,194272.87,469082.45,704407.99,868389.31,291353.2,379236.2,166029.05,235051.36,880695.66,226510.48,229091.16,625496.98,60483.17,788279.78,654310.24,394340.666709677,cd8.positive.alpha.beta.t.cell,nnls
paneth.cell.of.epithelium.of.large.intestine,0,0,0,0,0,0,0,0,0,0,0,0,0,0,0,0,0,0,0,0,0,0,0,0,0,0,0,0,0,0,0,0,0,0,0,0,0,0,0,0,0,0,0,0,0,0,0,0,0,0,0,0,0,0,0,0,0,0,0,0,0,0,0,0,0,0,0,0,0,0,0,0,0,0,0,0,0,0,0,0,0,0,0,0,0,0,0,0,0,0,0,0,0,0,0,0,0,0,0,0,0,0,0,0,0,0,0,0,0,0,0,0,0,0,0,0,0,0,0,0,0,0,0,0,0,0,0,0,0,0,0,0,0,0,0,0,0,0,0,0,0,0,0,0,0,0,0,0,0,0,0,0,0,0,0,0,paneth.cell.of.epithelium.of.large.intestine,nnls
others,0,0,0,0,0,0,0,0,0,0,0,0,0,0,0,0,0,0,0,0,0,0,0,0,0,0,0,0,0,0,0,0,0,0,0,0,0,0,0,0,0,0,0,0,0,0,0,0,0,0,0,0,0,0,0,0,0,0,0,0,0,0,0,0,0,0,0,0,0,0,0,0,0,0,0,0,0,0,0,0,0,0,0,0,0,0,0,0,0,0,0,0,0,0,0,0,0,0,0,0,0,0,0,0,0,0,0,0,0,0,0,0,0,0,0,0,0,0,0,0,0,0,0,0,0,0,0,0,0,0,0,0,0,0,0,0,0,0,0,0,0,0,0,0,0,0,0,0,0,0,0,0,0,0,0,0,others,nnls
cd4.positive.alpha.beta.T.cell1,2.11,3.45,1.84,1.27,4.03,1.78,0.97,1.61,3.44,2.24,1.7,1.23,2.91,4.42,3.43,0.98,3.97,0.7,3.76,6.36,3.39,1.85,3.13,1.27,1.91,1.72,3.75,3.93,3.98,1.14,1.3,1.39,1.23,5.05,0.88,1.95,1.21,1.49,2.08,0.97,1.89,3.54,1.04,3.01,4.31,0.56,1.23,3.56,2.3,3.13,3.7,0.6,3.43,2.19,0.76,2.13,1.34,3.98,2.78,3.84,3.16,2.05,1.45,6.42,1.81,3.53,1.02,3.33,1.15,5.22,3.84,3.82,1.93,2.7,5.53,2.99,4.61,1.56,4.89,0.75,2.32,2.43,2.39,1.44,2.91,0.74,2.71,6.34,1.46,3.59,2.92,3.71,6.34,1.77,2.87,1.99,2.17,1.98,5.24,3.88,1.11,1.82,2.04,1.87,1.9,3.5,2.33,2.51,4.62,2.57,3.45,1.88,2.76,3.4,3.57,3,2.09,1.41,3.77,1.6,1.94,1.98,1.84,1.49,1.38,2.58,2.4,1.24,2.49,3.07,2.88,1.48,2.08,3.39,3.31,0,5.9,5.38,1.22,1.35,6.01,3.23,1.85,2.85,4.05,4.47,2.17,4.19,2.22,4.7,3.56,1.16,3.91,1.29,1.94,2.66,cd4.positive.alpha.beta.T.cell,DCQ
immature.enterocyte1,10.79,5.25,10.36,8.58,4.97,10.17,9.81,10.29,5.15,3.77,10.06,8.76,8.22,4.45,5.33,9.49,5.25,9.9,8.75,5.28,4.89,9.22,4.58,8.98,10.15,8.79,5.89,5.32,5.2,9.57,9.29,11.44,9.79,5.95,9.14,12.26,9.33,9.72,9.31,8.74,10.16,4.53,9.72,4.81,4.67,9.52,10.08,4.66,5.63,5.67,5.77,5.53,5.87,6.22,9.21,9.32,9.24,5.31,5.65,6.27,9.39,3.72,9.14,4.43,10.46,5.24,10.37,5.19,7.66,5.19,5,6.51,9.49,5.8,6.08,4.21,3.94,9.8,5.28,9.71,9.69,8.86,5.44,10.21,6.39,9.23,4.3,4.71,3.65,7.7,9.18,5.51,3.68,10.09,6.69,6.91,3.32,5.55,4.02,1.47,5.74,6.1,7.28,9.44,11.4,5.93,3.36,8.28,5.59,9.48,5.79,8.85,6.03,9.46,5.79,5.14,6.33,9.36,4.93,3.82,9.7,11.13,10.54,8.58,3.98,4.97,5.89,9.14,10.35,5.82,3.77,12.1,8.07,4.91,5.64,4.18,4.18,5.55,9.83,8.69,4.23,9.55,8.39,9.4,5.74,5.13,6.3,4.84,8.01,4.82,5.31,10.67,5.12,10.08,10.23,7.20116129032258,immature.enterocyte,DCQ
monocyte1,0,2.98,0,0.5,3.23,0,0,0,3.6,2.79,0,0,0.34,3.89,2.95,0,3.03,0,0.4,4.19,3.24,0,4.12,0,0,0,2.38,2.99,3.96,0,0,0,0,1.58,0,0,0,0,0,0,0,3.94,0,2.75,4.35,0,0,3.74,2.86,3.77,1.7,0,1.73,1.47,0,0,0,2.33,2.4,3.88,0,1.4,0,5.97,0,3.03,0,2.93,0,3.86,3.05,2.52,0,3,0.61,3.4,5.88,0,2.66,0,0,0,2.57,0,1.62,0,3.69,4.87,1.19,1.05,0,3.39,4.56,0,0.49,2.31,2.56,1.78,3.77,10.09,0.82,3.85,0,0,0,1.79,4.87,0.74,1.92,0,3.03,0,2.23,0,4.69,3.51,0.98,0,3.51,2.71,0.28,0,0,0,2.54,2.52,2.42,0,0,2.75,4.58,0,0,3.3,3.22,0.12,5.8,4.76,0,0,4.03,0,0,0,3.53,2.03,1.04,4.42,0,4.66,3.36,0,2.99,0,0,1.6538064516129,monocyte,DCQ
plasma.cell1,1.38,0,0,15.66,0.9,2.63,0.36,5.43,0.43,0,0,0.01,1,11.04,0.34,6.53,0.47,3.27,2.49,4.02,0,0,0.78,0.45,0.65,6.73,1.6,0.09,1.01,4.88,6.95,3.11,11.03,3.21,10.39,4.25,0,2.95,0,23.35,7.81,0,7.75,0,7.28,10.29,0,9.1,0,0.93,0.76,30.12,1.37,21.78,7.88,0.45,0,0.79,7.27,2.22,3.26,33.65,6.64,4.28,2.57,0.22,11.7,7.07,14.88,1.6,0.19,2.18,2.99,2.02,11.81,0.39,2.81,0,2.04,0,0.79,3.91,0,5.43,18.2,9.73,0,4.29,45.56,2.33,5.94,5.48,14.56,1.27,4.57,5.43,30.01,10.19,16.31,0,13.08,3.57,1.37,0.48,2.72,2.65,14.18,2.28,11.07,12.57,0,6.05,0,3.8,1.07,0,0,1.11,1.35,29.74,0,0.53,4.8,4.26,11.36,10.88,0,6.09,3.53,0,23.94,0,17,0,0.14,41.54,1.62,3.05,8.31,13.8,6.25,1.12,0.37,0,1.19,1.48,11.76,0.36,2.97,1.14,2.64,6.23,12.42,2.43,0,5.52122580645161,plasma.cell,DCQ
cd8.positive.alpha.beta.T.cell1,1.78,2.61,1.53,0.81,3.01,1.23,0.74,1.23,2.66,1.37,1.29,0.8,2.25,3.03,2.4,0.78,2.9,0.62,3.01,4.06,2.64,1.38,2,0.93,1.36,1.17,2.62,2.9,2.5,0.77,0.94,1.29,0.82,3.61,0.54,1.33,0.99,1.11,1.53,0.27,1.38,2.67,0.68,1.85,2.86,0.38,0.9,2.58,1.78,2.37,2.57,0.05,2.31,1.48,0.53,1.49,0.93,2.71,2.12,3,2.47,0.98,1.14,4.39,1.35,2.64,0.73,2.09,0.59,3.62,2.66,2.61,1.44,1.76,3.87,1.43,3.12,1.11,3.48,0.5,1.82,1.92,1.87,1.01,1.82,0.35,1.98,4.54,0.12,2.64,2.28,2.29,4.07,1.26,1.84,1.42,1.03,1.06,3.57,1.84,0.79,1.31,1.48,1.3,1.5,2.34,1.21,1.93,3.01,1.88,2.47,1.3,1.97,2.38,2.71,2.32,1.52,1.08,2.72,0.61,1.53,1.52,1.41,1.27,0.94,1.69,1.79,1.06,1.88,2.26,1.77,1.18,1.44,2.59,2.44,0,3.55,3.52,0.71,0.79,3.91,2.51,1.34,2.16,2.96,3.22,1.37,3.01,1.61,3.54,2.42,0.85,2.78,1,1.58,1.85541935483871,cd8.positive.alpha.beta.T.cell,DCQ
fibroblast1,2.91,14.32,2.73,5.23,17.79,3.03,2.57,3.5,17.27,19.38,2.84,3.19,7.74,14.9,15.61,3.92,14.78,2.27,5.94,18.42,16.48,5.31,19.97,3.18,3.29,3.36,15.75,15.9,18.01,2.91,4.6,2.89,2.98,14.79,2.57,2.54,2.31,2.48,3.53,3.8,4.73,18.52,2.87,17.67,17.5,2.32,2.3,14.32,13.7,15.08,13.78,4.86,12.86,10.07,2.25,4.84,2.95,13.53,13.49,16.4,6.07,11.4,2.92,23.1,3.57,16.36,2,13.6,3.63,17.9,14.84,12.23,3.39,12.79,9.56,17.96,23.07,2.92,19.01,1.83,5.78,4.31,14.74,2.76,11.07,2.14,17.5,18.74,10.79,10.45,5.67,12.19,22.01,3.55,9.43,12.58,13.73,10.63,17.02,40.37,10.36,15.69,7.13,4.17,3.27,11.41,21.52,8.76,12.26,5.77,14.1,4.17,13.24,5.74,16.31,14.78,8.85,3.39,19.22,14.32,7.5,2.92,2.79,5.75,13.27,13.88,12.45,2.66,4.19,13.46,14.09,2.11,5.35,17.18,14.15,8.61,22.36,16.1,2.26,3.79,15.36,5.19,5.78,6.68,15.81,16.23,9.67,18.35,5.58,17.64,13.17,2.75,13.86,2.4,4.38,9.96658064516129,fibroblast,DCQ
mature.enterocyte1,19.53,9.99,19.37,13.8,8.4,17.59,18.57,17.64,9.09,10.41,17.59,16.32,13.45,6.14,9.73,17.76,9.09,19.16,14.1,5.15,9.21,15.66,9.14,17.04,17.6,14.97,9.07,8.96,8.36,16.97,15.55,19.6,17.45,7.58,15.99,17.98,19.51,18.53,16.85,12.7,15.32,8.72,17.83,9.81,6.29,17.74,17.65,7.76,11.27,9.98,9.76,10.38,10.33,8.58,18.21,16.19,17.22,9.37,9.92,8.41,14.26,5.16,17.69,3.61,16.19,9.23,17.28,8.8,12.69,6.69,9.31,9.39,16.7,10.55,6.2,10.21,5.66,17.59,7.18,21.72,15.02,17.42,11.11,17.1,8.03,17.82,10.29,4.42,4.17,10.73,15.41,9.26,1.99,17.27,11.38,12.07,5.04,10.59,3.69,3.64,11.32,10.9,13.65,15.69,17.45,9.74,6.31,15.08,7.05,13.71,10.19,15.85,11.04,12.63,8.81,10.24,13.32,18.2,7.98,5.94,16.71,18.42,16.06,15.89,10.18,8.88,11.89,18.9,14.49,10.52,5,21.33,11.34,9.5,10.26,7.03,5.11,6.64,17.15,15.56,4.46,12.85,15.33,14.29,8.81,8.35,10.85,8.15,13.69,7.16,9.09,18.81,6.74,19.42,17.13,12.2321935483871,mature.enterocyte,DCQ
goblet.cell1,14.25,7.58,15.83,11.55,6.24,13.24,13.08,12.5,6.95,6.97,13.8,13.12,10.44,5.55,7.69,13.51,7.29,12.31,11.91,4.39,7.53,12.5,6.53,11.87,12.31,11.51,6.69,7.26,6.83,11.73,11.77,15.32,12.42,5.82,13.51,11.9,14.57,13.16,12.19,9.07,12.54,6.5,11.96,6.76,5.51,12.18,14.62,6.32,8.6,7.27,7.59,8.19,7.93,6.43,11.89,12.07,12.77,7.4,8.28,6.13,14.33,4.67,12.45,3.39,12.73,7.19,13.21,6.95,10.99,5.71,7.39,8.68,12.8,8.44,6.46,6.47,5.24,12.84,5.75,14.14,12.98,13.5,8.15,13.33,7.03,11.47,7.14,4.53,3.18,9.32,10.16,7.02,1.54,12.4,8.56,9.1,4.48,8.03,2.76,2.18,9.04,8.18,10.24,11.58,11.82,8.57,5.2,10.52,5.84,10.72,8.18,11.39,8.36,11.06,7.17,7.98,10.4,12.61,5.29,5.2,11.76,13.49,12.21,12.74,7.36,6.74,8.93,13.08,11.55,8.37,4.6,13.7,11.55,7.01,7.86,5.23,4.17,5.87,12.36,10.05,5.13,16.22,10.95,10.78,6.86,6.4,8.47,6.42,11.4,6.37,8.18,12.45,5.68,13.4,12.06,9.34883870967742,goblet.cell,DCQ
paneth.like.cell1,5.6,0.16,4.38,3.76,0.39,3.26,2.16,3.6,0.21,0,2.1,0.6,1.68,1.1,0.52,3.33,0.36,2.73,6.28,1.31,0.13,1.8,0,1.26,2.4,1.68,0.86,0.54,0.92,2.01,2.69,6.18,5.13,1.21,2.02,5.27,2.99,3.06,2.13,2.26,3.76,0.01,3.14,0.03,1.01,2.55,1.65,0.49,0.03,1.1,0.89,1.15,0.64,1.19,2.45,2.48,1.5,0.4,0.5,0.8,4.59,0.36,3.88,1.05,2.51,0.39,3.35,0.64,1.19,0.88,0.48,1.53,2.94,0.61,2.03,0,0.31,1.92,0.89,3.46,1.89,5.15,0.02,2.65,1.29,2.77,0,1.52,0,1.94,3.59,0.74,0.64,2.95,0.9,1.11,0.15,0.38,0.93,0,0.1,0.1,0.59,1.67,2.88,1.37,0,2.95,1.23,4.04,0.95,2.33,0.38,2.3,0.58,0.14,0.67,2.71,0.35,0.15,3.01,3.15,2.38,2.54,0,0.35,0.04,4.05,2.12,0.4,0.45,5,2.04,0.07,0.46,0,0.5,1.52,2.55,2.57,1.47,2.31,1.42,2.58,0.49,0.44,0.99,0.52,0.97,0.52,0.97,3.97,1.22,3.59,2.66,1.66632258064516,paneth.like.cell,DCQ
b.cell1,3.47,5.81,3.34,4.29,6.04,3.9,3.39,4.15,4.65,5.12,3.51,3.78,5.1,7.1,5.31,3.92,6.36,3.23,4.34,8.12,5.15,3.66,5.79,3.79,4.01,5.02,5.15,5.97,5.67,4.19,4.5,2.9,3.93,6.62,4.5,4.07,3.13,3.98,4.16,6.65,4.56,5.06,4.2,5.52,7.13,4.22,3.19,6.3,3.7,4.05,5.51,7.54,5.64,7.4,4.44,4.19,3.19,6.36,6.35,4.62,4.48,9.04,4.41,7.72,4.2,5.54,4.53,6.26,5.74,6.91,5.79,5.68,4.12,4.58,8.99,5.61,6.81,3.46,6.68,2.12,4.32,4.05,4.49,4.27,7.55,4.31,5.17,7.65,10.28,5.58,5.45,6.23,9.41,3.87,5.55,4.7,8.95,5.74,8.87,7.07,5.42,3.74,4.77,4.24,4.3,5.44,6.32,4.57,7.91,5.82,5.35,4.88,4.32,5.76,5.04,5.05,3.61,3.61,5.8,7.86,3.46,3.88,4.8,3.99,5.64,6.48,4.23,3.91,4.87,5.11,7.79,2.97,6.63,5.61,4.71,8.69,7.67,6.5,4.58,5.39,8.09,4.89,4.39,4.48,5.29,6.63,6.05,5.98,4.93,6.46,5.8,3.98,7,3.57,3.72,5.28451612903226,b.cell,DCQ
intestinal.transient.amplifying.cell1,14.06,13.93,15.8,13.2,11.61,17.25,19.19,15.44,12.7,13.99,18.92,20.82,16.59,10.24,14.16,15.57,13.34,18.31,11.36,9.37,13.72,18.68,11.92,20.36,18.11,18.1,12.79,13.05,12.62,18.27,16.15,13.17,13.85,12.14,16.77,15,18.23,17.2,18.94,13.78,14.42,11.54,16.51,13.15,9.55,16.63,19.9,11.27,15.92,12.11,14.43,12.47,15.26,10.88,17.17,17.69,20.24,14.25,12.1,11.32,12.51,8.49,15.67,6.68,17.71,12.97,14.71,13.57,17.08,11.09,13.63,14.62,17.41,15.68,12.09,13.31,8.53,19.7,10.62,18.08,16.87,14.21,15.11,17.21,11.13,16.95,12.91,8.42,6.96,15.24,13.69,13.94,4.21,18.28,16.4,13.21,8.29,15.25,5.79,0,14.1,14.12,19.22,19.36,16.84,15.39,8.32,14.15,11.58,11.4,14.22,16.66,15.96,16.39,12.86,14.16,18.13,18.35,10.41,8.96,15.56,17.32,17.19,16.09,13.35,12.44,16.68,15.68,17.34,14.59,7.81,16.24,13.13,12.26,14.46,10.78,8.54,11.51,16.91,14.91,9.86,15.92,18.81,17.2,13.04,12.87,14.23,11.48,18.54,10.99,14.08,15.61,9.89,17.12,17.74,14.2224516129032,intestinal.transient.amplifying.cell,DCQ
mast.cell1,1.2,2.97,0.77,0.74,3.32,0.86,0.94,0.98,3.35,2.5,1,0.91,2.15,3.01,2.85,0.79,2.99,0.56,2.22,3.38,3.25,1.28,2.74,0.98,1.1,1.15,3.07,2.96,2.48,0.79,0.96,1.04,0.5,3.26,0.58,0.67,0.63,0.74,1.21,0.58,1.09,3.16,0.55,2.66,2.91,0.67,0.77,2.56,2.42,2.44,2.4,0.64,2.59,1.62,0.47,1.14,0.81,2.89,2.44,3.24,1.84,1.24,0.92,3.79,0.99,2.93,0.6,2.51,0.57,3.27,2.78,2.7,1.06,2.31,2.54,1.81,3.22,0.97,3.09,0.07,1.64,1.18,2.72,0.83,1.93,0.36,2.77,3.68,0.81,2.4,1.72,2.53,3.36,0.98,1.9,1.81,1.54,1.88,3.03,2.6,1.5,2.42,1.77,1.2,1.11,2.16,2.26,1.94,2.7,1.44,2.87,1.08,2.3,1.72,3.35,3.11,1.66,0.99,3.32,1.33,1.58,0.89,0.88,1.45,1.9,2.21,2.53,0.68,1.53,2.37,2.16,0.68,1.5,2.98,2.89,0,2.89,3.15,0.43,0.68,2.58,1.7,1.4,2.09,3.13,3.05,1.77,3.27,1.67,3.53,2.52,0.6,2.89,0.68,1.3,1.86838709677419,mast.cell,DCQ
gut.endothelial.cell1,0.75,5.8,0.5,0.8,7.11,0.06,0,0.6,6.42,6,0,0,2.52,7.31,5.49,0.61,6.05,0,3.1,8.23,6.03,1.21,7.17,0,0.18,0.08,5.94,6.22,6.98,0,0.9,0.65,0.46,5.48,0,0.11,0,0,0.23,0.39,1.29,7.46,0.02,6.47,8.53,0,0,7.2,4.54,10.01,6.22,1.29,4.76,3.95,0,1,0,5.22,5.02,7.88,2.37,5.35,0.31,10.92,0.49,6.6,0,5.5,0.21,8.08,6.21,4.59,0.45,4.64,4.37,6.4,9.81,0,7.09,0,1.58,1.1,5.32,0,4.24,0,6.55,9.87,4.51,3.8,2.08,5.42,11.63,0.4,3.15,4.43,5.38,3.37,10.43,17.54,4.15,5.4,1.53,0.3,0.48,4.77,8.26,3.03,5.99,2.15,5.19,0.71,4.01,1.7,5.95,5.87,2.65,0.05,7.27,5.68,2.21,0.28,0.15,1.66,4.73,5.06,3.97,0.31,0.95,5.13,7.34,0,1.75,6.94,5.1,1.63,10.05,7.13,0,0.74,8.07,1.8,0.96,1.98,6.1,6.1,3.37,7.46,1.16,7.81,5.54,0.12,7.15,0,0.78,3.65870967741935,gut.endothelial.cell,DCQ
intestinal.crypt.stem.cell1,1.49,0,0,0.4,0,0,0,0,0,0,0,0,0,0,0,0,0,0,2.93,0,0,0,0,0,0,0,0,0,0,0,0,2.28,1.03,0,0,1.59,0,0,0,0,1.08,0,0,0,0,0,0,0,0,0,0,0,0,0.01,0,0,0,0,0,0,1.68,0,0,0.02,0,0,0.38,0,0,0,0,0,0,0,0.07,0,0,0,0,0,0,0,0,0,0.05,0,0,0.05,0,0,0.34,0,0.38,0,0,0,0,0,0.09,0,0,0,0,0,0.37,0,0,0,0,1.92,0,0,0,0,0,0,0,0,0,0,0,0,0,0,0,0,0,0,0.16,0,0,0.37,0.1,0,0,0,0,0,0,0,0,0.75,0,0,0,0,0,0,0,0,0,0,0,0,0,0.113161290322581,intestinal.crypt.stem.cell,DCQ
intestinal.enteroendocrine.cell1,0.08,0,0,0,0,0,0,0,0,0,0,0,0,0,0,0,0,0,0.54,0,0,0,0,0,0,0,0,0,0,0,0,0.72,0,0,0,0,0,0,0,0,0,0,0,0,0,0,0,0,0,0,0,0,0,0,0,0,0,0,0,0,0,0,0,0,0,0,0,0,0,0,0,0,0,0,0,0,0,0,0,0,0,0,0,0,0,0,0,0,0,0,0,0,0,0,0,0,0,0,0,0,0,0,0,0,0,0,0,0,0,0,0,0,0,0,0,0,0,0,0,0,0,0,0,0,0,0,0,0,0,0,0,0,0,0,0,0,0,0,0,0,0,0,0,0,0,0,0,0,0,0.03,0,0,0,0,0,0.00883870967741936,intestinal.enteroendocrine.cell,DCQ
neutrophil1,1.41,2.68,1.4,2.34,4.7,1.01,0.14,1.39,4.92,2.9,0.55,0.05,1.9,3.42,2.95,0.98,3.02,0.57,4.65,3.85,4.05,1.16,3.25,0.36,1.01,0.38,5.23,3.56,2.59,0.41,1.21,1.32,1.19,5.67,0.31,0.97,0.76,0.84,0.88,0,1.34,5.76,0.83,4.2,3.43,0.16,0.07,2.57,3.06,3.42,2.36,0.81,2.49,1.66,0.36,1.39,0.33,2.97,3.01,5.13,2.84,1.62,1.49,4.69,0.91,3.49,0.23,1.92,0.66,3.53,3.6,2.33,1.17,2.06,3.01,2.93,3.79,0.35,4.54,0.63,1.36,2.48,3.02,0.37,1.7,0.05,3.57,4.25,0,2.17,2.18,1.69,4.86,0.92,1.91,2.46,2.29,1.05,5.17,6.12,1.75,2.25,0.88,0.76,0.78,2.76,3.2,2.32,2.5,1.76,2.72,1.17,3.15,1.37,3.04,2.96,2.27,0.93,7.41,0.56,2.49,1.07,0.78,1.67,1.79,2.21,1.77,1.4,0.79,2.92,2.6,0.63,1.3,3.95,3.64,0,4.04,2.87,0.17,0.93,5.27,1.52,1.15,1.59,3.27,3.79,1.65,3.65,1.06,3.59,2.7,0.98,3.92,0.78,1.27,2.17090322580645,neutrophil,DCQ
intestinal.tuft.cell1,12.72,14.42,15.11,11.11,11.35,16.46,19.59,14.8,12.33,15.33,18.44,21.08,15.88,8.61,13.91,15.34,13.34,18.77,8.49,6.85,13.43,18.31,12.11,20.68,17.67,17.49,12.05,12.7,11.99,18.38,15.84,11.53,12.35,10.58,16.12,13.15,18.41,16.93,18.58,12.01,12.57,11.72,15.98,13.76,8.49,16.16,19.14,10.79,16.25,11.7,14.48,11.45,14.92,9.74,17.12,17.46,20.58,14.46,12.24,9.89,10.38,6.72,14.98,3.74,16.74,13,13.79,12.65,16.12,9.28,13.85,13.22,16.69,15.23,9.44,15.01,7.53,19.31,9.79,18.72,16.18,13.12,15.64,16.23,9.25,16.83,14.32,5.8,4.12,13.87,12.5,13.29,1.25,17.15,16.17,13.7,6.62,15.43,3.58,1.53,14.3,13.88,19.33,19.11,15.62,14.58,7.83,14.05,9.98,9.16,14.1,16.13,15.99,14.42,11.78,14.41,18.89,18.29,9.68,7.73,15.1,16,16.16,15.53,14.96,12.59,17.09,15.2,15.79,14.99,6.32,15.14,11.03,13.06,14.4,9.11,7.12,9.4,16.3,14.31,7.91,13.18,19.14,15.86,12.31,12.66,13.86,11.22,17.98,10.07,13.6,14.96,8.66,16.81,17.07,13.5487741935484,intestinal.tuft.cell,DCQ
transit.amplifying.cell.of.large.intestine1,0,0,0,0,0,0,0,0,0,0,0,0,0,0,0,0,0,0,0,0,0,0,0,0,0,0,0,0,0,0,0,0,0,0,0,0,0,0,0,0,0,0,0,0,0,0,0,0,0,0,0,0,0,0,0,0,0,0,0,0,0,0,0,0,0,0,0,0,0,0,0,0,0,0,0,0,0,0,0,0,0,0,0,0,0,0,0,0,0,0,0,0,0,0,0,0,0,0,0,0,0,0,0,0,0,0,0,0,0,0,0,0,0,0,0,0,0,0,0,0,0,0,0,0,0,0,0,0,0,0,0,0,0,0,0,0,0,0,0,0,0,0,0,0,0,0,0,0,0,0,0,0,0,0,0,0,transit.amplifying.cell.of.large.intestine,DCQ
cd8.positive.alpha.beta.t.cell1,6.46,8.06,7.03,5.97,6.91,7.52,8.49,6.83,6.84,7.24,8.21,9.33,7.84,5.8,7.35,6.49,7.77,7.6,5.72,7.04,6.86,7.98,6.77,8.86,8.25,7.84,7.16,7.65,6.9,7.97,7.34,5.18,5.83,7.45,6.67,6.96,7.93,7.82,8.36,5.43,6.05,6.87,6.93,7.54,6.16,6.62,8.5,6.79,7.93,6.98,8.07,4.92,7.85,5.31,7.27,8.17,8.92,8.03,6.45,6.97,6.36,4.14,6.9,5.79,7.76,7.63,6.11,6.98,6.85,7.17,7.38,7.39,7.42,7.83,7.34,7.87,5.68,8.48,7,8.27,7.74,6.36,7.41,7.18,5.79,7.24,7.09,6.32,3.21,7.19,6.89,7.31,5.5,7.84,8.19,6.77,4.43,7.1,5.72,1.67,6.42,6.67,8.71,8.84,7.57,7.58,4.82,6.9,6.76,5.61,7.39,7.55,8.27,7.87,7.3,7.33,8.65,7.9,7.01,3.8,7.16,7.43,8.02,7.09,6.6,6.52,7.93,6.61,7.96,8.22,4.9,7.07,5.69,7.26,7.33,3.08,6.51,7.04,7.23,6.45,7.38,7.27,8.72,8.05,7.43,7.16,6.46,6.68,8.23,6.96,7.05,6.86,5.77,7.42,8.12,7.01903225806452,cd8.positive.alpha.beta.t.cell,DCQ
paneth.cell.of.epithelium.of.large.intestine1,0,0,0,0,0,0,0,0,0,0,0,0,0,0,0,0,0,0,0,0,0,0,0,0,0,0,0,0,0,0,0,0,0,0,0,0,0,0,0,0,0,0,0,0,0,0,0,0,0,0,0,0,0,0,0,0,0,0,0,0,0,0,0,0,0,0,0,0,0,0,0,0,0,0,0,0,0,0,0,0,0,0,0,0,0,0,0,0,0,0,0,0,0,0,0,0,0,0,0,0,0,0,0,0,0,0,0,0,0,0,0,0,0,0,0,0,0,0,0,0,0,0,0,0,0,0,0,0,0,0,0,0,0,0,0,0,0,0,0,0,0,0,0,0,0,0,0,0,0,0,0,0,0,0,0,0,paneth.cell.of.epithelium.of.large.intestine,DCQ
others1,0,0,0,0,0,0,0,0,0,0,0,0,0,0,0,0,0,0,0,0,0,0,0,0,0,0,0,0,0,0,0,0,0,0,0,0,0,0,0,0,0,0,0,0,0,0,0,0,0,0,0,0,0,0,0,0,0,0,0,0,0,0,0,0,0,0,0,0,0,0,0,0,0,0,0,0,0,0,0,0,0,0,0,0,0,0,0,0,0,0,0,0,0,0,0,0,0,0,0,0,0,0,0,0,0,0,0,0,0,0,0,0,0,0,0,0,0,0,0,0,0,0,0,0,0,0,0,0,0,0,0,0,0,0,0,0,0,0,0,0,0,0,0,0,0,0,0,0,0,0,0,0,0,0,0,0,others,DCQ
cd4.positive.alpha.beta.T.cell2,1.3,1.64,3.34,0,1.67,1.92,0,0,0,0,7.09,0,3.27,0,3.79,0,5.1,0,4.16,19.73,0,2.29,0,0,5.92,0,6.73,2.67,7.31,0,0,0,0,14.48,0,0,0.16,0,8.8,0,0,0,0,0.22,0,0,4.06,0,0,0,11.19,0,5.84,0,0,5.1,9.55,11.05,0,0.76,5.22,0,0,10.37,0,0,0,0,0,11.72,7.28,8.1,0.22,0.07,6.86,4.99,0.59,7.12,7.58,4.16,2.71,1.75,0,0,0,0,0,14.3,0,5.82,0,9.91,4.4,0.16,4.16,0,0,0,0,0,0,0,0,0.99,0,4.21,0,0,7.68,0,3.29,0,1.17,12.09,0,0,2.27,0,0,0,0,4.15,0,0,0,0,0.01,0,1.36,0,0,1.86,0,0,4.33,0,14.7,19.64,0,0,12.68,9.65,0,4.96,7.84,9.59,0,2.71,0,4.32,3.03,0,0,0,2.41,2.59077419354839,cd4.positive.alpha.beta.T.cell,proportionsInAdmixture
immature.enterocyte2,0,0,0,0,0,1.77,1.88,0,0,0,10.81,16.6,3.9,0,0,0,0,0,0,3.2,0,7.05,0,7.79,4.42,4.14,0,0,0,2.05,0,0,0,0,0,21.27,0,0,0,2.21,0.69,0,0,0,0,0,19.82,0,0,0,0,0,0,0,0,1.6,10.66,0,0,0,0,0,0,0,15.38,0,0,0,0,0,0,1.95,0,0,8.23,0,0,11.95,0,0,12.4,0,0,0,0,0,0,0,0,8.53,0,0.06,0,11.4,0,0,0,0,0,0,0,0,5.53,13.94,10.7,0,0,0,0.14,0,0,0,0,17.31,0,0,0,0,0,0,0,0,11.29,0,0,0,0,0,11.68,0,0,0,0,0,0,0,0,4.49,0,0,0,0,4.47,13.18,0,0,0,0,0.68,0,0,0,0,0,0,1.82690322580645,immature.enterocyte,proportionsInAdmixture
monocyte2,0,2.51,0,2.2,0.23,0,0,0,1.26,1.26,0,0,0.58,2.42,1.09,0.3,1.81,0.41,0,1.04,0.82,0,2.97,0,0,0,0,0.85,1.86,0,0.03,0.02,0.6,0,0,0,0,0,0,0,0,1.72,0,0.83,2.34,0.05,0,2.64,3.59,1.91,0,0.19,0,0.61,0,0,0,1.45,1.43,1.57,0,0.22,0,1.81,0,0.46,0.02,2.4,0,0.41,2.59,2.01,0,4.84,0,3.45,2.42,0,0,0,0,0.45,1.19,0,0.27,0.2,3.37,0.72,0.96,0,0,5.29,0,0,0,2.34,0.79,2.29,0.29,4.64,0,4.37,0.33,0,0,0.16,1.95,0.6,0,0,2.73,0,2.22,0,5.62,3.72,3.78,0,0.44,0.78,0.9,0,0,0,2.08,1.29,4.86,0.06,0,3.12,3.4,0,0,1.13,3.7,0.77,3.82,4.28,0,0,3.38,0,0,0,2.48,0,0.26,2.98,0,2.74,4.1,0.25,0.8,0,0,1.01367741935484,monocyte,proportionsInAdmixture
plasma.cell2,10.6,0,7.1,46.66,0,25.39,20.96,28.53,0.24,0,6.41,25.37,9.9,32.43,1.48,30.24,0,30.39,8.47,3.62,0,8.25,3.6,26.6,15.88,48.29,2.89,0,2.99,41.07,38.09,16,37.15,4.01,44.94,24.69,9.37,24.26,12.59,68.11,34.67,0,40.63,0,18.57,45.34,8.26,29.09,0.55,3.98,1.69,64.23,7.8,51.55,39.21,14.76,3.49,1.04,21.25,5.17,11.35,62.14,28.36,3.44,23.69,0,43.42,27.5,64.2,0,0.78,9.32,26.18,16.85,30.37,4.39,3.59,10.73,0.35,1.68,9.67,18.51,0,34.19,49.72,48.71,0,2.85,68.72,10.69,23.95,22.06,24.22,21.38,29.7,21.63,56.45,45.69,32.53,0,39.46,16.35,23.87,20.76,20.82,16.68,30.03,12.69,32.74,39.1,0,34.47,3.14,19.28,2.53,0,3.5,22.18,1.02,55.17,2.76,12.08,32.08,22.7,33.97,35.33,1.28,25.26,25.29,0,49.57,9.25,51.59,0,1.47,70.43,0.35,5.1,44.96,50.71,14.78,5.96,17.36,5.12,2.4,0.96,41.64,0,30.84,0,11.92,31.24,35.34,22.75,7.99,19.9556774193548,plasma.cell,proportionsInAdmixture
cd8.positive.alpha.beta.T.cell2,0.29,0,0,1.98,0,0,0.98,0,0,0.79,0,0,0,0,0,3.19,0,3.84,0,0,2.53,0,0,0,0,0,0,0,0,1.87,2.31,3.73,1.96,0,3.45,0,0,0,0,3.02,1.92,0,1.55,0,0,4.12,0,0,0,0,0,5.23,0,4.99,2.61,0,0,0,1.79,0,0,3.52,1.63,0,0,0,3.34,0,1.92,0,0,0,0,0,0,0,0,0,0,0,0,0,0,0.37,0,2.1,1.94,0,2.29,0,0,0,0,0,0,0.92,0.9,0,0,1.1,4.84,2.34,0,0,1.28,0,0.83,0,0,0,0,0,0,0,0,0,0,0,0,4.32,0.7,0,1.29,3.15,5.12,0.27,0,2.12,0,0,0.07,0,1.76,0,0,5.15,0,0,0,1.64,0,0,0,0,0,0,1.56,0,0,0,0,2.29,0,0.39,0,0.718064516129032,cd8.positive.alpha.beta.T.cell,proportionsInAdmixture
fibroblast2,4.33,45.67,4.25,5.9,53.94,5.83,3.92,6.34,55.62,52.87,5.82,9.63,27.42,34.97,55.46,6.49,45.7,1.68,8.81,43.3,49.27,18.82,49.73,8.17,6.89,5.57,53.49,51.3,56.23,4.4,9.32,4.31,1.74,47.13,1.28,2.25,3.74,3.33,8.43,3.33,8.9,48.78,3.03,49.51,41.85,1.69,3.36,35.77,51.24,41.72,50.9,3.79,47.11,16.39,1.77,14.56,8.98,42.72,32.82,52.88,13.41,13.57,3.2,50.7,7.11,55.06,0.28,39.13,3.4,51.42,43.91,42.74,5.22,48.1,19,47.78,52.78,5.93,57.86,3.64,17.36,6.84,54.56,3.41,22.17,1.38,46.25,47.7,10.23,38.27,11.43,33.65,39.78,6.69,35.1,33.74,19.42,28.95,30.31,46.44,21.13,44.52,31.17,13.06,5.38,39.85,37.89,27.08,30.09,10.76,49.54,8.7,52.83,15.27,51.29,47.61,38.34,7.24,45.56,19.72,22.86,4.55,3.16,12.51,28.06,35.01,52.89,2.47,9.12,45.13,20.46,3.76,7.56,49.63,48.84,9.07,46.06,42.96,1.62,4.7,31.68,11.61,24.6,23.89,52.05,50.5,21.88,52.47,18.85,46.68,41.35,2.55,30.97,3.13,13.39,25.7769032258065,fibroblast,proportionsInAdmixture
mature.enterocyte2,48.55,11.29,46.24,18.09,10.19,36.63,42.75,37.17,12.22,11.16,28.72,7.91,18.41,8.46,10.16,35.28,10.73,43.87,33.29,1.91,11.85,24.21,11.78,29.3,36.43,16.84,8.24,11.1,8.52,29.66,26.2,44.46,38.09,1.55,22.76,33.12,50.97,42.8,33.79,13.45,27.63,14,39.23,11.88,9.51,32.86,19.86,10.99,11.36,16.57,4.51,12.5,7.98,11.47,37.83,31.17,26.9,6.92,12.15,8.71,20.71,9.38,36.63,7.34,20.93,11.93,30.25,7.29,8.23,6.17,10.92,3.68,34.53,9.4,0,8.25,12.52,33.28,8.36,64.54,14.1,40.31,12.18,30.96,7.79,33.55,14.7,5.03,8.99,4.59,38.96,5.28,6.87,36.01,6.55,18.11,9.58,8.67,7.36,13.33,12.8,10.76,8.8,16.09,33.71,6.15,12.19,35.15,3.16,25.11,12.59,29.15,8.05,0,9.02,13.21,17.73,47.12,10.71,10.14,37.92,42.03,20.38,27.68,13.06,9.88,9.98,42.18,10.7,14.07,10.07,60.8,10.37,15.19,10.78,8.11,7.49,2.04,31.31,29.18,1.66,2.61,23.19,19.37,7.27,5.23,12.51,11.61,8.53,12.73,9.24,43.69,8.58,48.7,36.6,19.1988387096774,mature.enterocyte,proportionsInAdmixture
goblet.cell2,16.11,2.2,24.57,9.84,1.29,18.31,14.16,12.25,1.48,1.99,24.93,29.33,9.76,0.8,2.37,14.61,2.42,5.04,12.69,0,2.48,18.83,2.84,8.55,12.25,12.97,0,2.6,1.23,9.03,11.74,19.31,7.74,0,17.52,7.11,19.57,13.74,12.42,4.73,16.4,1.75,6.54,0.69,1.89,8.95,31.36,1.82,1.84,0.84,0.83,3.94,1.11,2,6.1,13.36,20.35,1.78,7.92,0.25,28.76,1.52,9.48,0.36,18.67,2.09,14.72,0.36,11.63,0.6,1.72,6.97,15.75,1.63,2.14,1.49,3.13,15.89,1.42,11.83,24.61,13.56,1.82,18.27,5.31,5.41,2.46,1.03,0.55,8.24,4,0,0,10.9,2.2,6.81,1.19,1.41,0,2.23,7.27,3.63,4.91,12.85,9.84,2.7,2.45,7.85,0.53,12.4,3.65,9.94,1.25,17.51,1.39,3.14,7.01,10.04,0,1.82,10.48,16.57,16.06,15.83,2.28,1.83,3.51,8.77,17.64,3.62,1.63,11.25,17.9,3.07,1.68,0.63,0.12,0,12,2.84,0.67,45.18,7.59,7.96,0.29,0.35,4.14,1.92,18.36,2.58,5.01,7.46,1.46,12.09,13.68,7.58270967741935,goblet.cell,proportionsInAdmixture
paneth.like.cell2,0,0,0,0.81,1.21,0,0,0,0,3.05,0,0,0,1.99,1.16,0,0,0,0,4.58,0,0,2.02,0,0,0,0.11,0,1.8,0,0,0,0,2.95,0,0,0,0,0,0,0,0,0,2.87,1.47,0,0,0,0,0,3.18,0,2.03,0,0,0,0,1.35,0,0,0,0,0,2.79,0,0,0,2.39,0,1.67,0.27,0.95,0,0,4.07,4.01,0,0,0.3,0,0,0,0,0,0,0,0,2.99,0,0,0,2.69,2.99,0,1,0,0,0.11,3.35,2.48,0,0,0,0,0,2.37,0,0,2.75,0,0,0,1.15,0,0,0,0,0,3.33,0,0,0,0,0,0,0.04,0.08,0,0,0,0,0,0,0,0,0,2.81,3.96,0,0,5.46,0,0,0,0,2.79,0,0.87,0,0,0,0,0.47,0,0,0.572387096774194,paneth.like.cell,proportionsInAdmixture
b.cell2,3.47,14.27,4.32,0,9.96,3.84,5.19,3.34,2.31,9.56,6.57,4.65,12.12,5.74,8.39,2.87,14.22,1.87,2.23,11.3,8.37,6.18,8.51,6.29,6.09,7.02,3.14,11.85,7.98,4.28,3.83,1.96,0,8.1,1.94,3.47,5.52,4.65,9.53,2.95,3.27,4.77,2.95,10.23,8.9,1.59,4.46,4.17,1.9,0,8.65,1.25,11.32,3.75,4.63,7.59,6.78,14.25,9.01,0,3.18,1.83,3.55,7.75,5.29,9.27,1.82,9.16,3.03,11.27,10.22,10.67,5.04,3.47,14.69,7.64,8.84,6.22,9.72,3.08,6.18,2.6,8.67,4.52,6.25,1.61,9.66,9.34,0.98,11.12,8.42,9.22,6.94,4.9,8.42,4.11,3.41,5.54,5.73,6.77,1.5,0,12.06,7.99,6.1,8.33,2.34,7.15,10.79,4.41,11.11,5.61,3.35,9.72,5.63,9.4,3.35,5.26,5.86,1.03,3.51,5.5,5.65,1.87,3.71,6.54,6.98,2.22,6.41,9.93,1.96,4.02,5.49,8.63,4.95,1.81,10.24,7.27,4,3.01,10.25,6.58,10.57,9.37,5.12,13.04,5.57,9.1,9.81,10.76,10.76,2.94,4.84,3.99,4.71,6.12632258064516,b.cell,proportionsInAdmixture
intestinal.transient.amplifying.cell2,0,0,0,0,0,0,0,0,0,0,0,0,0,0,0,0,0,0,0,0,0,0,0,0.99,0,0,0,0,0,0,0,0,0,0,0,0,0,0,0,0,0,0,0,0,0,0,0,0,0,0,0,1.74,0,0.55,0.1,0,0,0,0,0,0,0.55,0,0,0,0,0,0,1.32,0,0,0,0,0,4.34,0,0,0,0,0,0,0,0,0,0,0,0,0,0.88,0,0,0,0,0,0,0,1.1,0,0,0,0,0,0.83,0,0,1.3,0,0,0,0,0,0,0,0,0,0,0,0,0,0.53,0,0,0,0,0,0,0,0.79,0,0,0.6,0,0,0,0,1.49,0,0,0,0,0,0,0,0,0,0,0.76,0,0,0,0,0,0,0,0,0.115290322580645,intestinal.transient.amplifying.cell,proportionsInAdmixture
mast.cell2,0,0,0,0,0,0,0,0,0,0,0,0,0,0,0,0,0,0,0.26,0,0,0,0,0,0,0,0,0,0,0,0,0,0,0,0,0,0,0,0,0,0,0,0,0,0,0,0,0,0,0,0,0,0,0,0,0,0,0,0,0,0,0,0,0,0,0,0,0,0,0,0,0,0,0,0,0,0,0,0,0,0,0,0,0,0,0,0,0,0,0,0,0,0,0,0,0,0,0,0,0,0,0,0,0,0,0,0,0,0,0,0,0,0,0,0.12,0,0,0,0,0,0,0,0,0,0,0,0,0,0,0,0,0,0,0,0,0,0,0,0,0,0,0,0,0,0,0,0,0,0,0,0,0,0,0,0,0.00245161290322581,mast.cell,proportionsInAdmixture
gut.endothelial.cell2,1.86,9.4,2.28,0,8.58,1.48,1.88,1.91,7.16,7.2,2.32,2.18,5.88,9.11,6.98,1.53,8.5,1.16,3.09,7.11,7.04,5.14,7.39,2.88,2.58,1.47,6.63,7.99,7.86,1.1,1.75,1.41,0.36,4.07,0.84,0.12,2.07,1.33,3.24,0,1.41,8.21,1.04,8.26,10.4,0.6,1.41,10.73,7.16,24.06,12.9,1.32,8.4,2.62,0.78,3.65,3.45,7.83,5.17,12.86,2.45,3.85,1.36,9.62,2.43,9.55,0.51,8.24,0.51,10.16,9.55,5.94,2.46,8.32,3.56,8.84,8.43,2.46,5.24,1.96,4.05,1.57,9.29,1.26,2.96,0.27,8.6,11.59,2.56,5.35,2.99,9.63,10.1,3.32,6.62,5.04,2.71,4.33,11.99,10.8,5.81,6.72,5.53,2.49,2.22,9.6,5.53,4.74,8.42,1.72,7.24,2.3,5.41,3,5.88,9.76,8.07,2.34,5.89,3.2,3.91,2.28,1.1,3.36,5.41,5.04,8.54,1.38,2.58,8.03,6.38,1.7,1.55,8.93,7.32,0.3,9.45,7.59,0.32,1.66,9.69,2.89,4.14,4.49,7.57,7.14,3.94,8.69,4.41,8.63,8.73,0.9,9.3,1.56,3.47,5.07006451612903,gut.endothelial.cell,proportionsInAdmixture
intestinal.crypt.stem.cell2,3.49,1.14,0,11.27,0,0,0,3.05,5.46,0,0,0,1.48,0,0,0.85,1.31,5.14,12.33,0,3.5,0,0,2.99,1.76,2.87,3.51,1.74,0,3.28,0,0,6.04,2.97,3.75,0,1.09,3.99,6.1,1.76,0.06,6.55,2.39,2.8,0,2.41,0,1.04,8.95,4.94,0,5.57,0,4.03,4.26,2.02,2.52,1.14,1.03,4.34,0.32,2.32,9.57,0,0,1.21,1.56,0,4.68,0,4.31,0,4.94,1.49,0.98,0,0,0,0,0,0,10.55,0,2.45,3.87,6.29,0,0,2.89,0,4.36,0,0.18,0,0.69,0.93,3.24,0,2.45,0,2.27,4.52,0,2.88,1.57,1.29,2.09,0,0.81,0.59,0,5.66,6.96,0,9.07,2.53,6.01,1.07,9.89,1.79,5.44,3.18,2.49,2.26,2.5,0.11,2.34,7.48,3.05,4.36,3.98,0,1.49,1.38,4.56,1.1,0,0,2.41,4.76,0.38,0,0,0.43,6.03,0.25,4.32,0,2.67,3.2,0,2.95,1.01,2.03,2.06,2.26722580645161,intestinal.crypt.stem.cell,proportionsInAdmixture
intestinal.enteroendocrine.cell2,0,1.8,0,0,0.42,0,0,0,0,0.76,0,0,0,0,0,0,1.78,0,0,0,0.88,0,0.13,0,0,0,0,1.12,0,0,0,0,0,0,0,0,0,0,0,0,0,0.24,0,0.19,0,0,0,0,0.77,0,0,0,0.26,0,0,0,0,1.01,0,0,0,0,0,0.04,0,0.45,0,0,0,0,0.91,0,0,0,0,0,0.6,0,0.26,0,0,0,0.96,0,0,0,1.71,0,0,0,0,0,0,0,0,0,0,0,0,0.9,0,0,0,0,0,0,0,0,0,0,0.94,0,0.2,0,1.31,1.08,0.03,0,0,0,0,0,0,0,0.28,0,1.23,0,0,1.54,0,0,0,0.56,0.71,0,0.07,0,0,0,0,0,0,0,1,0.54,0,0.87,0,1.62,0,0,0,0,0,0.175290322580645,intestinal.enteroendocrine.cell,proportionsInAdmixture
neutrophil2,3.05,4.83,3.07,2.38,10.16,2.64,1.62,3.39,12.46,6.22,2.91,1.69,4.82,1.61,5.78,1.31,4.48,1.36,7.05,2.44,9.26,4.27,5.63,2.66,3.4,0,13.99,6.02,1.43,0.34,1.86,2.98,0.24,12.95,0,1.44,2.44,1.82,3.13,0,1.48,12.34,0.73,8.69,2.05,0,2.28,1.73,9.25,5.98,2.53,0,4.71,0,0.01,3.4,3.64,4.51,4.71,13.46,5.64,0,2.69,3.72,2.5,6.66,0,0.58,0,3.98,5.38,2.61,2.33,2.82,0.08,4.7,3.7,2.37,6.84,2.34,4.53,3.3,8.61,0.23,0,0,7.05,2.45,0,3.4,2.34,0,2.99,2.04,2.93,3.68,0,0,4.67,5.93,1.74,4.77,1.83,3.58,2.3,3.53,2.64,3.99,0.4,1.21,4.73,1.87,9.66,1.9,5.41,6.58,7.82,2.89,15.25,0,7.32,2.85,1.99,3.91,1.13,1.63,5.15,1.77,2.38,4.71,0.13,2.71,0.36,7.76,9.21,0,2.8,0.56,0,0,4.46,3.4,3.96,5.29,6.13,6.57,1.1,5.46,3.24,4.1,2.61,1.18,4.58,1.98,4.96,3.54329032258065,neutrophil,proportionsInAdmixture
intestinal.tuft.cell2,0,3.07,0,0,2.33,0,0,0,1.79,4.78,0,0,1.56,2.48,3.33,0,3.07,0,0,1.78,3.99,0,3.66,0.85,0,0,1.27,2.22,2.62,0.04,0.52,0,0,1.18,0,0,0,0,0,0.43,0,1.64,0,3.18,3.02,0,0,2.02,1.74,0,2.33,0.24,3.45,2.04,0,0,0,4.1,2.19,0,0,1.1,0,2.06,0,2.37,0,2.94,0.5,2.58,2.15,3.56,0,1.84,3.14,3.42,3.41,0,1.72,0,0,0,2.73,0,1.65,0,3.22,1.99,0.94,3.77,0,2.22,1.52,0,2.61,1.88,1.2,3.02,1.32,3.65,0.34,2.03,3.85,1.41,0,3.51,2.05,0,2.5,0,4.18,0,2.53,0,1.16,2.98,0.78,0,1.33,1.5,0,0,0,0,2.4,3.02,3.16,0,0.73,2.49,1.76,0,0,3.07,2.47,1.14,2.04,2.09,0,0,2.4,0,2.77,1.8,1.81,3.03,2.33,3.31,0.95,2.54,3.24,0,2.65,0,0,1.35987096774194,intestinal.tuft.cell,proportionsInAdmixture
transit.amplifying.cell.of.large.intestine2,2.42,0,0.32,0,0,0.78,0,0.21,0,0.35,1.04,0.79,0,0,0,0,0,0,1.8,0,0,0.11,1.72,0,0,0,0,0,0.16,0,0,2.17,0,0,0,2.57,0,0,0,0,0.01,0,0,0.65,0,0,1.5,0,0,0,0,0,0,0,0,0,0,0,0.55,0,5.23,0,0,0,1.01,0,0,0,0,0,0,0,0,0,0,1.04,0,0,0.36,0,1.29,0,0,0,0,0,1.05,0,0,0.21,0,0,0,0,0,0,0,0,0,1.74,0,0,0,1.66,0.73,0,0,0.12,0,1.91,0,0,0,3.11,0,0,0,0,0.02,0,0,0,1.11,0.82,0,0,0,0,5.05,0,0,0.5,1.14,0.6,0,0,0.05,0,0,0,0,5.77,0,0,0,0,0,0,0.41,0,0,0,0,0,2.24,0.350451612903226,transit.amplifying.cell.of.large.intestine,proportionsInAdmixture
cd8.positive.alpha.beta.t.cell2,0.12,2.18,1.57,0.86,0,0,2.75,0,0,0,0.34,0.09,0,0,0,0,0.87,0,0.42,0,0,0,0,0.52,0.49,0,0,0.54,0,0,0.79,0,0,0.6,0,2.36,1.54,0.69,0,0,0,0,0,0,0,0,1.2,0,1.65,0,1.29,0,0,0,0,1.12,1.47,0.84,0,0,0,0,0,0,0,0.92,0,0,0,0.01,0,1.5,0,1.16,2.54,0,0,1.4,0,3.43,0,0,0,0,0,0,0,0,0,0,0.52,0,0,1.07,0,0,0,0,0,0,0,0,1.29,0.65,0,0.32,0,0,0,0,0,0,2.07,0,1.57,0,1.31,0.62,0.71,0,0,0,0,0,0,0,0,0,0,2.77,0,1.46,0,0,0,0,0,0.03,0,0,2.51,0,1.36,2.9,0,0,0,0,0,0.09,0,0,0,0.24,0,0.366129032258065,cd8.positive.alpha.beta.t.cell,proportionsInAdmixture
paneth.cell.of.epithelium.of.large.intestine2,4.42,0,2.95,0,0,1.41,3.91,3.82,0,0,3.03,1.75,0.91,0,0,3.33,0,5.23,5.4,0,0,4.85,0,2.42,3.89,0.83,0,0,0,2.87,3.56,3.65,6.09,0,3.51,1.62,3.52,3.39,1.98,0,3.57,0,1.9,0,0,2.39,2.45,0,0,0,0,0,0,0,2.71,1.68,2.21,0,0,0,3.75,0,3.53,0,3,0,4.08,0,0.58,0,0,0,3.32,0,0,0,0,2.64,0,3.35,3.12,0.56,0,4.34,0,0.48,0,0,0,0,3.03,0,0,2.13,0,0.81,0,0,0,0,2.85,0,0,1.64,5.35,0,0,0.63,0,2.78,0,2.31,0,0.81,0,0,0,1.23,0,0,4.22,6.81,3.41,5.9,0,0,0,5.49,4.03,0.24,0,2.7,0.8,0.05,0,0,0,0,3.4,1.52,0,6.35,0,1.23,0,0,0,0,1.24,0.02,0,4.55,0,3.15,8.48,1.38812903225806,paneth.cell.of.epithelium.of.large.intestine,proportionsInAdmixture
others2,0,0,0,0,0,0,0,0,0,0,0,0,0,0,0,0,0,0,0,0,0,0,0,0,0,0,0,0,0,0,0,0,0,0,0,0,0,0,0,0,0,0,0,0,0,0,0,0,0,0,0,0,0,0,0,0,0,0,0,0,0,0,0,0,0,0,0,0,0,0,0,0,0,0,0,0,0,0,0,0,0,0,0,0,0,0,0,0,0,0,0,0,0,0,0,0,0,0,0,0,0,0,0,0,0,0,0,0,0,0,0,0,0,0,0,0,0,0,0,0,0,0,0,0,0,0,0,0,0,0,0,0,0,0,0,0,0,0,0,0,0,0,0,0,0,0,0,0,0,0,0,0,0,0,0,0,others,proportionsInAdmixture
cd4.positive.alpha.beta.T.cell3,0,0,0,0,0,0,0,0,0,0,0,0,0,0,0,0,0,0,0,0,0,0,0,0,0,0,0,0,0,0,0,0,0,0,0,0,0,0,0,0,0,0,0,0,0,0,0,0,0,0,0,0,0,0,0,0,0,0,0,0,0,0,0,0,0,0,0,0,0,0,0,0,0,0,0,0,0,0,0,0,0,0,0,0,0,0,0,0,0,0,0,0,0,0,0,0,0,0,0,0,0,0,0,0,0,0,0,0,0,0,0,0,0,0,0,0,0,0,0,0,0,0,0,0,0,0,0,0,0,0,0,0,0,0,0,0,0,0,0,0,0,0,0,0,0,0,0,0,0,0,0,0,0,0,0,0,cd4.positive.alpha.beta.T.cell,DeconRNASeq
immature.enterocyte3,0,0,0,0,0,0,0,0,0,0,0,0,0,0,0,0,0,0,0,0,0,0,0,0,0,0,0,0,0,0,0,0,0,0,0,0,0,0,0,0,0,0,0,0,0,0,0,0,0,0,0,0,0,0,0,0,0,0,0,0,0,0,0,0,0,0,0,0,0,0,0,0,0,0,0,0,0,0,0,0,0,0,0,0,0,0,0,0,0,0,0,0,0,0,0,0,0,0,0,0,0,0,0,0,0,0,0,0,0,0,0,0,0,0,0,0,0,0,0,0,0,0,0,0,0,0,0,0,0,0,0,0,0,0,0,0,0,0,0,0,0,0,0,0,0,0,0,0,0,0,0,0,0,0,0,0,immature.enterocyte,DeconRNASeq
monocyte3,7.22,10.37,8.1,9.59,9.75,8.27,9.38,7.96,9.61,13,9.26,10.08,8.88,8.77,9.46,8.41,9.77,9.24,5.86,9.27,10.19,8.27,13.02,9.62,8.85,8.66,7.02,9.45,9.64,9.22,8.44,6.73,7.55,4.85,8.77,7.06,9.01,8.76,8.96,7.93,6.7,10.88,8.21,11.61,10.26,8.91,9.68,8.93,10.44,8.48,6.48,9.23,8.76,8.13,8.98,8.39,9.65,9.87,10.41,8.31,5.56,8.36,8.34,10.6,8.5,9.14,7.67,9.79,8.69,8.95,10.35,8.38,8.28,10.1,2.84,13.16,11.7,9.4,6.77,9.64,8.63,7.99,9.92,8.44,7.98,9.12,12.72,6.49,10.64,7.06,6.87,10.55,8.84,9.09,8.27,10.34,9.14,9.82,8.09,17.08,8.73,11.98,9.64,9.24,8.73,7.64,12.54,8.36,6.72,6.33,9.78,8.83,9.95,7.49,11.37,10.92,10.05,9.12,10.78,9.3,9.41,8.92,8.75,8.84,11.04,9.64,11.14,8.27,8.28,10.15,10.95,8.39,7.34,10.37,10.25,10.89,13.02,9.61,8.58,8.14,10.7,7.2,9.33,8.09,9.84,8.87,8.59,11.06,9.17,10.11,9.61,8.3,8.08,8.77,9.11,9.13658064516129,monocyte,DeconRNASeq
plasma.cell3,7.51,4.87,6.21,22.55,6.07,9.5,7.91,12.24,4.68,8.08,6.56,8.16,6.86,16.54,5.17,13.39,5.35,10.52,6.55,7.97,4.59,5.51,8.58,8.13,7.8,13.4,4.78,4.9,5.47,11.8,13.39,9.8,19.06,5.95,17.11,11.18,6.47,10.08,6.95,31.82,14.86,5.37,14.67,6.81,11.91,17.05,7.01,13.79,4.21,3.66,4.28,36.7,6.43,30.19,14.72,6.93,5.79,6.32,12.6,4.7,8.49,41.84,13.49,8.36,9.41,4.75,19.4,12.03,21.27,5.48,5.67,6.04,9.67,6.53,18.14,8.7,7.99,6.68,5.75,5.24,7.35,10.23,4.77,12.45,25.52,16.39,6.75,5.28,48.04,6.85,11.98,10.35,18.95,8.41,9.93,10.87,37.26,15.58,22.14,11.04,18.27,9.16,8,7.66,9.75,6.67,17.41,7.76,17.01,21.08,4.58,12.68,5.05,9.95,5.37,5.04,4.35,8.2,6.93,36.41,5.49,8.01,11.69,10.59,15.98,15.91,5.61,13.05,10.06,4.66,32.18,7.01,25.35,5.58,4.89,43.33,8.23,5.94,15.25,20.81,10.83,7.21,7.35,5.19,5.55,7.01,17.64,5.69,9.43,4.82,6.76,13.26,18.15,9.7,6.64,11.3723225806452,plasma.cell,DeconRNASeq
cd8.positive.alpha.beta.T.cell3,0,0,0,0,0,0,0,0,0,0,0,0,0,0,0,0,0,0,0,0,0,0,0,0,0,0,0,0,0,0,0,0,0,0,0,0,0,0,0,0,0,0,0,0,0,0,0,0,0,0,0,0,0,0,0,0,0,0,0,0,0,0,0,0,0,0,0,0,0,0,0,0,0,0,0,0,0,0,0,0,0,0,0,0,0,0,0,0,0,0,0,0,0,0,0,0,0,0,0,0,0,0,0,0,0,0,0,0,0,0,0,0,0,0,0,0,0,0,0,0,0,0,0,0,0,0,0,0,0,0,0,0,0,0,0,0,0,0,0,0,0,0,0,0,0,0,0,0,0,0,0,0,0,0,0,0,cd8.positive.alpha.beta.T.cell,DeconRNASeq
fibroblast3,0.67,12.98,0.02,1.88,17.36,0.21,0,0.81,18.5,10.2,0,0,5.72,18.73,16.29,1.22,14.68,0,6.07,21.92,15.84,3.02,12.54,0,0.22,0.01,19.67,16.31,20.39,0,1.82,1.13,0,21,0,0.23,0,0,0.44,0.13,3.26,16.7,0,12.23,18.48,0,0,16.95,12.71,16.4,16.41,0.03,12.51,9.64,0,2.35,0,12.06,11.46,20.58,6.28,8.83,0,25.78,0.57,17.18,0,13.5,0,20.84,13.43,14.43,0.44,12.73,13.62,10.08,22.17,0,24.28,0,3.29,2.17,13.61,0,11.52,0,11.3,31.15,4.71,11.83,4.48,11.61,24.28,0.36,8.08,10.99,13.22,9.06,19.41,9.3,8.18,12.87,3.98,0.97,0.19,12.67,16.38,8.16,14.63,4.93,14.55,1.02,12.22,3.78,17.2,13.33,6.37,0.29,16.44,13.79,5.51,0,0,2.98,10.2,13.46,9.74,0,1.26,12.55,14.33,0,2.75,15.65,13.98,3.37,16.94,21.83,0,0.44,14.73,3.29,2.78,5.11,16.89,15.7,8.53,17.81,2.43,20.42,14.47,0,16.08,0,1.44,8.47051612903226,fibroblast,DeconRNASeq
mature.enterocyte3,31.54,15.75,26.74,21.66,15.19,24.41,23.8,26.25,15.4,15.27,22.22,19.31,19.35,12.4,15.49,25.45,14.91,25.7,26.01,12.7,14.77,20.79,15.04,21.49,23.87,20.48,15.56,14.96,14.7,22.89,22.51,32.8,29.11,13.82,21.21,29.99,24.9,25.13,22.34,21.28,24.48,15.23,26.31,15.63,13.35,24.83,21.06,14.19,16.43,17.14,15.4,17.3,15.97,16.6,25.1,22.36,21.36,14.94,15.94,15.62,21.82,12.55,25.87,11.76,22.13,15.39,25.91,14.85,17.55,13.4,15.01,14.52,23.14,15.89,10.84,15.75,12.75,22.41,14.37,27.53,20.09,26.57,16.63,23.32,14.99,24.95,15.68,10.71,13.26,16.58,26.55,15.09,10.89,23.47,16.88,18.54,12.36,16.21,12.34,11.7,17.02,16.71,18.12,20.69,25.27,14.7,13.61,23.46,13.5,24.93,15.98,22.37,16.4,18.38,15.05,15.76,17.75,24.41,15.32,13.23,24.05,24.97,22.26,21.81,15.98,15.33,16.8,27.64,20.63,15.99,12.03,31.14,17,15.81,16.02,14.81,12.73,12.87,23.81,24.41,10.47,15.02,20.43,21.14,15.16,14.66,17.15,14.79,18.03,13.41,14.1,28.46,13.77,26.55,23.51,18.8521290322581,mature.enterocyte,DeconRNASeq
goblet.cell3,4.94,0.35,6.99,5.45,0.39,3.04,1.4,2.52,0.17,0.91,3.37,2.54,1.4,0.59,0.39,4.06,0.56,0.16,7.81,0.34,0.93,2.22,1.14,0.3,1.27,1.68,0,0.79,0.41,0.82,2.48,8.12,3.25,0,5.05,1.21,3.38,2.38,1.15,1.35,5.2,0.74,0.8,0.67,1.34,1.71,4.26,0,0.11,0,0,2.12,0,0.42,0.73,1.74,1.53,0.49,2.65,0,11.9,1.4,2.39,1.11,3.06,0.36,4.63,0.05,2.99,0.48,0.69,1.83,2.81,0.06,1.46,0.55,1.76,1.58,0.33,1.59,4.61,5.24,0.04,3.7,2.27,0.53,0.83,0.71,1.08,1.75,0.24,0,0,1.64,0,1.95,1.19,0,0.18,0.16,1.81,1.11,0.08,0.9,1.14,0.75,1.82,1.36,0,5,0.8,1.67,0.04,3.47,0.69,0.71,0.65,1.09,0.27,1.4,2,3.06,2.74,4.02,0.52,0.33,0.35,2.37,2.44,0.87,1.32,1.48,7.67,0.64,0.15,0.73,0.97,0,2.33,0.11,2.21,13.45,0.34,0.79,0.03,0.26,0.93,0.81,2.1,1.15,1.33,1.32,0.77,2.13,1.41,1.70877419354839,goblet.cell,DeconRNASeq
paneth.like.cell3,0,0,0,0,0,0,0,0,0,0,0,0,0,0,0,0,0,0,0,0,0,0,0,0,0,0,0,0,0,0,0,0,0,0,0,0,0,0,0,0,0,0,0,0,0,0,0,0,0,0,0,0,0,0,0,0,0,0,0,0,0,0,0,0,0,0,0,0,0,0,0,0,0,0,0,0,0,0,0,0,0,0,0,0,0,0,0,0,0,0,0,0,0,0,0,0,0,0,0,0,0,0,0,0,0,0,0,0,0,0,0,0,0,0,0,0,0,0,0,0,0,0,0,0,0,0,0,0,0,0,0,0,0,0,0,0,0,0,0,0,0,0,0,0,0,0,0,0,0,0,0,0,0,0,0,0,paneth.like.cell,DeconRNASeq
b.cell3,0,0,0,0,0,0,0,0,0,0,0,0,0,0,0,0,0,0,0,0.46,0,0,0,0,0,0,0,0,0,0,0,0,0,0,0,0,0,0,0,0,0,0,0,0,0,0,0,0,0,0,0,0,0,0,0,0,0,0,0,0,0,0,0,0,0,0,0,0,0,0,0,0,0,0,3.98,0,0,0,0,0,0,0,0,0,0,0,0,1.88,0,0,0,0,0,0,0,0,0,0,0,0,0,0,0,0,0,0,0,0,0,0,0,0,0,0,0,0,0,0,0,0,0,0,0,0,0,0,0,0,0,0,0,0,0,0,0,0,0,0,0,0,0,0,0,0,0,0,0,0,0,0,0,0,0,0,0,0.0407741935483871,b.cell,DeconRNASeq
intestinal.transient.amplifying.cell3,5.84,7.13,6.69,6.28,4.76,9.63,10.05,7.88,6.17,3.28,10.08,10.71,10.28,6.13,7.75,7.29,7.21,9.4,5.91,4.54,6.76,11.69,2.64,11.41,10.17,11.28,7.62,6.7,6.41,10.15,9.19,4.24,6.79,8.78,8.47,9.07,8.72,8.53,11.2,8.41,8.62,4.01,9.22,4.29,3.52,8.25,9.94,6.42,8.92,6.24,9.67,5.88,9.35,5.92,8.61,10.53,11.17,7.89,4.7,6.15,5.3,2.27,7.92,0.54,10.47,6.47,6.82,8.19,10.76,5.82,6.95,10.72,10.3,10.05,12.5,3.53,1.04,11.01,4.82,7.55,9.2,6.35,7.8,9.31,6.32,8.54,3.65,4.39,0,11.18,8.29,9.02,0,10.47,10.85,5.51,2,9.22,0.46,0,6.99,5.93,11.63,11.59,9.57,11.65,0.27,7.07,8.48,5.46,8.13,9.24,9.17,11.18,6.72,7.08,10.8,10.08,3.15,2.05,7.47,8.87,9.73,8.01,5.6,6.2,8.77,7.4,11.28,7.94,1.97,7.37,7.34,4.69,8.26,3.44,1.36,8.07,8.85,8.47,5.23,8.73,10.88,11.97,7.23,6.42,8.6,4.48,11.5,5.18,9.38,7.83,5.3,8.22,9.85,7.40812903225806,intestinal.transient.amplifying.cell,DeconRNASeq
mast.cell3,1.24,2.42,0.88,0,2.15,0.89,1.58,0.59,1.86,2.73,1.92,1.72,2.02,0.05,1.84,0.1,2.1,0.81,1.06,1.5,2.5,1.34,2.39,1.61,1.53,1.08,0.97,1.85,0.78,0.93,0.1,0.82,0,0.93,0.11,0.17,1.26,0.95,1.77,0,0,1.72,0,2.22,0.78,0.44,1.87,0,1.4,0,0.72,0,1.77,0,0.36,1.02,1.77,2.31,1.45,0.61,0.97,0,0.48,1.6,1.06,1.6,0,1.03,0,1.69,1.89,1.49,1,0.88,0,1.74,1.52,1.85,1.05,1.12,1.83,0.41,2,0.9,0,0.15,2.57,0.13,0,1.49,0.65,1.21,0,1.31,0.76,0.61,0,0.38,0,2.72,0,1.5,1.79,1.55,1.47,0.26,0.45,1.32,0.38,0,2.12,0.87,1.27,1.52,2.25,2.5,1.15,1.29,1.67,0,1.5,1.48,0.9,1.12,0.54,0.37,2.34,0.08,1.66,1.35,0,1.4,0,1.99,1.87,0,1.78,1.05,0.25,0,0.07,1.84,1.56,2.03,1.94,2.26,0.02,2.25,1.65,2.11,0.91,0,0,0.98,1.77,1.08070967741935,mast.cell,DeconRNASeq
gut.endothelial.cell3,1.2,4.28,1.42,0,4.75,0.84,0.71,1.22,3.5,4.49,1.24,1.08,2.17,5.77,3.05,0.88,4.28,0.56,3.11,5.84,3.76,1.53,4.93,1.08,1.3,0.82,3.04,4.06,4.15,0.78,1.08,0.79,0.1,2.3,0.6,0.58,0.93,0.84,1.29,0.24,0.74,4.94,0.44,4.75,6.87,0.29,0.96,5.84,2.52,10.96,4.83,1.38,3.25,2.38,0.47,1.41,1.24,3.85,3.75,5.92,1.92,3.52,0.99,7.85,1.39,4.37,0.04,3.83,0.51,5.9,4.7,2.4,1.16,2.59,2.28,4.91,6.28,1.13,3.69,1.02,1.97,1.01,3.53,0.87,2.62,0.17,4.89,8.73,2.51,2.28,1.64,4.17,9.7,1.52,2.18,3.14,2.35,1.92,10.64,7.95,3.49,3.45,1.54,1.21,1.63,3.28,5.2,2.27,5.09,1.59,3.18,1.49,2.04,1.81,3.01,4.13,2.03,0.98,4.53,2.8,2.13,1.69,1.16,1.98,3.46,3.19,2.75,0.92,1.59,3.53,5.69,0.96,1.34,4.87,2.97,0.57,7,4.56,0.47,1.13,7.07,2.21,1.43,1.43,3.65,4.19,2.28,4.96,1.43,5.36,3.74,0.64,6.26,0.86,1.71,2.836,gut.endothelial.cell,DeconRNASeq
intestinal.crypt.stem.cell3,0,0,0,0,0,0,0,0,0,0,0,0,0,0,0,0,0,0,0,0,0,0,0,0,0,0,0,0,0,0,0,0,0,0,0,0,0,0,0,0,0,0,0,0,0,0,0,0,0,0,0,0,0,0,0,0,0,0,0,0,0,0,0,0,0,0,0,0,0,0,0,0,0,0,0,0,0,0,0,0,0,0,0,0,0,0,0,0,0,0,0,0,0,0,0,0,0,0,0,0,0,0,0,0,0,0,0,0,0,0,0,0,0,0,0,0,0,0,0,0,0,0,0,0,0,0,0,0,0,0,0,0,0,0,0,0,0,0,0,0,0,0,0,0,0,0,0,0,0,0,0,0,0,0,0,0,intestinal.crypt.stem.cell,DeconRNASeq
intestinal.enteroendocrine.cell3,0,0,0,0,0,0,0,0,0,2.02,0,0,0,0,0,0,0,0,0,0,0,0,1.68,0,0,0,0,0,0,0,0,0,0,0,0,0,0,0,0,0,0,0,0,0.78,0,0,0,0,0,0,0,0,0,0,0,0,0,0,0,0,0,0,0,1.2,0,0,0,0,0,0,0,0,0,0,0,0.99,1.2,0,0,0,0,0,0,0,0,0,1.37,0,0,0,0,0,1.01,0,0,0,0,0,0,6.32,0,0,0,0,0,0,1.36,0,0,0,0,0,0,0,0,0,0,0,0.44,0,0,0,0,0,0,0,0,0,0,0,0,0,0,0,0,0,1.95,0,0,0,0,0,0,0,0,0,0,0,0,0,0,0,0,0,0,0.131096774193548,intestinal.enteroendocrine.cell,DeconRNASeq
neutrophil3,6.77,7.86,7.7,6.19,10.01,7.03,6.68,6.91,10.1,9.82,7.47,7.22,7.43,6.32,7.96,6.2,7.98,6.99,10.95,8.16,9.58,7.31,9.49,7.16,7.38,5.95,10.41,8.69,7.26,6.54,6.38,6.33,4.93,11.04,5.8,6.21,7.61,7.08,7.37,2.35,5.46,11.23,6.04,10.24,7.55,5.65,7.4,5.08,8.47,7.25,6.5,3.54,7.53,3.27,6.29,7.43,7.57,8.28,8.08,9.71,7.97,0.86,7.07,9.15,6.94,8.41,4.6,5.96,5.39,8.04,9.02,6.46,7.05,6.56,4.36,9.49,8.77,7.27,9.46,8.2,7.3,8.17,8.43,6.16,4.03,5.82,9.79,6.93,0,6.75,6.61,5.57,8.32,7.28,6.84,7.49,2.36,5.13,7.96,12.09,5.86,7.47,6.88,7.19,6.77,7.31,8.16,7.43,5.3,4.87,7.67,6.93,8.66,6.72,7.56,8.14,8.36,7.24,12.81,0.16,8.68,7.69,6.77,7.27,6.52,6.29,7.52,7,6.34,8.18,2.64,7.05,4.53,9.32,8.83,0.05,9.75,6.18,5.94,5.21,10.44,7.32,7.44,6.88,7.99,9.26,5.64,8.82,6.92,7.97,7.04,6.35,7.23,7.1,7.68,7.12632258064516,neutrophil,DeconRNASeq
intestinal.tuft.cell3,21.52,24.41,23.47,20.97,22.79,25.05,27.01,23.9,23.23,24.5,26.16,27.74,25.1,20.46,24.21,24.21,23.84,26.64,17.15,19.81,23.87,26.65,23.14,27.82,25.89,26.26,22.99,23.44,23.24,26.55,24.94,20.06,21.73,21.99,24.9,22.62,26.07,25.3,26.6,22.63,21.96,22.95,24.98,23.97,20.89,25.03,26.4,22.14,25.57,22.22,24.84,23.01,24.87,21.39,25.69,25.98,27.68,24.49,22.84,21.11,19.3,20.36,24.05,18.11,25.35,23.71,23.14,23.42,25.59,21.34,24.08,23.58,25.31,25.08,20.57,24.52,20.81,26.86,22,26.16,24.87,22.17,25.13,24.9,20.65,25.59,24.1,17.9,19.76,24.05,22.24,23.68,16.57,25.49,25.86,23.59,20.12,25.42,17.09,20.96,24.32,23.84,27.46,27.06,24.53,24.88,21.32,23.51,21.47,18.98,24.13,25.07,25.44,24.1,22.68,24.28,27.23,26.29,21.9,20.87,24.02,24.48,24.98,24.34,24.88,23.55,25.91,24.08,24.95,24.72,18.89,23.78,21.15,23.72,24.33,22.82,20.87,21,25.14,24.05,20.43,22.15,27.13,25.12,23.2,23.67,24.18,22.68,26.53,21.76,23.91,24.02,20.43,25.16,25.44,23.5947096774194,intestinal.tuft.cell,DeconRNASeq
transit.amplifying.cell.of.large.intestine3,0,0,0,0,0,0,0,0,0,0,0,0,0,0,0,0,0,0,0,0,0,0,0,0,0,0,0,0,0,0,0,0,0,0,0,0,0,0,0,0,0,0,0,0,0,0,0,0,0,0,0,0,0,0,0,0,0,0,0,0,0,0,0,0,0,0,0,0,0,0,0,0,0,0,0,0,0,0,0,0,0,0,0,0,0,0,0,0,0,0,0,0,0,0,0,0,0,0,0,0.01,0,0,0,0,0,0,0,0,0,0,0,0,0,0,0,0,0,0,0,0,0,0,0,0,0,0,0,0,0,0,0,0,0,0,0,0,0,0,0,0,0,0,0,0,0,0,0,0,0,0,0,0,0,0,0,6.45161290322581e-05,transit.amplifying.cell.of.large.intestine,DeconRNASeq
cd8.positive.alpha.beta.t.cell3,11.56,9.57,11.77,5.43,6.77,11.13,11.49,9.7,6.77,5.7,11.71,11.45,10.78,4.25,8.4,8.79,9.32,9.99,9.54,7.49,7.2,11.68,5.41,11.39,11.72,10.39,7.95,8.85,7.56,10.31,9.67,9.18,7.49,9.34,7.99,11.69,11.63,10.95,11.93,3.85,8.71,6.22,9.32,6.79,5.06,7.84,11.42,6.66,9.21,7.65,10.89,0.8,9.55,2.06,9.07,11.86,12.24,9.5,6.12,7.3,10.48,0,9.39,3.93,11.11,8.61,7.79,7.35,7.25,8.06,8.23,10.15,10.83,9.52,9.4,6.58,4.01,11.81,7.48,11.96,10.86,9.7,8.14,9.93,4.09,8.75,6.35,5.7,0,10.17,10.45,8.75,1.44,10.96,10.34,6.96,0,7.26,1.68,0.66,5.31,5.98,10.88,11.92,10.95,10.19,1.48,9.29,7.41,6.83,9.08,9.83,9.76,11.61,8.12,8.1,11.28,11.03,5.76,0,9.74,10.84,11.02,9.03,5.29,5.73,9.07,9.2,11.51,10.08,0,11.41,5.52,7.37,8.45,0,5.41,8.9,9.37,7.22,7.82,11.59,11.33,12.25,8.53,7.69,6.44,6.66,10.8,7.72,8.74,9.8,3.94,10.53,11.44,8.24154838709677,cd8.positive.alpha.beta.t.cell,DeconRNASeq
paneth.cell.of.epithelium.of.large.intestine3,0,0,0,0,0,0,0,0,0,0,0,0,0,0,0,0,0,0,0,0,0,0,0,0,0,0,0,0,0,0,0,0,0,0,0,0,0,0,0,0,0,0,0,0,0,0,0,0,0,0,0,0,0,0,0,0,0,0,0,0,0,0,0,0,0,0,0,0,0,0,0,0,0,0,0,0,0,0,0,0,0,0,0,0,0,0,0,0,0,0,0,0,0,0,0,0,0,0,0,0,0,0,0,0,0,0,0,0,0,0,0,0,0,0,0,0,0,0,0,0,0,0,0,0,0,0,0,0,0,0,0,0,0,0,0,0,0,0,0,0,0,0,0,0,0,0,0,0,0,0,0,0,0,0,0,0,paneth.cell.of.epithelium.of.large.intestine,DeconRNASeq
others3,0,0,0,0,0,0,0,0,0,0,0,0,0,0,0,0,0,0,0,0,0,0,0,0,0,0,0,0,0,0,0,0,0,0,0,0,0,0,0,0,0,0,0,0,0,0,0,0,0,0,0,0,0,0,0,0,0,0,0,0,0,0,0,0,0,0,0,0,0,0,0,0,0,0,0,0,0,0,0,0,0,0,0,0,0,0,0,0,0,0,0,0,0,0,0,0,0,0,0,0,0,0,0,0,0,0,0,0,0,0,0,0,0,0,0,0,0,0,0,0,0,0,0,0,0,0,0,0,0,0,0,0,0,0,0,0,0,0,0,0,0,0,0,0,0,0,0,0,0,0,0,0,0,0,0,0,others,DeconRNASeq
