,X111CU,X1122O,X117YX,X11DXX,X11EQ9,X11LCK,X11NSD,X11P7K,X11P81,X11VI4,X11XUK,X1211K,X12BJ1,X12WSD,X12WSG,X12WSJ,X12WSK,X12WSN,X13111,X131XE,X131XG,X132QS,X1399R,X1399S,X139T6,X139YR,X13CF3,X13FH7,X13N11,X13PL7,X13PVR,X13U4I,X13VXT,X13X6H,X145MN,X146FR,X14BMU,X14DAR,X14E1K,X14E6E,X14JG6,X14PJ4,X14PJ6,X14PK6,X14PN3,X15CHC,X15CHQ,X15DYW,X15ER7,X16MT8,X17F96,X17F97,X17F98,X17F9E,X17GQL,X17HHE,X18A66,X18A67,X1A3MV,X1AMFI,X1AX9K,X1B8KZ,X1B97I,X1B97J,X1C475,X1C4CL,X1C64O,X1C6VQ,X1CB4E,X1CB4F,X1CB4I,X1F5PK,X1F5PL,X1F75I,X1GF9U,X1GZ4H,X1H3O1,X1H3VY,cell_type_mean,cell_type,method
B.cell,328173.98,329154.33,215124.23,88743.43,95392.8,409067.85,562185.47,294451.48,349704.46,238566.64,266657.72,411255.81,64008.26,338891.79,219170.47,0,573477.62,268347.13,517803.66,369900.3,121771.19,133951.76,642804.72,62462.9,132711.22,228302.59,534898.39,442826.69,337609.44,480978.8,242820.31,230885.46,290907.85,257780.58,238120.99,487825.05,312247.21,343988.21,336367.66,228786.37,408474.62,326480.78,411661.16,382570.75,312585.47,124936.67,125968.63,279327.11,130236.64,119073.84,116659.42,0,141162.37,327888.2,384739.78,653239.64,0,568160.94,141738.91,241526.24,202168.02,477911.83,0,283553.98,206669.92,144671.89,231543.75,576845.67,446953.78,568962.11,296992.71,443368.06,566252.45,576980.57,365979.37,73340.86,0,418164.74,296216.867948718,B.cell,nnls
CD8.positive.alpha.beta.thymocyte,0,0,0,0,0,0,0,0,0,0,0,0,0,174.17,0,0,0,0,0,0,0,0,0,0,0,0,0,0,0,0,0,0,0,0,0,0,0,0,0,0,0,0,0,0,0,0,0,0,0,0,0,0,0,0,0,0,0,0,0,0,0,0,0,0,0,0,0,0,0,0,0,0,0,0,0,0,0,0,2.23294871794872,CD8.positive.alpha.beta.thymocyte,nnls
T.cell,0,0,0,0,0,0,0,0,0,0,0,0,0,0,0,0,0,0,0,0,0,0,0,0,0,0,0,0,0,0,0,0,0,0,0,0,0,0,0,0,0,0,0,0,0,0,0,0,0,0,0,0,0,0,0,0,0,0,0,0,0,0,0,0,0,0,0,0,0,0,0,0,0,0,0,0,0,0,0,T.cell,nnls
NK.T.cell,0,0,0,0,0,0,0,0,0,0,0,0,0,0,0,0,0,0,0,0,0,0,0,0,0,0,0,0,0,0,0,0,0,0,0,0,0,0,0,0,0,0,0,0,0,0,0,0,0,0,0,0,0,0,0,0,0,0,0,0,0,0,0,0,0,0,0,0,0,0,0,0,0,0,0,0,0,0,0,NK.T.cell,nnls
CD4.positive.alpha.beta.thymocyte,0,0,0,0,0,0,0,0,0,0,0,0,0,0,0,0,0,0,0,0,0,0,0,0,0,0,0,0,0,0,0,0,0,0,0,0,0,0,0,0,0,0,0,0,0,0,0,0,0,0,0,0,0,0,0,0,0,0,0,0,0,0,0,0,0,0,0,0,0,0,0,0,0,0,0,0,0,0,0,CD4.positive.alpha.beta.thymocyte,nnls
innate.lymphoid.cell,340219.04,252198.48,194345.93,427331.05,325734.8,449775.96,308501.34,261832.12,205427.46,60529.04,321743.81,275741.03,406271.34,210706.13,129565.28,305370.86,124418.76,196534.79,332983.34,271325.42,348323.53,372947.69,216717.48,179539.43,405696.53,0,365060.58,229712.33,155106.82,424469.74,501683.93,0,185832.8,36695.12,160795.97,415691.12,240026.23,252110.9,246608.67,194070.25,325057.48,315851.64,40321.94,249885.88,412408.34,83112.21,220186.41,179522.42,516327.66,135669.81,254150.59,232004.18,290859.2,236213.32,327107.64,184047.13,0,301189.99,13105.8,190575.03,243571.78,298228.86,473047.91,202512.15,162342.22,18281.24,250845.51,527298.54,215606.52,278017.54,276483.68,289416.92,357561.22,514365.51,284038.5,288393.2,389344.35,223904.63,258109.000641026,innate.lymphoid.cell,nnls
regulatory.T.cell,0,0,0,0,0,0,0,0,0,0,0,0,0,0,0,0,0,0,0,0,0,0,0,0,0,0,0,0,0,0,0,0,0,0,0,0,0,0,0,0,0,0,0,0,0,0,0,0,0,0,0,0,0,0,0,0,0,0,0,0,0,0,0,0,0,0,0,0,0,0,0,0,0,0,0,0,0,0,0,regulatory.T.cell,nnls
plasma.cell,93991.98,122575.16,440620.59,0,0,133946.11,174464.56,101845.35,139777.02,222732.7,31306.16,0,37396.67,0,254182.57,0,654416.29,244412.08,184604.9,132608.51,66607.98,70207.07,755918.26,126999.36,0,464816.01,218535.55,146764.32,336681.06,292232.54,0,836709.03,419481.28,76805.8,386926.03,57029.63,26149.69,201730.08,96585.55,119376.39,88282.2,204380.41,594627.19,57085.62,50517.26,924795.61,66721.83,0,0,0,0,0,119617.87,118524.17,246564.3,333719.55,623099.87,186209.47,413572.9,36866.7,40881.61,172760.81,0,156887.29,81416.77,112682.84,141592.29,0,56257.6,453611.9,18103.12,287326.54,373356.82,272267.91,65435.47,2731.21,0,224661.93,181961.478717949,plasma.cell,nnls
neutrophil,504877.69,391281.19,363178.58,315283.97,422347.77,529609.4,323125.12,363598.97,319136.1,268498.06,253579.21,335279.47,351240.11,91416.06,243824.56,320680.35,397312.89,369845.72,444963.98,198109.66,285207.3,348524.79,507364.32,394737.71,297273.76,439998.92,403884.06,269253.05,247050.5,454264.28,384086.95,324817.61,410540.49,396250.45,383161.99,336608.28,440331.51,349732.14,276673.83,238993.28,313996.69,547895.32,423618.37,360510.89,377785.92,428218.6,231431.13,126341.46,240347.13,219927.75,243109.94,235647.91,426761.84,283702.49,391916.71,385360.14,345871.04,436433.52,300093.96,211021.2,366241.8,264449.36,674725.47,246945.49,224804.12,212010.1,360688.02,172966.74,309492,662782.58,270735.97,454364.5,382128.82,499976.91,266811.08,216780,385843.19,271156.99,343190.246538462,neutrophil,nnls
classical.monocyte,0,0,0,0,0,0,0,0,0,0,0,0,0,0,0,0,0,0,0,0,40859.03,0,0,0,0,0,0,0,0,0,0,0,0,36590.42,0,0,541.04,0,0,0,0,0,0,0,0,0,0,0,0,0,0,0,0,0,0,0,0,0,0,0,0,0,4037.8,0,0,0,0,0,0,0,0,0,0,0,0,0,0,0,1051.64474358974,classical.monocyte,nnls
nk.cell,0,0,0,0,0,0,0,0,0,0,0,0,0,0,0,0,0,0,0,0,0,0,0,0,0,0,0,0,0,0,0,0,0,0,0,0,0,0,0,0,0,0,0,0,0,0,0,0,0,0,0,0,0,0,0,0,0,0,0,0,0,0,0,0,0,0,0,0,0,0,0,0,0,0,0,0,0,0,0,nk.cell,nnls
macrophage,34455.42,105687.71,5044.46,47662.67,201917,98485.15,60414.18,50011.16,2381.06,15415.67,34744.6,95585.9,44391.86,0,0,55804.65,0,121816.47,176955.1,10562.92,129701.93,71344.29,0,108971.27,62510.46,53129.75,67675.23,11864.33,0,92955.11,107882.75,0,27024.17,2209.54,54391.03,0,57471.71,4091.2,36241.64,51196.23,16218.19,114504.33,0,70831.89,69888.92,0,0,0,0,0,0,0,85031.07,72501.77,205165.95,69152.81,0,118907.85,0,19019.61,55943.05,510.79,61248.53,11922.51,63982.38,65175.1,0,0,84418.29,10819.38,4589.82,9901.05,132940.85,56431.61,0,22706.1,0,44194.25,45717.9835897436,macrophage,nnls
enodthelial.cell,80013.59,128071.58,52453.02,76754.02,94539.87,54487.58,75417.67,75071.1,72992.81,33828.23,66250.01,164852.33,94419.95,115458.22,97204.77,124452.88,0,51428.95,95522.49,44017.6,121988.98,112660.68,494.64,97873.74,128874.85,0,76026,68894.12,40308.75,64146.11,182526.19,0,86952.2,55295.98,56908.11,42641.19,188347.98,47280.29,135231.69,54163.73,88708.67,77347.99,0,78357.88,107530.25,0,248645.88,131266.35,302341.01,66038.64,196660.85,210676.03,89558.44,83778.07,88619.17,128782.23,0,129789.51,20221.58,82515.78,80653.13,7483.56,178978.13,63692.23,99315.25,47001.11,86256.24,534307.3,127533.03,0,84883.59,51729.19,52485.22,127881.27,21659.96,117889.2,87037,79511.9,91499.8402564103,enodthelial.cell,nnls
CD141.positive.myeloid.dendritic.cell,0,0,0,0,0,0,0,0,0,0,0,0,0,0,0,0,0,0,0,0,0,0,0,0,0,0,0,0,0,0,0,0,0,0,0,0,0,0,0,0,0,0,0,0,0,0,0,0,0,0,0,0,0,0,0,0,0,0,0,0,0,0,0,0,0,0,0,0,0,0,0,0,0,0,0,0,0,0,0,CD141.positive.myeloid.dendritic.cell,nnls
CD1c.positive.myeloid.dendritic.cell,0,0,0,0,0,0,0,0,0,0,0,0,0,0,0,0,0,0,0,0,0,0,0,0,0,0,0,0,0,0,0,0,0,0,0,0,0,0,0,0,0,0,0,0,0,0,0,0,0,0,0,0,0,0,0,0,0,0,0,0,0,0,0,0,0,0,0,0,0,0,0,0,0,0,0,0,0,0,0,CD1c.positive.myeloid.dendritic.cell,nnls
intermediate.monocyte,0,0,0,0,0,0,0,0,0,0,0,0,0,0,0,0,0,0,0,0,0,0,0,0,0,0,0,0,0,0,0,0,0,0,0,0,0,0,0,0,0,0,0,0,0,0,0,0,0,0,0,0,0,0,0,0,0,0,0,0,0,0,0,0,0,0,0,0,0,0,0,0,0,0,0,0,0,0,0,intermediate.monocyte,nnls
hematopoietic.stem.cell,0,0,0,0,0,0,0,0,0,0,0,0,0,0,0,0,0,0,0,0,0,0,0,0,0,0,0,0,0,0,0,0,0,0,0,0,0,0,0,0,0,0,0,0,0,0,0,0,0,0,0,0,0,0,0,0,0,0,0,0,0,0,0,0,0,0,0,0,0,0,0,0,0,0,0,0,0,0,0,hematopoietic.stem.cell,nnls
non.classical.monocyte,166726.85,63614.75,0,61701.22,205649.73,95641.53,123534.52,67252.25,114745.95,27343.58,144182.08,95301.09,88224.63,0,0,142069.31,0,113595.92,110163.35,70563.76,143017.16,196402.91,0,129670.23,151081.98,3382.77,102705.68,109793.54,26090.05,62938.34,194761.05,0,18962.98,200804.21,13997.91,110895.24,167278.21,98754.93,92829.82,57576.36,98723.55,164865.59,0,50815.23,85934.58,0,0,30762.43,16509.98,527.25,0,0,115955.96,52419.3,99034.01,58954.57,0,188151.72,0,92169.42,122069.58,61256.13,287985.29,77680.98,102899.44,85737.11,104886.22,0,118120.56,191237.73,71102.12,0,154603.02,116647.86,95176.79,57360.44,0,62573.66,81223.2616666667,non.classical.monocyte,nnls
mast.cell,11172.75,0,0,34607.47,22079.54,12340.54,0,7779.02,0,0,2797.21,16881.83,30692.83,0,0,12771.22,0,0,20434.01,0,16498.81,22810.27,0,1267.84,17867.98,0,5132.39,7628.56,0,29335.03,21980.77,0,0,0,0,1331.49,0,0,0,0,0,1372.88,0,2104.04,29883.92,0,0,0,0,0,0,0,27229.9,8631.33,4692.15,0,0,0,0,0,0,6374.86,7821.82,0,0,0,0,0,2860.4,1000.29,0,1886.8,1328.16,10109,0,10066.29,0,0,5266.3,mast.cell,nnls
plasmacytoid.dendritic.cell,0,0,0,0,0,0,0,0,0,0,0,0,0,0,0,0,0,0,0,0,0,0,0,0,0,0,0,0,0,0,0,0,0,0,0,0,0,0,0,0,0,0,0,0,0,0,0,0,0,0,0,0,0,0,0,0,0,0,0,0,0,0,0,0,0,0,0,0,0,0,0,0,0,0,0,0,0,0,0,plasmacytoid.dendritic.cell,nnls
stromal.cell,219314.76,86250.79,63327.1,43535.46,94418.89,74487.06,61547.06,49214.72,35718.08,30845.84,69626.23,79986.51,99432.44,30274.56,64108.76,92223.06,644.18,37046.27,73571.95,25783.73,108305.49,79838.25,24772.73,83763.51,58817.57,15325.89,103291.85,54742.87,39163.69,86996.08,107863.31,0,47744.18,73053.68,94377.82,72976.22,74937.31,67896.86,92059.42,41120.23,89110.9,74364.2,0,44797.3,72570.98,53207.33,42887.66,33015.5,117304.87,80861.87,150986.84,111873.05,108088.41,43070.51,63994.46,68209.09,0,103106.14,19848.82,46901.75,101525.74,19351.35,182992.47,66301.97,63274.15,21213.96,46054.59,362875.39,58315.68,42618.84,98019.61,86982.86,27148.27,173134.19,34259.58,94102.93,136769.47,22667.54,72054.0087179487,stromal.cell,nnls
erythrocyte,29557.55,51740.26,112357.48,56962.48,257678.52,95151.51,59474.21,196603.76,104787.82,174055.52,41615.86,41076.75,67729.19,13306.19,68903.53,55160.41,149158.53,70046.16,81285.71,44048.99,36729.12,83433.04,135652.92,63999.24,65108.4,145787.69,68453.04,52007,67545.83,149307.07,47349.85,85392.85,99107.35,51452.28,70184.01,97751.12,64432.8,126297.36,57059.92,49411.18,102906.14,63900.2,130961.6,58756.83,64052.61,152804.66,441192.29,0,34216.39,208284.12,135538.41,270750.88,80320.57,56986.39,122901.03,102100.49,57257.52,79529.75,62991.34,25831.66,48752.92,117475.99,370916.37,182145.71,34535.44,349141.13,83296.77,204347.09,51218.4,331331.53,25518.14,148365.43,111928.52,97075.54,42031.46,54936.52,274968.67,40047.75,105211.266153846,erythrocyte,nnls
conventional.dendritic.cell,0,0,0,0,0,0,0,0,0,0,0,0,0,18458.83,0,0,0,0,0,1087.58,0,0,0,0,0,0,0,0,0,0,0,0,0,0,0,0,0,0,0,0,0,0,0,16492.94,0,0,0,21026.2,13088.89,391.53,0,0,0,0,0,0,0,0,0,0,0,0,0,0,0,0,0,0,0,0,0,0,0,0,0,0,0,0,904.435512820513,conventional.dendritic.cell,nnls
naive.b.cell,125545.34,241790.34,225716.93,116305.12,4297.31,32947.34,159838.62,46044,60796.47,206783.31,73642.48,237398.11,62423.77,17787.32,0,7370.18,0,0,0,0,24512.35,0,0,580298.87,109504.56,0,152836.77,249362.84,277516.46,86616.4,74424.41,0,136350.1,241453.58,0,398190.21,131966.98,160419.58,520771.39,216158.36,119458.56,0,0,192064.91,298203.39,0,0,14579.68,10095.91,127137.8,147008.33,0,65842.09,95508.63,0,39860.66,950605.3,44942.14,228243.42,181214.74,0,28271.96,54759.84,177931.74,196018.44,257179.41,1024.09,0,71671.79,158690.48,66421.81,86593.02,0,0,342976.79,40999.47,77423.21,75436.39,117041.455128205,naive.b.cell,nnls
memory.b.cell,144724.44,0,0,349727.6,333838.71,43060.75,0,15727.05,0,0,258143.11,22823.5,388255.46,81549.91,0,411416.1,0,0,0,0,125514.18,272380.73,0,0,229275.56,0,0,0,0,0,576771.39,0,0,0,0,0,0,0,0,0,0,0,0,251072.61,0,0,0,208934.75,315830.1,335419.66,0,202958.26,105816.54,0,0,0,0,0,0,0,0,0,693618.54,0,0,0,0,41018.98,0,0,0,0,0,0,0,161481.79,504039.39,0,77864.0911538462,memory.b.cell,nnls
naive.thymus.derived.cd4.positive.alpha.beta.t.cell,0,0,0,0,0,0,0,0,0,0,0,0,0,0,0,0,0,0,0,0,0,0,0,0,0,0,0,0,0,0,0,0,0,174850.2,0,0,0,0,0,0,0,0,0,0,0,0,0,0,0,0,0,0,0,0,0,0,0,0,0,0,0,0,0,0,0,0,0,171967.72,0,0,0,0,0,0,0,0,0,0,4446.38358974359,naive.thymus.derived.cd4.positive.alpha.beta.t.cell,nnls
cd4.positive.alpha.beta.memory.t.cell,0,0,0,0,0,0,0,0,0,0,0,0,0,0,0,0,0,0,0,0,0,0,0,0,0,0,0,0,0,0,0,0,0,0,0,0,0,0,0,0,0,0,0,0,0,0,0,0,0,0,0,0,0,0,0,0,0,0,0,0,0,0,0,0,0,0,0,0,0,0,0,0,0,0,0,0,0,0,0,cd4.positive.alpha.beta.memory.t.cell,nnls
cd8.positive.alpha.beta.memory.t.cell,0,0,0,0,0,0,0,0,0,0,0,0,0,0,0,0,0,0,0,0,0,0,0,0,0,0,0,0,0,0,0,0,0,0,0,0,0,0,0,0,0,0,0,0,0,0,0,0,0,0,0,73961.65,0,0,0,0,0,0,0,0,0,0,0,0,0,0,0,0,0,0,0,0,0,0,0,0,0,0,948.226282051282,cd8.positive.alpha.beta.memory.t.cell,nnls
mature.nk.t.cell,0,0,0,0,0,0,0,0,0,0,0,0,0,0,0,0,0,0,0,0,0,0,0,0,0,0,0,0,0,0,0,0,0,0,0,0,0,0,0,0,0,0,0,0,0,0,0,0,0,0,0,0,0,0,0,0,0,0,0,0,0,0,0,0,0,0,0,0,0,0,0,0,0,0,0,0,0,0,0,mature.nk.t.cell,nnls
cd141.positive.myeloid.dendritic.cell,0,0,0,0,0,0,0,0,0,0,0,0,0,0,0,0,0,0,0,0,0,0,0,0,0,0,0,0,0,0,0,0,0,0,0,0,0,0,0,0,0,0,0,0,0,0,0,0,0,0,0,0,0,0,0,0,0,0,0,0,0,0,0,0,0,0,0,0,0,0,0,0,0,0,0,0,0,0,0,cd141.positive.myeloid.dendritic.cell,nnls
cd1c.positive.myeloid.dendritic.cell,0,0,0,0,0,0,0,0,0,0,0,0,0,0,0,0,0,0,0,0,0,0,0,0,0,0,0,0,0,0,0,0,0,0,0,0,0,0,0,0,0,0,0,0,0,0,0,0,0,0,0,0,0,0,0,0,0,0,0,0,0,0,0,0,0,0,0,0,0,0,0,0,0,0,0,0,0,0,0,cd1c.positive.myeloid.dendritic.cell,nnls
endothelial.cell,0,0,0,0,0,0,0,0,0,0,0,0,0,0,0,0,0,0,0,0,0,0,0,0,0,0,0,0,0,0,0,0,0,0,0,0,0,0,0,0,0,0,0,0,0,0,0,0,0,0,0,0,0,0,0,0,0,0,0,0,0,0,0,0,0,0,0,0,0,0,0,0,0,0,0,0,0,0,0,endothelial.cell,nnls
regulatory.t.cell,0,0,0,0,0,0,0,0,0,0,0,0,0,0,0,0,0,0,0,0,0,0,0,0,0,0,0,0,0,0,0,0,0,0,0,0,0,0,0,0,0,0,0,0,0,0,0,0,0,0,0,0,0,0,0,0,0,0,0,0,0,0,0,0,0,0,0,0,0,0,0,0,0,0,0,0,0,0,0,regulatory.t.cell,nnls
others,0,0,0,0,0,0,0,0,0,0,0,0,0,0,0,0,0,0,0,0,0,0,0,0,0,0,0,0,0,0,0,0,0,0,0,0,0,0,0,0,0,0,0,0,0,0,0,0,0,0,0,0,0,0,0,0,0,0,0,0,0,0,0,0,0,0,0,0,0,0,0,0,0,0,0,0,0,0,0,others,nnls
B.cell1,7.77,8.29,9.96,9.15,6.89,7.88,9.05,7.79,7.82,9.61,8.45,8.95,7.93,8.92,8.01,7.1,12.05,7.37,8.36,8.49,5.93,6.97,11.47,8.36,7.55,8.7,8.68,9.58,10.16,8.63,8.37,13.14,9.08,7.28,7.64,9.48,6.9,8.33,9.98,8.89,8.33,6.78,11.62,10.31,9.01,10.12,5.18,8.82,6.96,9.37,6.51,5.09,7.09,9.14,7.95,9.85,12.19,7.99,11.06,8.7,5.88,9.93,7.12,8.28,8.01,8.45,6.32,6.72,8.57,8.31,7.93,9.36,8.71,7.73,9.65,7.17,7.96,9,8.48884615384615,B.cell,DCQ
CD8.positive.alpha.beta.thymocyte1,4.04,4.43,4.57,4.85,3.85,4.62,4.82,4.1,4.32,4.1,4.48,4.24,4.49,5.4,5.14,4.25,4.53,4.36,4.62,5.09,4.04,4.31,5.05,3.96,4.6,3.87,4.72,4.26,4.44,4.51,4.4,4.04,3.98,3.85,4.06,4.83,4.02,4.26,4.62,4.42,4.56,4.22,4.52,4.69,4.74,4.06,4.72,5.06,5.29,4.45,4.47,4.84,4.01,4.53,4.3,4.57,4.36,4.53,4.4,4.38,4.15,5.09,3.94,4.35,4.15,3.88,4.45,4.85,4.34,4.22,4.53,4.34,4.62,4.42,4.75,4.33,4.55,4.76,4.44820512820513,CD8.positive.alpha.beta.thymocyte,DCQ
T.cell1,3.15,2.85,2.11,2.77,1.84,2.57,3.8,1.97,3.49,2.89,3.98,2.7,3.24,5.04,3.84,2.94,2.58,2.94,1.92,4.27,3.1,2.96,2.77,2.78,3.25,2.1,3.59,3.58,4.06,2.44,3.43,2.41,2.04,3.91,2.32,4.01,2.7,3.74,3.68,3.84,3.8,2.5,1.9,2.6,2.53,0.7,2.86,4.28,3.9,3.73,3.58,3.3,1.76,2.39,2.36,2.75,3.77,2.77,2.1,3.4,2.78,3.69,1.98,3.67,3.07,2.18,3.44,5.48,2.46,2.72,3.41,2.99,3.37,3.6,4.16,2.95,1.35,3.67,3.04551282051282,T.cell,DCQ
NK.T.cell1,2.91,3.13,2.95,3.14,2.09,2.94,3.65,2.57,3.26,3.01,3.62,2.98,3.28,4.81,4.11,2.74,3.19,3.04,2.52,4.17,3.13,2.98,3.41,2.73,3.45,2.65,3.62,3.34,3.62,2.87,3.36,3.04,2.6,3.14,2.66,3.79,2.83,3.48,3.65,3.6,3.69,2.68,2.86,2.9,3.14,2.19,3.24,4.19,4.12,3.57,3.68,3.53,2.14,2.92,2.81,3,3.39,2.9,2.93,3.57,2.89,3.71,2.15,3.56,3.01,2.32,3.39,4.8,2.77,2.55,3.6,3.13,3.29,3.49,3.88,3.39,2.09,3.87,3.1974358974359,NK.T.cell,DCQ
CD4.positive.alpha.beta.thymocyte1,2.45,2.36,1.38,2.1,1.19,1.89,3.15,1.45,2.83,2.27,3.27,2.2,2.54,4.62,3.34,2.14,1.78,2.14,1.32,3.67,2.54,2.22,1.95,2.11,2.67,1.38,2.91,2.9,3.3,1.74,2.8,1.53,1.43,3.12,1.59,3.37,2.21,3.01,3.07,3.09,3.21,1.81,1.16,1.95,1.97,0,2.27,3.85,3.4,3.12,2.95,2.5,1.04,1.82,1.71,2.15,3,2.19,1.57,2.97,2.06,2.9,1.35,3.06,2.44,1.65,2.77,4.75,1.97,1.85,2.91,2.12,2.51,2.9,3.6,2.45,0.59,3.2,2.39423076923077,CD4.positive.alpha.beta.thymocyte,DCQ
innate.lymphoid.cell1,7.42,7.46,9.47,9.52,7.77,8.52,7.51,8.17,6.97,7.41,7.52,7.93,8.36,7.03,7.18,7.61,9.92,7.51,8.35,7.74,7.09,7.72,9.77,7.22,8.02,7.41,7.78,7.74,7.59,8.77,7.82,9.17,8.48,6.39,7.78,7.95,6.71,7.48,7.95,7.73,7.72,7.5,9.67,8.33,9.06,10.96,6.65,6.69,7.6,7.13,7.34,6.96,8.37,8.71,8.51,7.96,7.3,7.24,8.66,7.57,7.04,8.79,7.6,7.23,7.16,6.47,6.84,7.17,7.57,7.22,7.91,8.85,8.16,7.99,7.71,8.27,9.39,7.58,7.88230769230769,innate.lymphoid.cell,DCQ
regulatory.T.cell1,0.02,0.54,0,0,0,0,1.05,0,0.87,0.12,1.07,0.23,0.12,3.18,1.39,0.1,0,0,0,1.85,0.58,0.19,0,0.13,0.73,0,0.59,0.63,0.82,0,0.59,0,0,0.84,0,1.23,0.87,0.58,0.94,0.62,1.03,0,0,0.01,0,0,0.67,2.7,2.03,0.88,1.17,1.13,0,0,0,0.1,0.47,0.37,0,1.29,0.33,0.37,0,1.05,0.26,0.06,1.27,2.43,0.27,0,1.03,0,0,0.42,1.47,0.41,0,1.32,0.543846153846154,regulatory.T.cell,DCQ
plasma.cell1,1.96,3.27,13.59,0,0.57,3.23,4.18,3.7,4.52,8.61,1.44,0.47,1.48,0,11.13,0.31,18.61,7.77,4.61,4.97,2.1,2.17,17.53,3.14,0,18.2,4.79,4.17,9.83,6.6,0.09,34.22,11.99,1.99,12.75,1.68,0.84,5.62,2.69,4.41,2.87,4.86,20.78,1.9,1.59,32.29,3.51,0,0,0,0.27,0,3.66,4.4,6.55,8.04,15.37,4.13,17.88,1.73,1.38,5.94,0,5.24,3.14,5.24,4.59,0,2.09,8.1,0.99,7.81,8.25,5.23,2.07,0.84,0,6.65,5.59769230769231,plasma.cell,DCQ
neutrophil1,8.72,7.34,8.47,6.69,8.19,9.97,4.94,9.26,7.79,7.36,4.63,5.99,6.76,1.36,8.04,7.27,8.78,9.86,8.13,4.94,6.13,6.92,9.21,7.36,5.78,14.83,6.04,4.62,4.38,7.34,4.55,10.83,9.03,8.55,10.15,4.6,9.21,7.05,3.87,6.02,6.03,11.48,12.28,6.3,6.94,12.15,6.87,2.31,3.36,4.83,6.3,6.13,10.49,7.31,7.75,6.29,5.28,6.96,10.35,5.68,10.85,5.97,8.7,5.14,5.68,6.01,10.15,0.5,6.67,9.49,7.25,9.29,6.12,6.8,4.89,6.11,8.16,5.59,7.17205128205128,neutrophil,DCQ
classical.monocyte1,6.43,5.04,2.92,4.61,6.36,5.74,4.17,5.54,5.14,4.33,4.74,4.92,5,3.19,4.4,5.87,2.43,5.56,5.3,4.18,6.47,5.73,2.35,5.47,5.34,5.45,4.44,4.11,3.06,4.3,4.67,1.27,4.4,6.68,4.91,4.24,6.67,4.89,3.76,4.39,4.79,6.88,3.04,4.28,4.83,1.85,3.63,3.55,3.87,4.07,4.15,3.71,6.05,4.5,4.84,4.05,3.38,5.4,3.63,5.27,7.22,3.82,6.58,4.29,4.96,4.58,6.11,3.03,5.47,5.62,5.31,3.92,4.26,4.82,4.25,4.98,3.64,4.11,4.63089743589744,classical.monocyte,DCQ
nk.cell1,1.25,2.65,2.16,2.81,1.77,2.61,2.34,2.86,2.08,1.93,2.16,2.7,2.23,4,2.95,2.07,1.51,1.77,2.07,2.96,2.27,2.27,2.1,1.78,2.97,1.22,2.25,1.93,1.81,2.35,2.35,0.5,2.49,1.24,1.75,2.51,2.88,1.94,2.58,1.94,2.56,2.05,1.99,2.6,3.07,2.61,3.32,3.91,4.39,2.46,3.43,3.87,1.92,2.6,2.18,2.2,0.94,2.12,2.13,3.09,2.86,2.33,2.28,2.15,1.77,1.62,3.16,3.11,2.53,1.41,3.17,1.78,1.51,2.14,2.44,3.2,2.84,2.85,2.36666666666667,nk.cell,DCQ
macrophage1,4.24,5.04,4.47,4.19,7,5.05,4.14,4.68,3.78,3.85,3.92,4.91,4.29,1.59,3.66,4.88,3.21,6.58,6.36,3.55,6.01,5.13,4,5.2,4.59,5.61,4.36,3.63,2.65,4.96,4.54,2.62,4.43,4.01,5.3,2.87,4.8,3.72,3.84,4.46,3.82,5.97,4.05,4.14,4.56,3.4,2.61,2.29,2.7,2.36,3.16,2.29,5.96,5.21,7.22,4.76,2.14,5.42,3.24,3.89,5.26,3.35,4.53,3.72,5.02,4.96,3.82,2.24,5.12,3.86,3.69,4.1,5.7,4.52,2.71,4.35,3.49,4.15,4.22948717948718,macrophage,DCQ
enodthelial.cell1,4.17,4.92,4.16,3.97,4.78,3.5,3.4,4.29,3.8,3.09,3.51,5.56,4.51,4.85,5.99,5.5,2.32,4.06,4.6,3.11,5.5,4.85,2.68,4.33,4.89,2.22,3.7,3.51,2.9,3.87,4.78,0,4.52,3.21,4.72,2.54,5.97,3.28,4.58,3.75,4.17,4.22,1.77,3.49,4.51,3.14,10.17,5,7.73,3.82,8.53,8.64,5.3,4.8,4.82,4.81,1.13,4.71,3.18,4.4,5.03,2.16,4.89,3.81,5.26,3.46,4.4,9.22,5.23,1.93,4.82,3.83,3.46,4.74,2.05,6.41,4.99,3.75,4.32910256410256,enodthelial.cell,DCQ
CD141.positive.myeloid.dendritic.cell1,0.8,1.08,0,0.56,0.98,0.65,1.68,0.57,1.74,0.75,1.49,1.03,0.77,1.9,0.77,1.12,0,1.23,1.08,1.61,1.3,1.42,0,1.1,1.22,0,1.14,1.35,1.2,0.49,1.49,0,0,1.23,0.48,1.32,1.58,0.93,1.25,1.04,1.05,0.82,0,1.51,0.61,0,0.85,2.11,1.52,1.07,0.71,0.53,0.34,0.68,0.44,1.31,0.56,1.56,0,1.38,1.36,1.42,1.12,1.22,1.52,1.26,1.05,1.25,1.67,1.32,1.16,0.04,1.23,0.79,1.38,0.83,0,1.52,0.968461538461538,CD141.positive.myeloid.dendritic.cell,DCQ
CD1c.positive.myeloid.dendritic.cell1,2.33,2.4,0.62,1.69,2.91,2.3,2.04,2.11,2.21,1.49,2.09,2.56,1.97,1.25,0.8,2.45,0.02,2.63,2.65,1.64,3.02,2.66,0.22,2.5,2.57,1.23,1.99,1.92,1.15,1.95,2.57,0,1.6,2.23,1.75,1.79,3.19,1.8,1.77,2.02,1.92,2.68,0.31,2.17,2.08,0,0.36,1.54,1.36,1.32,1.11,0.91,2.14,2.24,2.3,1.89,0.66,2.53,0.75,2.49,3.28,1.5,2.91,1.8,2.91,2.19,1.84,0.74,2.98,1.73,2.3,0.96,1.98,1.9,1.53,2.14,0.3,2.1,1.81974358974359,CD1c.positive.myeloid.dendritic.cell,DCQ
intermediate.monocyte1,4.36,3.74,1.19,2.5,4.52,3.62,3.24,3.34,3.73,2.83,3.58,3.75,3.17,2.78,2.98,4.2,0.31,4.39,3.67,3.1,5.14,4.16,0.68,3.98,3.97,3.66,3.25,2.94,2.32,2.71,3.63,0,2.61,4.75,3.27,2.83,5.05,3.44,2.79,3.36,3.43,4.8,0.96,2.73,2.95,0,2.42,3.04,2.84,2.7,2.96,2.99,3.74,3.07,3.84,2.81,2.06,3.98,1.58,3.94,5.38,2.35,4.37,3.09,4.05,3.53,4.39,2.55,4.02,3.36,3.69,2.05,3.29,3.37,2.86,3.51,1.16,3.41,3.16423076923077,intermediate.monocyte,DCQ
hematopoietic.stem.cell1,0,0,0,0,0,0,0,0,0,0,0,0,0,0.42,0,0,0,0,0,0,0,0,0,0,0,0,0,0,0,0,0,0,0,0,0,0,0,0,0,0,0,0,0,0,0,0,0,0.37,0,0,0,0,0,0,0,0,0,0,0,0,0,0,0,0,0,0,0,0,0,0,0,0,0,0,0,0,0,0,0.0101282051282051,hematopoietic.stem.cell,DCQ
non.classical.monocyte1,6.1,5.7,4.66,5.27,8.05,6.29,5.23,6,5.72,4.96,5.37,5.69,5.47,2.82,4.83,6.46,3.37,7.7,6.87,4.9,6.93,6.88,3.82,6.25,6.05,6.81,5.35,4.96,4.11,5.66,5.58,2.62,5.44,6.6,5.96,4.26,6.68,5.33,4.8,5.33,5.23,7.7,4.03,4.89,5.6,2.76,3.69,3.68,3.96,3.51,4.57,4.35,7.44,5.96,7.48,5.49,4.2,6.67,3.9,5.46,7.16,4.76,6.6,4.95,6.05,6.04,6.42,3.33,6.21,5.95,5.26,5.02,6.65,5.64,4.45,5.48,4.43,5.13,5.39717948717949,non.classical.monocyte,DCQ
mast.cell1,1.48,1.26,1.63,2.4,2.04,1.8,1.07,1.74,1.03,0.81,1.52,1.86,2.24,0.18,0,1.8,1.58,1.28,1.93,0.86,1.97,2.02,1.02,1.51,1.98,0,1.62,1.57,0.7,2.09,1.85,0,1.49,1.05,1.44,1.41,0.96,1.4,1.16,1.33,1.55,1.57,0.79,1.42,2.19,0.38,0,0.18,0.96,0.8,0.65,0,2.28,1.83,1.87,1.25,0.04,1.28,0.72,1.31,1.12,1.58,1.54,1.22,1.38,0.37,0.29,0.52,1.51,1.26,1.38,1.71,1.59,1.78,1.19,2.08,1.44,0.82,1.26833333333333,mast.cell,DCQ
plasmacytoid.dendritic.cell1,0,0,0,0,0,0,0,0,0,0,0,0,0,0,0,0,0,0,0,0,0,0,0,0,0,0,0,0,0,0,0,0,0,0,0,0,0,0,0,0,0,0,0,0,0,0,0,0,0,0,0,0,0,0,0,0,0,0,0,0,0,0,0,0,0,0,0,0,0,0,0,0,0,0,0,0,0,0,0,plasmacytoid.dendritic.cell,DCQ
stromal.cell1,4.87,3.04,2.82,1.89,3.29,2.23,1.96,2.31,1.8,1.65,2.35,3.03,3.28,2.1,3.9,3.66,1.07,2.22,2.74,1.48,4.08,3.02,1.26,2.82,2.54,1.05,2.74,2.02,1.6,2.66,2.83,0,2.31,2.25,4.1,1.66,3.01,2.3,2.83,2.16,2.94,2.62,0.36,1.58,2.54,2.9,3.83,2.15,4.37,3.06,6.71,5.5,4.12,2.46,2.88,2.58,0.29,3.05,1.54,2.43,4.16,0.89,3.61,2.67,3.3,1.5,2.29,7.18,2.72,0.95,3.92,2.87,1.6,3.95,0.98,4.73,4.41,1.49,2.69307692307692,stromal.cell,DCQ
erythrocyte1,0,0,1.72,0,3.35,0,0,3.97,0.95,4.9,0,0,0,0,1.38,0,2.96,0.08,0,0,0,0,1.6,0,0,5.16,0,0,0,0.74,0,3.12,0.99,0,0.78,0,0,1.2,0,0,0.01,0,3.59,0,0,4.46,16.97,0,0,4.59,2.46,7.76,0,0,0.68,0,0,0,1.31,0,0,1.12,3.21,3.56,0,12.52,0.64,0.65,0,4.17,0,1.71,0.14,0,0,0,4.76,0,1.37448717948718,erythrocyte,DCQ
conventional.dendritic.cell1,1.52,1.8,0.8,1.75,1.74,1.57,1.9,1.55,1.7,1.18,1.94,1.92,1.86,2.4,1.55,1.96,0.65,1.38,1.83,2.29,1.94,1.98,0.95,1.64,1.95,0.14,1.77,1.95,1.51,1.41,2.03,0,1.2,1.38,1.05,1.88,1.9,1.36,2.03,1.57,1.71,1.27,0.07,2.39,1.71,0,1.22,2.47,2.36,1.86,1.79,1.32,1.4,1.7,1.35,1.84,0.89,2.2,0.62,1.83,1.66,1.75,2.04,1.65,1.76,1.52,1.69,2.19,2.18,1.55,1.9,0.99,1.71,1.56,1.9,1.73,1.46,1.66,1.5875641025641,conventional.dendritic.cell,DCQ
naive.b.cell1,6.13,7.21,8.39,7.76,4.98,5.69,7.42,5.77,6.01,8.57,6.97,7.79,6.45,7.32,3.82,5.58,7.35,3.37,5.47,6.24,4.3,5.13,6.42,8.88,6.3,4.56,6.98,8.41,9.09,6.39,6.84,6.07,7.05,6.61,4.04,8.83,5.56,6.9,9.92,8.02,6.79,3.72,7.31,8.87,8.07,1.9,1.84,7.29,5.54,8.46,5.73,3.8,5.18,7.19,4.7,7.26,14.88,5.82,9.87,7.87,3.51,7.47,5.59,7.16,7.11,8.14,4.38,5.03,6.61,6.34,6.34,7.09,5.47,5.19,9.18,5.75,7.55,7.09,6.56,naive.b.cell,DCQ
memory.b.cell1,7.29,7.02,6.76,9.21,6.66,7.12,7.77,7,6.88,7.05,8.29,8.38,7.99,8.54,4.76,7.35,7.65,5.52,7.2,7.04,5.54,6.75,7.39,7.08,7.39,3.65,7.34,8.98,8.34,7.53,8.4,5.41,6.47,6.74,5.37,9,5.96,7.2,8.27,7.44,7.31,5.67,6.06,10.04,7.92,4.13,4.15,8.7,6.89,9.6,5.75,5.51,6.53,7.75,6.43,7.49,7.16,6.88,5.74,7.35,5.11,8,7.23,6.82,7.27,6.05,5.47,6.22,7.66,6.84,6.94,7.4,7.15,6.8,8.93,6.98,9.39,6.82,7.04961538461538,memory.b.cell,DCQ
naive.thymus.derived.cd4.positive.alpha.beta.t.cell1,4.09,3.15,1.79,4.47,3.1,3.47,3.84,2.85,3.83,2.65,4.74,3.47,4.69,4.77,2.17,4.41,1.95,2.47,2.73,4.02,3.75,3.87,1.69,3.35,4.07,0.11,3.68,4.32,4.27,3.49,4.47,0,2.19,4.64,2.33,4.85,2.79,4,3.54,3.92,4.17,2.87,0.41,3.5,3.27,0,2.62,4.39,4.35,4.79,3.86,4.22,3.22,2.97,2.5,2.55,2.71,3.11,0.83,3.31,2.84,4.04,3.52,3.75,3.57,1.9,3.48,5.03,2.97,3.27,3.58,3.46,3.56,3.98,4.95,4.02,5.21,3.11,3.33179487179487,naive.thymus.derived.cd4.positive.alpha.beta.t.cell,DCQ
cd4.positive.alpha.beta.memory.t.cell1,3.84,3.22,1.75,4.5,3.13,3.42,3.69,3.07,3.69,2.62,4.49,3.54,4.46,4.76,2.06,4.19,1.56,2.22,2.72,3.99,3.66,3.8,1.44,3.35,4.09,0,3.54,4.13,3.93,3.41,4.33,0,2.21,4.19,2.15,4.71,2.99,3.71,3.59,3.66,3.98,2.73,0.23,3.62,3.48,0,2.66,4.51,4.52,4.49,3.93,4.35,3.1,2.97,2.4,2.58,2.69,3.07,0.99,3.51,2.89,3.87,3.57,3.68,3.49,2.03,3.49,4.65,3.11,3.08,3.66,3.13,3.18,3.67,4.72,4.14,5.31,3.18,3.2624358974359,cd4.positive.alpha.beta.memory.t.cell,DCQ
cd8.positive.alpha.beta.memory.t.cell1,2.44,2.98,1.67,4.19,2.96,3.31,3,3.33,2.93,1.95,3.21,3.21,3.43,4.39,1.83,3.41,0.63,1.58,2.94,3.48,2.81,3.18,1.22,2.58,3.67,0,2.71,2.85,2.48,3.13,3.38,0,1.99,2.43,1.64,3.7,3,2.36,2.85,2.41,3,2.39,0.23,3.49,3.61,0,3.14,4.48,4.78,3.31,3.51,4.94,2.73,2.85,2.12,2.41,1.15,2.83,1,3.12,2.79,3.08,3.59,2.61,2.68,2.06,3.24,3.02,3.17,2.47,3.22,2.04,2.11,2.53,3.51,3.75,5.54,2.82,2.75102564102564,cd8.positive.alpha.beta.memory.t.cell,DCQ
mature.nk.t.cell1,0,0,0,0,0,0,0,0,0,0,0,0,0,1.3,0,0,0,0,0,0,0,0,0,0,0,0,0,0,0,0,0,0,0,0,0,0,0,0,0,0,0,0,0,0,0,0,0,1.3,1.14,0,0,0.84,0,0,0,0,0,0,0,0,0,0,0,0,0,0,0,0,0,0,0,0,0,0,0,0,0,0,0.0587179487179487,mature.nk.t.cell,DCQ
cd141.positive.myeloid.dendritic.cell1,0.22,0.06,0,0,0,0,0.95,0,1.1,0,1.16,0,0,1.07,0,0.63,0,0.96,0,0.34,0.68,0.71,0,0.38,0.38,0,0.41,0.61,0.67,0,0.88,0,0,1.7,0,0.65,0.74,0.71,0,0.6,0.32,0.23,0,0.29,0,0,0,1.17,0.03,0.66,0,0,0,0,0,0,0,0.29,0,0.04,1.02,0.17,0,0.24,0.98,0,0.6,0.41,0.11,0.44,0.12,0,0.39,0.03,0.76,0,0,0.33,0.310769230769231,cd141.positive.myeloid.dendritic.cell,DCQ
cd1c.positive.myeloid.dendritic.cell1,0,0,0,0,0,0,0,0,0,0,0,0,0,0,0,0,0,0,0,0,0,0,0,0,0,0,0,0,0,0,0,0,0,0,0,0,0,0,0,0,0,0,0,0,0,0,0,0,0,0,0,0,0,0,0,0,0,0,0,0,0,0,0,0,0,0,0,0,0,0,0,0,0,0,0,0,0,0,0,cd1c.positive.myeloid.dendritic.cell,DCQ
endothelial.cell1,0,0,0,0,0,0,0,0,0,0,0,0,0,0,0,0,0,0,0,0,0,0,0,0,0,0,0,0,0,0,0,0,0,0,0,0,0,0,0,0,0,0,0,0,0,0,0.53,0,0,0,0.72,0.97,0,0,0,0,0,0,0,0,0,0,0,0,0,0,0,2.94,0,0,0,0,0,0,0,0,0,0,0.0661538461538461,endothelial.cell,DCQ
regulatory.t.cell1,0,0,0,0,0,0,0,0,0,0,0,0,0,0,0,0,0,0,0,0,0,0,0,0,0,0,0,0,0,0,0,0,0,0,0,0,0,0,0,0,0,0,0,0,0,0,0,0,0,0,0,0,0,0,0,0,0,0,0,0,0,0,0,0,0,0,0,0,0,0,0,0,0,0,0,0,0,0,0,regulatory.t.cell,DCQ
others1,0,0,0,0,0,0,0,0,0,0,0,0,0,0,0,0,0,0,0,0,0,0,0,0,0,0,0,0,0,0,0,0,0,0,0,0,0,0,0,0,0,0,0,0,0,0,0,0,0,0,0,0,0,0,0,0,0,0,0,0,0,0,0,0,0,0,0,0,0,0,0,0,0,0,0,0,0,0,0,others,DCQ
B.cell2,14.97,21.4,23.29,15.25,13.89,18.63,21.18,21.29,18.78,26.7,14.86,18.87,13.19,17.67,26,10.03,29.89,20.18,22.01,24.45,12.58,13.74,28.39,18.51,12.44,26.31,20.9,18.2,23,21.97,13.37,29.49,25.71,14.2,24.82,18.65,17.8,18.26,22.64,19.61,20.07,17.42,29.4,17.35,20.62,26.02,14.49,17.8,13.23,15.09,17.73,8.12,15.54,21.62,18.45,27.47,28.08,19.42,29.92,23.36,15.24,27.98,12.98,22.54,15.56,23.92,17.03,11.95,22.07,20.86,20.73,25.04,19.87,17.93,20.02,16.6,14.84,26.14,19.815641025641,B.cell,proportionsInAdmixture
CD8.positive.alpha.beta.thymocyte2,12.24,9.71,2.7,12.27,11.5,10.27,12,5.38,10.21,5.47,12.83,8.77,11.38,15.44,6.52,14.48,0.86,8.31,11.93,7.88,10.93,12.27,2.58,9.61,11.89,2.44,10.23,9.7,5.83,6.52,12.46,0,0.38,11.34,4.02,12.51,10.8,8.22,9.83,8.24,9.36,9.71,0.27,14.82,7.7,0,9.52,15.9,15.99,14.52,9.64,13.71,10.03,8,6.32,7.23,5.34,14.42,1.08,7.52,11.45,9.11,12.96,8.33,11.23,8.98,10.2,11.56,11.93,9.77,8.9,5.66,8.71,7.96,11.62,5.58,16.28,5.15,9.05653846153846,CD8.positive.alpha.beta.thymocyte,proportionsInAdmixture
T.cell2,13.48,1.75,0,11.97,8.24,5.39,7.35,0.63,10.29,0,17.04,5.85,13.96,11.14,0,22.82,0,3.25,0.03,7.82,11.15,13.57,0,9.05,10.2,0,5.61,10.97,7.32,2.58,13.82,0,0,18.86,0,13.39,9.49,8.57,3.67,6.2,8.12,7.4,0,9.12,1.26,0,0.79,14.56,12.26,11.78,5.33,10.76,9.56,0,0,0,3.41,6.57,0,0.42,11.01,5.17,16.1,5.57,5.86,0,9.95,16.8,2.88,11.84,3.9,1.24,5.23,6.54,11.22,1.21,12.37,0,6.58576923076923,T.cell,proportionsInAdmixture
NK.T.cell2,0,0,0.22,0,0,0,0,0,0,0,0,0,0,0,0,0,3.78,0,0,0,0,0,0.72,0,0,0.1,0,0,0,0,0,5.71,0,0,0,0,0,0,0,0,0,0,2.14,0,0,2.68,0,0,0,0,0,0,0,0,0,0,0,0,0,0,0,0,0,0,0,0,0,0,0,0,0,0,0,0,0,0,0,0,0.196794871794872,NK.T.cell,proportionsInAdmixture
CD4.positive.alpha.beta.thymocyte2,0,0,0,0,0,0,0,0,0,0,0,0,0,0,0,0,0,0,0,0,0,0,0,0,0,0,0,0,0,0,0,0,0,0,0,0,0,0,0,0,0,0,0,0,0,0,0,0,0,0,0,0,0,0,0,0,0,0,0,0,0,0,0,0,0,0,0,0,0,0,0,0,0,0,0,0,0,0,0,CD4.positive.alpha.beta.thymocyte,proportionsInAdmixture
innate.lymphoid.cell2,21.37,28.01,31.46,30.23,26.4,29.26,22.92,33.87,23.52,25.5,22.21,30.04,24.46,29.43,27.22,14.92,28.76,27.21,28.13,28.26,27.03,24.57,30.57,21.37,31.97,29.92,26.92,23.42,21.7,27.92,27.59,26.13,29.31,14.99,28.08,21.12,26.53,25.51,27.61,26.26,25.78,25.08,29.07,26.7,35.73,27.91,29.3,23.42,27.73,19.44,32.24,26.34,23.57,30.54,32.93,26.52,17.38,20.22,27.76,33.74,26.78,25.38,18.32,23.26,27.64,21.35,24.92,27.47,27.56,18.28,34.06,28.04,25.78,28.1,19.99,41.68,18.6,31.87,26.4382051282051,innate.lymphoid.cell,proportionsInAdmixture
regulatory.T.cell2,0,0,0,0,0,0,0,0,0,0,0,0,0,0,0,0,0,0,0,0,0,0,0,0,0,0,0,0,0,0,0,0,0,0,0,0,0,0,0,0,0,0,0,0,0,0,0,0,0,0,0,0,0,0,0,0,0,0,0,0,0,0,0,0,0,0,0,0,0,0,0,0,0,0,0,0,0,0,0,regulatory.T.cell,proportionsInAdmixture
plasma.cell2,2.57,3.4,8.53,0.22,0.54,3.65,3.78,4.27,4.1,6.07,1.76,0.98,2.18,0,7.5,0.61,9.32,5.47,4.16,4.67,2.74,2.43,9.51,2.92,0.4,8.7,4.24,4.2,6.65,6.11,0.56,11.26,8.83,2.16,8.66,1.87,1.34,4.86,2.59,3.91,2.9,4.53,9.58,2.41,2.31,12.29,3.08,0,0,0.09,0.68,0,3.87,4.48,5.48,6.04,7.56,3.91,9.13,2.26,2,4.41,0,4.51,3.25,3.52,4.53,0,2.31,5.63,1.76,5.9,5.78,4.92,2.39,1.52,0,5.5,3.92628205128205,plasma.cell,proportionsInAdmixture
neutrophil2,5.36,4.8,4.17,4.15,4.36,6.16,3.17,6.55,5.08,4.07,2.85,4.06,4.14,1.78,4.86,3.88,3.9,5.21,4.28,3.36,3.5,3.98,4.47,4.04,3.47,6.16,3.66,2.94,3.04,4.12,2.64,4.23,5.02,4.48,5.49,2.82,6.5,4.25,2.42,3.51,3.97,6.48,4.99,4.13,4.21,4.35,4.49,2.02,1.84,3.1,4.19,3.87,6.1,4.39,4.27,3.59,2.89,4.21,4.62,3.99,7.01,3.12,5.12,3.31,3.5,3.2,6.49,0.9,4.17,4.56,5.46,4.92,3.13,4.34,3.24,4.31,3.59,3.84,4.13897435897436,neutrophil,proportionsInAdmixture
classical.monocyte2,0.74,0,0,0,0,0,0,0,0,0,0,0,0,0.55,0,0,0,0,0,0,0.19,0,0,0,0,0,0,0,0,0,0,0,0,2.97,0,0.14,0,0,0,0,0,0,0,0,0,0,0,0.2,1.33,1.78,0,0,0,0,0,0,0,0,0,0,0,0,0.79,0,0,0,0.28,1.13,0,1.1,0,0,0,0,0.47,0,0.16,0,0.151666666666667,classical.monocyte,proportionsInAdmixture
nk.cell2,0,0,0,0,0,0,0,0,0,0,0,0,0,0,0,0.74,0,0,0,0,0,0,0,0,0,0,0,0,0,0,0,0,0,0,0,0,0.26,0,0,0,0,0,0,0,0,0,0,1.85,2.66,0,0,1.52,0,0,0,0,0,0,0,0,0.48,0,1.18,0,0,0,0,0,0,0,0,0,0,0,0,0,2.49,0,0.143333333333333,nk.cell,proportionsInAdmixture
macrophage2,0,0.98,0.36,0.09,2.85,0.94,0.47,0.41,0,0.15,0.04,0.39,0,0,0,0.14,0,1.86,1.7,0,1.66,0.49,0.45,1.04,0.06,1.07,0.36,0,0,0.65,0.34,0.06,0,0.11,0.7,0,0.02,0,0.07,0.83,0,1.25,0.32,0.21,0.15,0,0,0,0,0,0,0,1.23,0.77,2.56,0.46,0,0.94,0,0,0.51,0,0,0,0.55,0.95,0,0,0.46,0,0,0.4,1.36,0.33,0,0,0,0.28,0.397692307692308,macrophage,proportionsInAdmixture
enodthelial.cell2,2.47,3.65,2.09,4.4,3.51,2.58,2.33,3.93,2.68,1.8,2.72,5.18,3.92,5.91,3.29,4.4,1.22,1.95,2.93,2.53,3.99,3.57,1.38,2.52,4.62,0.92,2.19,2.82,1.77,2.56,4.36,0.46,2.91,1.89,2.18,2.1,5.25,2.03,3.33,2.37,3,2.48,0.9,3.27,3.94,1.36,7.76,6.46,8.9,3.63,6.8,7.96,3.41,3.71,2.85,2.99,0.67,3.27,1.5,3.83,3.42,1.23,4.2,2.56,3.63,2,3.35,7.63,4.6,1.03,4.14,2.09,1.8,3.08,1.81,6.45,5.39,2.68,3.28833333333333,enodthelial.cell,proportionsInAdmixture
CD141.positive.myeloid.dendritic.cell2,0,0,0,0.09,0,0,0,0.19,0,0,0,0.06,0,0.59,0,0,0,0,0,0,0.09,0,0,0,0.26,0,0,0,0,0,0.3,0,0,0,0,0,0,0,0,0,0,0,0,0,0.13,0,0.16,0.31,0.43,0,0,0,0,0,0,0,0,0,0,0.29,0,0,0,0,0,0,0,0.27,0.14,0,0.01,0,0,0,0,1.02,0,0,0.0556410256410256,CD141.positive.myeloid.dendritic.cell,proportionsInAdmixture
CD1c.positive.myeloid.dendritic.cell2,0.08,1.03,1.2,1.22,0,0,0.39,1.3,0.49,0.76,0.21,1.8,0.65,2.52,0.21,0,0.82,0,0.12,0.5,0.08,0.22,0.58,0.7,1.55,0,0.71,1.27,0.94,1.17,1.61,0.77,1.44,0,0.02,1.58,1.41,0.1,1.71,0.68,0.74,0,0.62,1.72,1.86,1.26,0.95,1.87,1.77,1.22,0.98,0.46,0,1.42,0,1.1,0.78,0.1,1.46,2.82,0.16,0.2,0.64,0.96,1.83,0.57,0,0.88,1.71,0,1.82,0,0,0.19,0.62,1.93,0.82,1.5,0.830769230769231,CD1c.positive.myeloid.dendritic.cell,proportionsInAdmixture
intermediate.monocyte2,4.32,4.93,2.62,4.82,8.49,4.92,3.46,5.04,2.41,2.4,3.74,7.97,3.74,1.49,1.51,6.56,1.34,5.05,6.19,2.74,7.16,5.26,2.18,3.7,6.1,3.68,3.31,2.92,1.71,5.41,5.61,1.19,3.58,1.63,4.02,1.84,5.82,2.67,2.92,3.64,3.39,5.37,2.55,3.45,4.79,2.11,1.63,2.49,2.27,0.64,2.71,5.08,5.04,5.94,8.69,3.81,0.31,4.91,1.67,4.46,6.68,2.38,7.24,2.87,5.1,4.15,3.61,0.64,6.6,1.29,4.17,2.83,4.54,4.1,0.9,5.73,2.71,4.48,3.83871794871795,intermediate.monocyte,proportionsInAdmixture
hematopoietic.stem.cell2,0,0,0,0,0,0,0,0,0,0,0,0,0,0,0,0,0,0,0,0,0,0,0,0,0,0,0,0,0,0,0,0,0,0,0,0,0,0,0,0,0,0,0,0,0,0,0,0,0,0,0,0,0,0,0,0,0,0,0,0,0,0,0,0,0,0,0,0,0,0,0,0,0,0,0,0,0,0,0,hematopoietic.stem.cell,proportionsInAdmixture
non.classical.monocyte2,2.47,2.42,2,3.18,4.73,2.89,2.68,2.94,3.08,2.08,3.07,2.64,2.95,1.33,2.11,3.23,1.1,3.37,3.06,2.67,2.7,4.04,1.28,2.62,3.72,2.33,2.58,2.75,2.41,2.67,3.08,1,2.41,3.39,2.23,2.01,2.92,2.67,2.43,2.35,2.64,3.77,1.08,2.17,3.11,0.64,1.83,2.6,2.1,1.4,2.22,2.43,4.36,2.99,3.63,2.68,2.36,3.63,1.23,2.65,2.51,2.32,2.85,2.43,2.73,2.93,3.73,1.66,2.7,2.89,2.41,2.1,3.47,2.61,2.92,2.8,2.34,2.52,2.60294871794872,non.classical.monocyte,proportionsInAdmixture
mast.cell2,0,0,0,0,0,0,0,0,0,0,0,0,0,0,0,0,0,0,0,0,0,0,0,0,0,0,0,0,0,0,0,0,0,0,0,0,0,0,0,0,0,0,0,0,0,0,0,0,0,0,0,0,0,0,0,0,0,0,0,0,0,0,0,0,0,0,0,0,0,0,0,0,0,0,0,0,0,0,0,mast.cell,proportionsInAdmixture
plasmacytoid.dendritic.cell2,0,0,0,0,0,0,0,0,0,0,0,0,0,0,0,0,0,0,0,0,0,0,0,0,0,0,0,0,0,0,0,0,0,0,0,0,0,0,0,0,0,0,0,0,0,0,0,0,0,0,0,0,0,0,0,0,0,0,0,0,0,0,0,0,0,0,0,0,0,0,0,0,0,0,0,0,0,0,0,plasmacytoid.dendritic.cell,proportionsInAdmixture
stromal.cell2,3.47,1.88,1.08,1.07,1.83,1.36,1.15,1.46,0.99,0.87,1.59,1.96,2.27,2.41,1.85,2.15,0.36,0.82,1.21,1.01,2.45,1.58,0.51,1.42,1.65,0.53,1.59,1.17,0.97,1.39,1.84,0.01,0.94,1.26,1.91,1.37,2,1.32,1.7,1.17,1.92,1.23,0.23,1.12,1.63,1.09,1.99,2.35,3.65,2.83,4.72,4.45,2.06,1.11,1.05,1.17,0.38,1.6,0.68,1.87,3.04,0.46,2.79,1.56,1.82,0.73,1.42,4.98,1.63,0.49,3.36,1.31,0.42,2.35,0.82,3.88,3.67,0.87,1.67051282051282,stromal.cell,proportionsInAdmixture
erythrocyte2,0.07,0.48,1.01,0.08,4.23,0.69,0.49,4.56,1.88,3.19,0.4,0.25,0.61,1.18,1.6,0.38,1.22,0.99,0.61,0.67,0.46,0.85,0.81,0.46,0.99,1.98,0.62,0.32,0.82,1.31,0.16,0.89,1.02,0.56,0.88,0.99,0.87,1.87,0.2,0.6,1.68,0.59,1.27,0.29,0.37,1.23,11.44,0,0.39,5.72,2.91,7.54,0.81,0.6,1.26,0.85,0.41,0.69,0.74,0.21,0.57,1.58,4.57,3.37,0.46,7.83,1.26,2.78,0.36,2.88,0.12,1.3,0.97,0.78,0.43,1.03,5.33,0.5,1.49192307692308,erythrocyte,proportionsInAdmixture
conventional.dendritic.cell2,0.57,0.41,0.14,0.53,0.11,0.4,0.58,0.14,0.4,0.24,0.67,0.35,0.71,1.4,0.5,0.88,0.13,0,0.23,1.03,0.48,0.55,0.18,0.48,0.46,0,0.44,0.67,0.61,0.08,0.43,0,0.22,0.51,0.02,0.81,0.42,0.33,0.74,0.48,0.44,0.03,0,1.2,0.28,0.01,0.39,1.48,1.21,1.04,0.81,1,0.28,0.31,0,0.39,0.52,0.78,0.18,0.33,0.34,0.46,0.87,0.34,0.27,0.45,0.79,1,0.43,0.63,0.59,0.13,0.31,0.27,0.94,0,1.04,0.19,0.475128205128205,conventional.dendritic.cell,proportionsInAdmixture
naive.b.cell2,0.85,5.54,6.18,1.46,0,0,3.26,0,1.17,7.17,0.65,4.08,0,0.12,0,0,0.1,0,0,0.4,0,0,0,11.11,1.64,1.42,2.78,3.87,5.73,0.47,0,0.24,3.97,3.73,0,5.96,3.18,3.07,10.95,6.25,2.28,0,2.37,3.4,6.87,0,0,0,0,1.62,3.35,0,0,2.36,0,2.69,16.55,0.54,8.66,7.74,0,1.26,0,4.97,4.9,9.22,0,0,1.28,1.9,2.22,1.73,0,0,6.74,0,0,3.63,2.45679487179487,naive.b.cell,proportionsInAdmixture
memory.b.cell2,0,0,0,0,0,0,0,0,0,0,0,0,0,0,0,0,0,0,0,0,0,0,0,0,0,0,0,0,0,0,0,0,0,0,0,0,0,0,0,0,0,0,0,0,0,0,0,0.2,0,0,0,0,0,0,0,0,0,0,0,0,0,0,0,0,0,0,0,0,0,0,0,0,0,0,0,0,0,0,0.00256410256410256,memory.b.cell,proportionsInAdmixture
naive.thymus.derived.cd4.positive.alpha.beta.t.cell2,14.1,8.97,12.24,8.71,8.43,12.21,13.47,7.8,13.63,12.24,14.62,6.77,15.66,7.03,16.08,13.75,16.68,14.69,12.38,11.16,12.61,12.03,15.8,8.96,8.57,13.55,13.26,14.14,16.16,14.59,11.75,17.8,13.57,15.97,16.12,11.93,4.24,15.45,6.3,13.16,13.15,13.62,14.44,7.73,4.95,17.19,11.66,5.92,3.53,15.93,5.47,6.48,13.03,11.15,12.2,11.8,11.43,13.31,10.51,4.04,8.12,13.66,7.94,12.6,11.02,8.21,11.22,10.38,8.23,14.77,6.07,16.09,17.3,16.09,14.43,6.26,9.81,10.2,11.6220512820513,naive.thymus.derived.cd4.positive.alpha.beta.t.cell,proportionsInAdmixture
cd4.positive.alpha.beta.memory.t.cell2,0,0,0,0,0,0,0,0,0,0,0,0,0,0,0,0,0,0,0,0,0,0,0,0,0,0,0,0,0,0,0,0,0,0,0,0,0,0,0,0,0,0,0,0,0,0,0,0,0.52,0,0,0,0,0,0,0,0,0,0,0,0,0,0,0,0,0,0,0,0,0,0,0,0,0,0,0,0,0,0.00666666666666667,cd4.positive.alpha.beta.memory.t.cell,proportionsInAdmixture
cd8.positive.alpha.beta.memory.t.cell2,0,0,0,0,0,0,0,0,0,0,0,0,0,0,0,0,0,0,0,0,0,0,0,0,0,0,0,0,0,0,0,0,0,0,0,0,0,0,0,0,0,0,0,0,0,1.45,0,0,0,0,0,0,0,0,0,0,0,0,0,0,0,0,0,0,0,0,0,0,0,0,0,0,0,0,0,0,0,0,0.0185897435897436,cd8.positive.alpha.beta.memory.t.cell,proportionsInAdmixture
mature.nk.t.cell2,0,0,0,0,0,0,0,0,0,0,0,0,0,0,0,0,0,0,0,0,0,0,0,0,0,0,0,0,0,0,0,0,0,0,0,0,0,0,0,0,0,0,0,0,0,0,0,0,0,0,0,0,0,0,0,0,0,0,0,0,0,0,0,0,0,0,0,0,0,0,0,0,0,0,0,0,0,0,0,mature.nk.t.cell,proportionsInAdmixture
cd141.positive.myeloid.dendritic.cell2,0,0,0,0,0,0,0,0,0,0,0,0,0,0,0,0,0,0.91,0,0,0,0,0,0,0,0,0,0,0,0,0,0,0,0.6,0,0,0,0,0,0,0,0,0,0,0,0,0,0,0,0,0,0,0,0,0,0,0,0,0,0,0,0.07,0,0,0,0,0,0,0,0.23,0,0.35,0.38,0,0,0,0,0,0.0325641025641026,cd141.positive.myeloid.dendritic.cell,proportionsInAdmixture
cd1c.positive.myeloid.dendritic.cell2,0.85,0.62,0.71,0.27,0.78,0.65,1.31,0.24,1.27,1.16,0.76,0,0.18,0,0.72,1.03,0.53,0.72,0.97,0.84,0.19,0.83,0.58,1.19,0,0.9,0.58,0.66,1.34,0.47,0.09,0.74,0.69,1.3,0.87,0.92,0.77,0.81,0.9,0.75,0.57,0.84,0.75,0.88,0.08,0.4,0.51,0.55,0.18,0.17,0.22,0.28,1.05,0.59,0.29,1.12,1.74,1.32,0.8,0.3,0.69,1.16,1.13,0.83,0.65,1.67,1.09,0,0.78,1.71,0.28,0.86,0.96,0.4,1.3,0,0.56,0.67,0.712435897435897,cd1c.positive.myeloid.dendritic.cell,proportionsInAdmixture
endothelial.cell2,0,0,0,0,0,0,0,0,0,0,0,0,0,0,0,0,0,0,0,0,0,0,0,0,0,0,0,0,0,0,0,0,0,0,0,0,0,0,0,0,0,0,0,0,0,0,0,0,0,0,0,0,0,0,0,0,0,0,0,0,0,0,0,0,0,0,0,0,0,0,0,0,0,0,0,0,0,0,0,endothelial.cell,proportionsInAdmixture
regulatory.t.cell2,0,0.02,0,0,0.13,0,0,0,0.03,0.12,0,0,0,0,0.03,0,0,0,0.06,0,0,0.03,0,0.27,0,0,0,0,0,0,0,0,0,0.05,0,0,0.35,0,0,0,0,0.21,0,0,0,0,0,0,0,0,0,0,0.05,0,0,0.09,0.19,0.19,0.07,0.17,0.01,0.05,0.34,0,0,0.32,0.13,0,0.16,0.14,0.01,0,0,0,0.13,0,0,0,0.0429487179487179,regulatory.t.cell,proportionsInAdmixture
others2,0,0,0,0,0,0,0,0,0,0,0,0,0,0,0,0,0,0,0,0,0,0,0,0,0,0,0,0,0,0,0,0,0,0,0,0,0,0,0,0,0,0,0,0,0,0,0,0,0,0,0,0,0,0,0,0,0,0,0,0,0,0,0,0,0,0,0,0,0,0,0,0,0,0,0,0,0,0,0,others,proportionsInAdmixture
B.cell3,0,1.85,0,0,0,0,7.67,0,7.08,0,0.85,0,0,21.45,9.54,0,0,6.97,0,12.04,0,0,1.58,0,0,0,5.56,2.44,0,0,0,0,0,1.05,0.83,3.36,3.43,4.43,0,1.07,7.14,1.17,0,0,0,0,0,14.63,0,0,0.3,0,0,0,2.36,3.53,0,4.01,0,4.29,0.29,5.06,0,4.95,0.4,0,5.67,12.33,2.79,0,5.59,0.41,5.05,5.2,5.31,0,0,8.12,2.43333333333333,B.cell,DeconRNASeq
CD8.positive.alpha.beta.thymocyte3,0,0,0,0,0,0,0,0,0,0,0,0,0,1.26,0,0,0,0,0,0,0,0,0,0,0,0,0,0,0,0,0,0,0,0,0,0,0,0,0,0,0,0,0,0,0,0,0,0,0,0,0,0,0,0,0,0,0,0,0,0,0,0,0,0,0,0,0,0,0,0,0,0,0,0,0,0,0,0,0.0161538461538462,CD8.positive.alpha.beta.thymocyte,DeconRNASeq
T.cell3,0,0,0,0,0,0,0,0,0,0,0,0,0,0,0,0,0,0,0,0,0,0,0,0,0,0,0,0,0,0,0,0,0,0,0,0,0,0,0,0,0,0,0,0,0,0,0,0,0,0,0,0,0,0,0,0,0,0,0,0,0,0,0,0,0,0,0,0,0,0,0,0,0,0,0,0,0,0,0,T.cell,DeconRNASeq
NK.T.cell3,0,0,0,0,0,0,0,0,0,0,0,0,0,0,0,0,0,0,0,0,0,0,0,0,0,0,0,0,0,0,0,0,0,0,0,0,0,0,0,0,0,0,0,0,0,0,0,0,0,0,0,0,0,0,0,0,0,0,0,0,0,0,0,0,0,0,0,0,0,0,0,0,0,0,0,0,0,0,0,NK.T.cell,DeconRNASeq
CD4.positive.alpha.beta.thymocyte3,0,0,0,0,0,0,0,0,0,0,0,0,0,0,0,0,0,0,0,0,0,0,0,0,0,0,0,0,0,0,0,0,0,0,0,0,0,0,0,0,0,0,0,0,0,0,0,0,0,0,0,0,0,0,0,0,0,0,0,0,0,0,0,0,0,0,0,0,0,0,0,0,0,0,0,0,0,0,0,CD4.positive.alpha.beta.thymocyte,DeconRNASeq
innate.lymphoid.cell3,0,0.43,0,0,0,0,0,0,0,0,0,0,0,3.21,0,0,0,0,0,4.8,0,0,0,0,2.3,0,0,0,0,0,0,0,0,0,0,0,1.37,0,0,0,0,0,0,0,0,0,0,1.14,7.35,0,5.99,0,0,0,0,0,0,0,0,2.33,2.46,0,0,0.56,0,0,3.08,0.02,0,0,4.86,0,0,0,0,5.15,0,1.78,0.600384615384615,innate.lymphoid.cell,DeconRNASeq
regulatory.T.cell3,0,0,0,0,0,0,0,0,0,0,0,0,0,0,0,0,0,0,0,0,0,0,0,0,0,0,0,0,0,0,0,0,0,0,0,0,0,0,0,0,0,0,0,0,0,0,0,0,0,0,0,0,0,0,0,0,0,0,0,0,0,0,0,0,0,0,0,0,0,0,0,0,0,0,0,0,0,0,0,regulatory.T.cell,DeconRNASeq
plasma.cell3,10.69,11.6,21.11,8.47,8.15,12.1,12.98,11.99,13.09,17.84,8.51,8,9.36,0,21.12,7.81,25.02,17.15,13.51,14.21,9.56,10.06,24.5,11.29,6.61,25.88,13.75,12.93,20.17,15.63,6.69,32.02,20.72,9.59,22.16,9.32,7.8,14.76,10.85,13.33,10.49,14.03,25.75,10.38,10.35,28.27,10.41,0.54,2.02,4.47,5.07,2.32,12.44,13.36,15.38,17.14,23.2,12.78,24.66,9.27,9.04,15.05,6.47,13.72,11.39,12.54,13.63,0,10.09,17.37,8.24,16.78,17.69,14.12,10.04,7.49,7.36,16.72,12.9538461538462,plasma.cell,DeconRNASeq
neutrophil3,25.55,23.87,23.49,23.22,23.94,26.49,21.3,25.44,24.88,23.54,20.98,22.34,23.24,14.85,24.14,23.87,23.48,26.09,24.08,21.28,22.12,23.28,24.03,23.75,22.23,29.36,22.44,20.97,20.57,23.35,20.71,24.69,24.66,26.09,25.85,21.23,26.59,23.81,19.92,22.42,22.48,28.25,25.93,22.92,23.36,24.71,21.4,16.99,18.14,20.59,21.78,21.44,26.12,23.44,23.4,22.36,21.51,23.3,24.96,22.41,28.57,22.4,25.03,20.91,21.88,21.45,28.35,12.62,23.13,25.94,24.38,25,22.17,23.17,21.86,22.25,23.31,22.1,23.1301282051282,neutrophil,DeconRNASeq
classical.monocyte3,0,0,0,0,0,0,0,0,0,0,0,0,0,0,0,0,0,0,0,0,0,0,0,0,0,0,0,0,0,0,0,0,0,0,0,0,0,0,0,0,0,0,0,0,0,0,0,0,0,0,0,0,0,0,0,0,0,0,0,0,0,0,0,0,0,0,0,0,0,0,0,0,0,0,0,0,0,0,0,classical.monocyte,DeconRNASeq
nk.cell3,0,0,0,0,0,0,0,0,0,0,0,0,0,0,0,0,0,0,0,0,0,0,0,0,0,0,0,0,0,0,0,0,0,0,0,0,0,0,0,0,0,0,0,0,0,0,0,0,0,0,0,0,0,0,0,0,0,0,0,0,0,0,0,0,0,0,0,0,0,0,0,0,0,0,0,0,0,0,0,nk.cell,DeconRNASeq
macrophage3,0.99,3.71,0,0.29,6.56,2.44,2.73,1.66,1.59,0.18,3,3.11,1.27,0,0,2.96,0,5.75,4.04,1.43,7.17,3.85,0,3.82,3.81,0.81,2.33,0.96,0,1.38,3.79,0,0,1.88,1.03,0.08,3.57,1.3,1.06,2.78,1.62,4.77,0,0.64,1.27,0,0,0,0,0,0,0,2.5,2.06,5.82,1.02,0,4.25,0,2.37,4.26,0,1.94,1.64,4.54,2.98,0.55,0,3.73,0.36,0.78,0,3.9,1.84,0.05,1.7,0,2.4,1.77333333333333,macrophage,DeconRNASeq
enodthelial.cell3,7.28,9.76,6.84,8.38,8.29,7.17,7.75,8.4,8.58,6.61,8.11,11.01,8.8,14.74,10.42,10.32,4.91,7.55,8.23,7.49,10.44,9.46,5.44,8.36,10.48,4.89,7.59,7.95,6.53,7.33,10.27,3.18,7.96,7.15,7.58,6.61,12.5,7.06,9.65,8.06,8.78,7.96,4.51,7.81,8.88,5,16,15.05,18.14,8.22,16.49,15.68,8.57,8.99,8.31,8.9,3.8,8.95,5.68,9.91,9.31,5.77,8.93,8.03,10.41,6.97,9.71,20.96,10.35,5.04,9.63,7.08,7.05,8.72,6.05,12.1,7.96,8.65,8.81384615384615,enodthelial.cell,DeconRNASeq
CD141.positive.myeloid.dendritic.cell3,0,0,0,0,0,0,0,0,0,0,0,0,0,0,0,0,0,0,0,0,0,0,0,0,0,0,0,0,0,0,0,0,0,0,0,0,0,0,0,0,0,0,0,0,0,0,0,0,0,0,0,0,0,0,0,0,0,0,0,0,0,0,0,0,0,0,0,0,0,0,0,0,0,0,0,0,0,0,0,CD141.positive.myeloid.dendritic.cell,DeconRNASeq
CD1c.positive.myeloid.dendritic.cell3,0,0,0,0,0,0,0,0,0,0,0,0,0,0,0,0,0,0,0,0,0,0,0,0,0,0,0,0,0,0,0,0,0,0,0,0,0,0,0,0,0,0,0,0,0,0,0,0,0,0,0,0,0,0,0,0,0,0,0,0,0,0,0,0,0.03,0,0,0,0,0,0,0,0,0,0,0,0,0,0.000384615384615385,CD1c.positive.myeloid.dendritic.cell,DeconRNASeq
intermediate.monocyte3,0,0,0,0,0,0,0,0,0,0,0,0,0,0,0,0,0,0,0,0,0,0,0,0,0,0,0,0,0,0,0,0,0,0,0,0,0,0,0,0,0,0,0,0,0,0,0,0,0,0,0,0,0,0,0,0,0,0,0,0,0,0,0,0,0,0,0,0,0,0,0,0,0,0,0,0,0,0,0,intermediate.monocyte,DeconRNASeq
hematopoietic.stem.cell3,0,0,0,0,0,0,0,0,0,0,0,0,0,0,0,0,0,0,0,0,0,0,0,0,0,0,0,0,0,0,0,0,0,0,0,0,0,0,0,0,0,0,0,0,0,0,0,0,0,0,0,0,0,0,0,0,0,0,0,0,0,0,0,0,0,0,0,0,0,0,0,0,0,0,0,0,0,0,0,hematopoietic.stem.cell,DeconRNASeq
non.classical.monocyte3,0,0,0,0,0,0,0,0,0.3,0,0.3,0,0,0,0,0,0,0,0,0,1.48,0.7,0,0,0.02,0,0,0,0,0,0,0,0,3.77,0,0,1.53,0,0,0,0,0,0,0,0,0,0,0,0,0,0,0,0,0,0,0,0,0,0,0.19,1.08,0,0,0,0,0,2.33,0,0,0,0,0,0,0,0,0,0,0,0.15,non.classical.monocyte,DeconRNASeq
mast.cell3,6.38,5.07,6.25,8.21,7.01,6.83,4.94,6.6,4.22,4.44,5.4,6.63,7.08,0.7,3.36,6.39,6.52,5.77,7.22,3.83,5.95,6.65,6.13,5.47,6.54,4.31,5.86,5.88,4.72,7.37,6.32,5.45,6.07,3.74,5.97,5.59,4.18,5.06,5.21,5.39,5.3,6.18,5.75,6.37,7.76,6.59,3.7,1.05,3.14,3.69,2.03,2.26,7.53,7.04,6.89,5.69,3.74,5.55,4.73,5.09,4.72,6.72,6.36,4.36,5.33,3.98,2.02,1.63,6.06,5.86,5.14,6.48,6.42,6,5,6.1,6.57,4.23,5.35602564102564,mast.cell,DeconRNASeq
plasmacytoid.dendritic.cell3,0,0,0,0.07,0,0,0,0,0,0,0,0,0,0,0,0,0,0,0,0,0,0,0,0,0,0,0,0,0,0,0,0.01,0,0,0,0,0,0,0,0,0,0,0,0,0,0.87,0.32,0,0,0,0,0,0,0,0,0,0,0,0,0,0,0,0,0,0,0,0,0,0,0,0,0,0,0,0,0,0,0,0.0162820512820513,plasmacytoid.dendritic.cell,DeconRNASeq
stromal.cell3,15.33,11.31,11.86,11.54,12.03,11.35,10.26,10.85,9.21,9.96,10.96,11.52,12.5,9.05,12.12,12.58,10.57,10.34,11.62,9.05,12.45,11.41,10.73,11.4,10.69,10.08,11.51,10.55,10.17,11.81,11.34,10.04,10.86,10.54,12.92,10.62,10.47,10.65,11.6,10.49,11.53,11.16,10.23,10.79,11.77,12.99,10.56,9.29,12.61,12.32,16.4,14.39,13.35,11.24,11.29,11,9.82,11.5,10.48,10.63,13.38,10,12.91,10.7,11.51,9.53,9.5,18.23,10.93,9.69,13.52,12.06,9.9,13.02,9.46,13.8,14.27,8.85,11.3967948717949,stromal.cell,DeconRNASeq
erythrocyte3,12.29,11.35,15.63,14.45,16.75,13.62,11.51,16.63,12.64,16.56,10.89,12.08,12.84,8.69,13.51,12.6,16.59,13.15,13.94,11.04,10.31,12.62,15.87,12.2,12.21,16.51,11.66,11.87,13.01,14.85,11.39,17.85,14.47,10.15,13.48,12.37,10.82,13.07,11.98,12.16,12.38,12.5,16.95,13.4,13.68,18.71,25.17,7.68,9.94,17.51,13.66,20.33,14.32,13.84,14.5,13.64,14.29,12.23,15.04,10.71,11.33,15.2,16.69,14.88,11.27,22.52,11.35,12.49,12.27,16.26,10.72,15.12,13.8,12.11,11.11,12.07,18.95,11.06,13.6575641025641,erythrocyte,DeconRNASeq
conventional.dendritic.cell3,3.84,3.08,1.47,4.41,3.51,3.6,3.8,3.36,3.07,2.16,4.1,3.81,3.85,5.07,2.19,4.12,1.37,2.46,3.9,4.4,3.04,4,1.9,2.91,4.06,0.99,3.28,4.07,2.95,3.28,4.21,0.57,2.26,1.97,2.01,4.47,3.36,2.38,4.13,3.04,3.03,2.66,0.96,5.25,4.07,0.6,2.13,5.69,4.29,3.48,1.74,2.53,3.21,3.71,2.42,3.43,1.2,4.27,0.68,3.59,3.14,4.1,4.68,2.65,3.37,2.95,2.33,3.05,4.42,3.59,3.73,2.04,3.34,2.63,4.52,2.76,3.1,2.8,3.13576923076923,conventional.dendritic.cell,DeconRNASeq
naive.b.cell3,13.01,17.96,13.35,13.88,9.46,11.55,14.73,12.04,11.04,18.7,11.15,17.09,10.74,6.92,2.86,8.57,11.53,3.83,11.06,8.54,8.54,8.68,9.83,20.8,12.09,7.17,14.25,17.87,20.74,14.04,10.22,6.18,12.99,17.1,8.17,20.15,13.9,14.69,25.59,19.67,13.15,6.95,9.93,15.87,18.75,2.26,4.74,6.69,7.35,13.54,15.32,5.86,11.44,16.32,9.64,13.29,22.43,12.14,13.78,19.21,6,13.47,9.62,16.01,18.52,16.58,7.64,4.38,13.24,14.42,13.4,15.03,8.99,8.1,21.97,10.23,12.28,13.27,12.4678205128205,naive.b.cell,DeconRNASeq
memory.b.cell3,1.59,0,0,4.59,3.75,2.87,0,3.03,0,0,10.58,4.4,6.23,7.07,0,6.79,0,0,2.38,0,3.63,5.81,0,0,6.59,0,0,3.11,0,0.08,11.54,0,0,0,0,1.89,0,0,0,0,0,2.46,0,6.58,0,0,0.69,14.33,12.23,13.77,0,5.13,0,0,0,0,0,0,0,0,5.1,0,5.79,0,0.15,0,0,1.54,2.98,0,0,0,0,1.11,0,6.31,3.17,0,2.14448717948718,memory.b.cell,DeconRNASeq
naive.thymus.derived.cd4.positive.alpha.beta.t.cell3,2.75,0,0,1.92,0.55,1.98,2.2,0,3.64,0,5.17,0,4.09,4.46,0.74,3.98,0,0.85,0,1.88,5.3,3.48,0,0,2.37,0,1.77,1.38,0.8,0.89,3.52,0,0,6.35,0,4.3,0.46,2.78,0,1.6,4.1,1.9,0,0,0,0,2.64,0.83,0,2.4,1.21,3.59,0.52,0,0,0,0,1.02,0,0,1.35,1.99,0.64,1.58,1.2,0,3.84,12.74,0,0.29,0,0,1.69,3.99,4.63,0.05,2.23,0,1.58512820512821,naive.thymus.derived.cd4.positive.alpha.beta.t.cell,DeconRNASeq
cd4.positive.alpha.beta.memory.t.cell3,0,0,0,0,0,0,0,0,0,0,0,0,0,0,0,0,0,0,0,0,0,0,0,0,0,0,0,0,0,0,0,0,0,0,0,0,0,0,0,0,0,0,0,0,0,0,0,0,0,0,0,0,0,0,0,0,0,0,0,0,0,0,0,0,0,0,0,0,0,0,0,0,0,0,0,0,0,0,0,cd4.positive.alpha.beta.memory.t.cell,DeconRNASeq
cd8.positive.alpha.beta.memory.t.cell3,0,0,0,0,0,0,0,0,0,0,0,0,0,2.53,0,0,0,0,0,0,0,0,0,0,0,0,0,0,0,0,0,0,0,0,0,0,0,0,0,0,0,0,0,0,0,0,0,6.09,4.79,0,0,5.2,0,0,0,0,0,0,0,0,0,0,0,0,0,0,0,0,0,0,0,0,0,0,0,0,0,0,0.238589743589744,cd8.positive.alpha.beta.memory.t.cell,DeconRNASeq
mature.nk.t.cell3,0,0,0,0,0,0,0,0,0,0,0,0,0,0,0,0,0,0,0,0,0,0,0,0,0,0,0,0,0,0,0,0,0,0,0,0,0,0,0,0,0,0,0,0,0,0,0,0,0,0,0,0,0,0,0,0,0,0,0,0,0,0,0,0,0,0,0,0,0,0,0,0,0,0,0,0,0,0,0,mature.nk.t.cell,DeconRNASeq
cd141.positive.myeloid.dendritic.cell3,0,0,0,0,0,0,0,0,0,0,0,0,0,0,0,0,0,0,0,0,0,0,0,0,0,0,0,0,0,0,0,0,0,0,0,0,0,0,0,0,0,0,0,0,0,0,0,0,0,0,0,0,0,0,0,0,0,0,0,0,0,0,0,0,0,0,0,0,0,0,0,0,0,0,0,0,0,0,0,cd141.positive.myeloid.dendritic.cell,DeconRNASeq
cd1c.positive.myeloid.dendritic.cell3,0.28,0,0,0,0,0,0.11,0,0.66,0,0,0,0,0,0,0,0,0.1,0,0,0,0,0,0,0,0,0,0,0.33,0,0,0,0,0.62,0,0,0,0,0,0,0,0,0,0,0,0,0.68,0,0,0,0,0.03,0,0,0,0,0,0,0,0,0,0.25,0,0,0,0.5,0,0,0,1.18,0,0,0,0,0,0,0,0,0.0607692307692308,cd1c.positive.myeloid.dendritic.cell,DeconRNASeq
endothelial.cell3,0,0,0,0,0,0,0,0,0,0,0,0,0,0,0,0,0,0,0,0,0,0,0,0,0,0,0,0,0,0,0,0,0,0,0,0,0,0,0,0,0,0,0,0,0,0,0,0,0,0,0,0,0,0,0,0,0,0,0,0,0,0,0,0,0,0,0,0,0,0,0,0,0,0,0,0,0,0,0,endothelial.cell,DeconRNASeq
regulatory.t.cell3,0,0,0,0.57,0,0,0,0,0,0,0,0,0,0,0,0,0,0,0,0,0,0,0,0,0,0,0,0,0,0,0,0,0,0,0,0,0,0,0,0,0,0,0,0,0.11,0,1.56,0,0,0,0,1.24,0,0,0,0,0,0,0,0,0,0,0.94,0,0,0,0,0,0,0,0,0,0,0,0,0,0.8,0,0.0669230769230769,regulatory.t.cell,DeconRNASeq
others3,0,0,0,0,0,0,0,0,0,0,0,0,0,0,0,0,0,0,0,0,0,0,0,0,0,0,0,0,0,0,0,0,0,0,0,0,0,0,0,0,0,0,0,0,0,0,0,0,0,0,0,0,0,0,0,0,0,0,0,0,0,0,0,0,0,0,0,0,0,0,0,0,0,0,0,0,0,0,0,others,DeconRNASeq
