,X111CU,X111YS,X1122O,X117YW,X117YX,X1192X,X11DXW,X11DXX,X11DXY,X11DXZ,X11DZ1,X11EI6,X11EM3,X11EMC,X11EQ9,X11GS4,X11GSP,X11I78,X11LCK,X11NSD,X11NUK,X11NV4,X11O72,X11OF3,X11ONC,X11P7K,X11P81,X11P82,X11PRG,X11TT1,X11TTK,X11TUW,X11VI4,X11WQC,X11WQK,X11XUK,X11ZTS,X11ZTT,X11ZUS,X11ZVC,X1211K,X1212Z,X12696,X1269C,X12BJ1,X12C56,X12WSC,X12WSD,X12WSF,X12WSG,X12WSH,X12WSJ,X12WSL,X12WSM,X12WSN,X12ZZX,X12ZZY,X12ZZZ,X13111,X13112,X13113,X1313W,X131XE,X131XF,X131XG,X131XH,X131XW,X131YS,X132AR,X132NY,X132Q8,X1339X,X133LE,X1399R,X1399S,X1399T,X1399U,X139T6,X139TS,X139TT,X139YR,X13CF2,X13CF3,X13D11,X13FH7,X13FHO,X13FHP,X13FTW,X13FXS,X13G51,X13JUV,X13JVG,X13N11,X13N1W,X13N2G,X13NYB,X13NYS,X13O1R,X13O21,X13O3O,X13O3Q,X13O61,X13OVG,X13OVH,X13OVI,X13OVJ,X13OVL,X13OW5,X13OW6,X13OW7,X13OW8,X13PL7,X13PVQ,X13PVR,X13QBU,X13RTJ,X13S7M,X13SLW,X13SLX,X13U4I,X13VXT,X13VXU,X13W3W,X13X6H,X13X6I,X13X6J,X13X6K,X144GL,X144GM,X145LS,X145LT,X145LU,X145ME,X145MH,X145MN,X145MO,X146FH,X146FR,X14753,X147F4,X147GR,X148VJ,X14ABY,X14AS3,X14BIL,X14BIM,X14BMU,X14BMV,X14C39,X14C5O,X14DAQ,X14DAR,X14E1K,X14E6C,X14E6E,X14JG1,X14JG6,X14JIY,X14PJ3,X14PJ4,X14PJ6,X14PJM,X14PJO,X14PK6,X14PN4,X15CHC,X15CHQ,X15DCD,X15EO6,X15ER7,X15G19,X15RIE,X15SHU,X15UF6,X16AAH,X16GPK,X16MT8,X16NGA,X16XZZ,X16YQH,X16Z82,X17EVP,X17EVQ,X17F96,X17F97,X17F98,X17F9E,X17GQL,X17HG3,X17HGU,X17HHE,X17HHY,X17HII,X17JCI,X17KNJ,X17MF6,X183FY,X183WM,X18465,X18A66,X18A67,X18A6Q,X18A7A,X18D9A,X18D9B,X18D9U,X18QFQ,X1A32A,X1A3MV,X1A3MX,X1A8FM,X1A8G6,X1A8G7,X1AMEY,X1AMFI,X1AX8Z,X1AX9I,X1AX9J,X1AX9K,X1B8KE,X1B8KZ,X1B8L1,X1B8SF,X1B8SG,X1B932,X1B933,X1B97I,X1B97J,X1B996,X1BAJH,X1C2JI,X1C475,X1C4CL,X1C64N,X1C64O,X1C6VQ,X1C6VR,X1C6WA,X1CAMQ,X1CAMR,X1CAMS,X1CB4E,X1CB4F,X1CB4G,X1CB4H,X1CB4I,X1CB4J,X1E1VI,X1E2YA,X1EH9U,X1EMGI,X1EN7A,X1EU9M,X1EWIQ,X1EX96,X1F48J,X1F52S,X1F5PK,X1F5PL,X1F6I4,X1F6IF,X1F75A,X1F75B,X1F75I,X1F7RK,X1F88F,X1GF9U,X1GF9V,X1GF9W,X1GF9X,X1GMR2,X1GMR3,X1GMR8,X1GMRU,X1GN1U,X1GN1V,X1GN1W,X1GN2E,X1GN73,X1GPI7,X1GTWX,X1GZ2Q,X1GZ4H,X1GZ4I,X1GZHY,X1H11D,X1H1CY,X1H1DG,X1H1E6,X1H1ZS,X1H23P,X1H2FU,X1H3NZ,X1H3O1,X1H3VE,X1H3VY,X1H4P4,X1HB9E,cell_type_mean,cell_type,method
endothelial.cell.of.vascular.tree,0,0,0,0,0,0,0,0,0,0,0,0,0,0,0,0,0,0,0,0,0,0,0,0,0,0,0,0,0,0,0,0,0,0,0,0,0,0,0,0,0,0,0,0,0,0,0,0,0,0,0,0,0,0,0,0,0,0,0,0,0,0,0,0,0,0,0,0,0,0,0,0,0,0,0,0,0,0,0,0,0,0,0,0,0,0,0,0,0,0,0,0,0,0,0,0,0,0,0,0,0,0,0,0,0,0,0,0,0,0,0,0,0,0,0,0,0,0,0,0,0,0,0,0,0,0,0,0,0,0,0,0,0,0,0,0,0,0,0,0,0,0,0,0,0,0,0,0,0,0,0,0,0,0,0,0,0,0,0,0,0,0,0,0,0,0,0,0,0,0,0,0,0,0,0,0,0,0,0,0,0,0,0,0,0,0,0,0,0,0,0,0,0,0,0,0,0,0,0,0,0,0,0,0,0,0,0,0,0,0,0,0,0,0,0,0,0,0,0,0,0,0,0,0,0,0,0,0,0,0,0,0,0,0,0,0,0,0,0,0,0,0,0,0,0,0,0,0,0,0,0,0,0,0,0,0,0,0,0,0,0,0,0,0,0,0,0,0,0,0,0,0,0,0,0,0,0,0,0,0,0,0,0,0,0,0,0,0,0,0,0,0,0,0,0,0,0,0,0,endothelial.cell.of.vascular.tree,nnls
capillary.endothelial.cell,0,0,0,0,0,0,0,0,0,0,0,0,0,0,0,0,0,0,0,0,0,0,0,0,0,0,0,0,0,0,0,0,0,0,0,0,0,0,0,0,0,0,0,0,0,0,0,0,0,0,0,0,0,0,0,0,0,0,0,0,0,0,0,0,0,0,0,0,0,0,0,0,0,0,0,0,0,0,0,0,0,0,0,0,0,0,0,0,0,0,0,0,0,0,0,0,0,0,0,0,0,0,0,0,0,0,0,0,0,0,0,0,0,0,0,0,0,0,0,0,0,0,0,0,22917.72,0,0,0,0,0,0,0,0,0,0,0,0,0,0,0,0,0,0,0,0,0,0,0,0,0,0,0,0,0,0,0,0,0,0,0,0,0,0,0,0,0,0,0,0,0,0,0,0,0,0,0,0,0,0,0,0,0,0,0,0,0,0,0,0,0,0,0,0,0,0,0,0,23537.49,0,0,0,0,0,0,0,0,0,0,0,0,0,0,0,0,0,0,0,0,0,0,0,0,0,0,0,0,0,0,0,0,0,0,0,0,0,0,0,0,0,0,0,0,0,0,0,0,0,0,0,0,0,0,0,0,0,0,0,0,0,0,0,0,0,0,0,0,0,0,0,0,0,0,0,0,0,0,0,0,0,0,0,0,0,0,0,0,0,0,0,0,0,16915.76,0,0,0,0,0,0,212.654261744966,capillary.endothelial.cell,nnls
endothelial.cell.of.lymphatic.vessel,0,0,0,0,0,0,0,0,0,0,0,0,0,0,0,0,0,0,0,0,0,0,0,0,0,0,0,0,0,0,0,0,0,0,0,0,0,0,0,0,0,0,0,0,0,0,0,0,0,0,0,0,0,0,0,0,0,0,0,0,0,0,0,0,0,0,0,0,0,0,0,0,0,0,0,0,0,0,0,0,0,0,0,0,0,0,0,0,0,0,0,0,0,0,0,0,0,0,0,0,0,0,0,0,0,0,0,0,0,0,0,0,0,0,0,0,0,0,0,0,0,0,0,0,0,0,0,0,0,0,0,0,0,0,0,0,0,0,0,0,0,0,0,0,0,0,0,0,0,0,0,0,0,0,0,0,0,0,0,0,0,0,0,0,0,0,0,0,0,0,0,0,0,0,0,0,0,0,0,0,0,0,0,0,0,0,0,0,0,0,0,0,0,0,0,0,0,61134.89,0,0,0,0,0,0,0,0,0,0,0,0,0,0,0,0,0,0,0,0,0,0,0,0,0,0,0,0,0,0,0,0,0,0,0,0,0,0,0,0,0,0,0,0,0,0,0,0,0,0,0,0,0,0,0,0,0,0,0,0,0,0,0,0,0,0,0,0,0,0,0,0,0,0,0,0,0,0,0,0,0,0,0,0,0,0,0,0,0,0,0,0,0,17581.38,21701.09,0,0,0,0,0,336.971006711409,endothelial.cell.of.lymphatic.vessel,nnls
mesenchymal.stem.cell,0,0,0,0,0,0,0,0,0,0,0,0,0,0,0,0,0,0,0,0,0,0,0,0,0,0,0,0,0,0,0,0,0,0,0,0,0,0,0,0,0,0,0,0,0,0,0,0,0,0,0,0,0,0,0,0,0,0,0,0,0,0,0,0,0,0,0,0,0,0,0,0,0,0,0,0,0,0,0,0,0,0,0,0,0,0,0,0,0,0,0,0,0,0,0,0,0,0,0,0,0,0,0,0,0,0,0,0,0,0,0,0,0,0,0,0,0,0,0,0,0,0,0,0,0,0,0,0,0,0,0,0,0,0,0,0,0,0,0,0,0,0,0,0,0,0,0,0,0,0,0,0,0,0,0,0,0,0,0,0,0,0,0,0,0,0,0,0,0,0,0,0,0,0,0,0,0,0,0,0,0,0,0,0,0,0,0,0,0,0,0,0,0,0,0,0,0,0,0,0,0,0,0,0,0,0,0,0,0,0,0,0,0,0,0,0,0,0,0,0,0,0,0,0,0,0,0,0,0,0,0,0,0,0,0,0,0,0,0,0,0,0,0,0,0,0,0,0,0,0,0,0,0,0,0,0,0,0,0,0,0,0,0,0,0,0,0,0,0,0,0,0,0,0,0,0,0,0,0,0,0,0,0,0,0,0,0,0,0,0,0,0,0,0,0,0,0,0,0,mesenchymal.stem.cell,nnls
endothelial.cell.of.artery,0,0,0,0,0,0,0,0,0,0,0,0,0,0,0,0,0,0,0,0,0,0,0,0,0,0,0,0,0,0,0,0,0,0,0,0,0,0,0,0,0,0,0,0,0,0,0,0,0,0,0,0,0,0,0,0,0,0,0,0,0,0,0,0,0,0,0,0,0,0,0,0,0,0,0,0,0,0,0,0,0,0,0,0,0,0,0,0,0,0,0,0,0,0,0,0,0,0,0,0,0,0,0,0,0,0,0,0,0,0,0,0,0,0,0,0,0,0,0,0,0,0,0,0,0,0,0,0,0,0,0,0,0,0,0,0,0,0,0,0,0,0,0,0,0,0,0,0,0,0,0,0,0,0,0,0,0,0,0,0,0,0,0,0,0,0,0,0,0,0,0,0,0,0,0,0,0,0,0,0,0,0,0,0,0,0,0,0,0,0,0,0,0,0,0,0,0,0,0,0,0,0,0,0,0,0,0,0,0,0,0,0,0,0,0,0,0,0,0,0,0,0,0,0,0,0,0,0,0,0,0,0,0,0,0,0,0,0,0,0,0,0,0,0,0,0,0,0,0,0,0,0,0,0,0,0,0,0,0,0,0,0,0,0,0,0,0,0,0,0,0,0,0,0,0,0,0,0,0,0,0,0,0,0,0,0,0,0,0,0,0,0,0,0,0,0,0,0,0,endothelial.cell.of.artery,nnls
pericyte.cell,0,0,0,0,0,0,0,0,0,0,0,0,0,0,0,0,0,0,0,0,0,0,0,0,0,0,0,0,0,0,0,0,0,0,0,0,0,0,0,0,0,0,0,0,0,0,0,0,0,0,0,0,0,0,0,0,0,0,0,0,0,0,0,0,0,0,0,0,0,0,0,0,0,0,0,0,0,0,0,0,0,0,0,0,0,0,0,0,0,0,0,0,0,0,0,0,0,0,0,0,0,0,0,0,0,0,0,0,0,0,0,0,0,0,0,0,0,0,0,0,0,0,0,0,0,0,0,0,0,0,0,0,0,0,0,0,0,0,0,0,0,0,0,0,0,0,0,0,0,0,0,0,0,0,0,0,0,0,0,0,0,0,0,0,0,0,0,0,0,0,0,0,0,0,0,0,0,0,0,0,0,0,0,0,0,0,0,0,0,0,0,0,0,0,0,0,0,0,0,0,0,0,0,0,0,0,0,0,0,0,0,0,0,0,0,0,0,0,0,0,0,0,0,0,0,0,0,0,0,0,0,0,0,0,0,0,0,0,0,0,0,0,0,0,0,0,0,0,0,0,0,0,0,0,0,0,0,0,0,0,0,0,0,0,0,0,0,0,0,0,0,0,0,0,0,0,0,0,0,0,0,0,0,0,0,0,0,0,0,0,0,0,0,0,0,0,0,0,0,pericyte.cell,nnls
cd4.positive.alpha.beta.t.cell,0,0,0,0,0,0,0,0,0,0,0,0,0,0,0,0,0,0,0,0,0,0,0,0,0,0,0,0,0,0,0,0,0,0,0,0,0,0,0,0,0,0,0,0,0,0,0,0,0,0,0,0,0,0,0,0,0,0,0,0,0,0,0,0,0,0,0,0,0,0,0,0,0,0,0,0,0,0,0,0,0,0,0,0,0,0,0,0,0,0,0,0,0,0,0,0,0,0,0,0,0,0,0,0,0,0,0,0,0,0,0,0,0,0,0,0,0,0,0,0,0,0,0,0,0,0,0,0,0,0,0,0,0,0,0,0,0,0,0,0,0,0,0,0,0,0,0,0,0,0,0,0,0,0,0,0,0,0,0,0,0,0,0,0,0,0,0,0,0,0,0,0,0,0,0,0,0,0,0,0,0,0,0,0,0,0,0,0,0,0,0,0,0,0,0,0,0,0,0,0,0,0,0,0,0,0,0,0,0,0,0,0,0,0,0,0,0,0,0,0,0,0,0,0,0,0,0,0,0,0,0,0,0,0,0,0,0,0,0,0,0,0,0,0,0,0,0,0,0,0,0,0,0,0,0,0,0,0,0,0,0,0,0,0,0,0,0,0,0,0,0,0,0,0,0,0,0,0,0,0,0,0,0,0,0,0,0,0,0,0,0,0,0,0,0,0,0,0,0,cd4.positive.alpha.beta.t.cell,nnls
skeletal.muscle.satellite.stem.cell,0,0,0,0,8428.76,0,0,0,0,0,145156.96,0,0,0,0,0,0,0,0,0,0,0,0,0,0,0,0,0,0,0,0,0,0,0,0,0,0,0,0,0,0,0,0,0,0,0,0,0,0,0,0,0,0,0,0,0,0,0,0,0,292779.53,0,0,0,0,0,0,0,190328.85,0,25893.34,0,0,0,0,0,0,0,0,0,0,0,0,0,0,0,0,0,0,0,0,0,0,0,0,0,224255.05,0,0,0,0,0,0,0,108788.36,0,0,0,0,0,0,0,0,0,0,0,0,0,0,0,0,0,0,0,56245.22,0,0,0,0,0,0,0,0,0,0,0,0,0,0,0,0,0,0,0,0,0,0,0,0,0,0,0,0,0,0,0,0,0,0,0,0,0,0,0,0,0,0,0,0,0,0,0,0,0,0,0,0,139957.4,0,0,0,0,0,351335.51,0,0,0,0,0,0,0,0,0,0,0,0,0,62221.34,0,0,0,0,0,0,0,0,0,0,0,0,0,0,0,0,0,0,0,0,0,0,0,0,0,0,0,0,0,0,0,0,0,0,0,0,0,0,0,0,0,11054.7,0,0,0,0,4321.28,0,45945.84,0,0,0,0,0,0,0,0,0,126154.28,201916.47,0,0,0,0,0,0,0,0,0,0,0,0,0,0,0,0,0,0,0,0,0,0,0,0,0,0,0,0,0,0,0,0,0,341584.81,76069.01,0,5460.86,0,0,0,8113.75023489933,skeletal.muscle.satellite.stem.cell,nnls
macrophage,84202.53,0,57047.33,0,134523.54,24861.93,0,48097.12,0,0,184511.34,26258.54,0,0,29836.13,0,0,0,0,0,0,0,76805.46,0,0,58592.35,0,0,0,1916.92,34725.24,0,88593.76,0,0,0,0,0,0,0,66200.66,0,0,0,0,0,0,0,0,0,0,0,0,0,0,0,0,0,0,0,24469.76,0,0,93858.5,0,0,0,0,98833.99,0,0,0,0,45735.81,66302.77,0,0,0,0,0,0,0,0,47671.19,0,0,0,1236.15,0,0,0,46611.67,0,0,0,0,221959.42,0,3.64,0,0,46368.52,0,0,73351.24,0,0,0,0,0,0,0,0,0,130030.7,84871.59,0,0,0,0,22036.51,0,0,0,99789.48,0,0,0,0,63713.77,42659.45,0,0,0,0,0,0,0,0,0,0,0,0,0,0,0,0,0,0,0,0,0,0,0,0,0,0,0,0,0,20937.8,0,0,0,0,0,0,0,0,0,147134.88,0,0,0,125846.99,0,0,228921.4,155360.28,0,0,0,0,247699.96,0,89539.68,1390.75,31053.43,0,0,13925.29,0,0,0,0,0,0,92232.61,0,119797.19,0,0,0,20370.28,0,61997.96,0,0,0,42203.58,0,0,0,0,142142.15,0,0,0,2755.4,0,0,0,0,0,0,0,48708.8,0,0,0,0,0,36019.51,0,249351.56,74762.3,0,0,0,100630.13,117665.76,0,0,0,12236.05,30601.38,69069.23,0,0,0,0,0,0,0,0,14361.1,114476.15,169940.07,0,0,0,0,92619.11,0,0,0,0,0,0,0,0,0,0,0,0,0,0,0,0,0,0,0,0,0,0,0,0,0,26478.32,0,0,404624.05,51411.22,0,93767.4,0,0,0,18039.2912080537,macrophage,nnls
cd8.positive.alpha.beta.t.cell,52616.17,37856.7,52900.18,0,109230.04,0,0,129182.01,65134.25,4612.22,0,0,426316.69,0,0,81757.34,0,0,217193.83,0,0,0,0,0,55190.01,191642.95,180716.9,583296.32,0,134716.11,0,147777.99,46940.28,0,0,294867.83,103443.74,234663.4,0,0,0,0,320286.59,0,0,119772.05,0,0,29603.21,260943.58,37642.13,259212.39,0,231575.58,100292.15,0,0,0,309188.38,0,354677.16,0,144097.25,91591.42,51276.77,0,0,0,0,0,0,620449.73,142342.04,162516.42,10313.1,0,519440.06,92552.99,0,0,251699,0,165930.38,92605.81,89885,486218.4,0,187847.06,0,96771.26,37649.53,12505.47,342896.85,0,0,0,0,375621.33,140887.49,0,0,227805.25,334265.53,100557.88,0,113539.32,0,0,0,0,0,350037.24,0,123291.71,14115.82,56210.82,0,147829.74,0,327987.21,178863.53,0,355987.8,185033.51,117861.62,0,299685.64,0,351424.4,97578.85,0,0,142771.42,0,32090.99,0,79019.97,0,166802.44,0,475772.45,88580.33,0,10008.48,0,0,36495.01,0,301180.12,0,0,370590.81,182315.13,0,80129.57,0,0,0,355102.72,177027.82,89249.26,0,0,43460.35,334005.63,531410.44,0,147324.26,100986.49,0,0,47263.04,0,505165.2,80710.29,0,0,213568.67,378777.75,0,0,0,244368.02,0,157201.66,0,194098.26,51736.31,0,0,0,0,0,17167.84,340409.53,0,88896.83,199253.74,0,0,0,0,0,51180.14,372711.56,0,0,0,348035.63,0,0,0,0,968031.67,0,186417.78,0,0,0,0,117220.41,54339.44,0,0,23687.7,0,0,86960.26,0,0,78795.23,221512.13,72466.92,667739.99,520002.42,41793.87,0,180222.48,185271.99,0,0,0,463191.21,0,385786.16,35139.57,221944.59,382012.21,0,170680.8,0,0,0,22512.48,0,0,0,278608.9,73399.93,0,0,0,0,194094.25,6869.74,0,0,0,246112.35,190733.2,581025.15,0,1015.8,0,220517.73,0,486068.32,0,0,458288.18,0,0,196901.51,0,0,290602.35,0,214149.91,0,395121.2,724575.56,0,0,0,0,98736.24,0,480053.69,100429.170771812,cd8.positive.alpha.beta.t.cell,nnls
t.cell,201464.72,158341.45,248425.36,0,275683.71,181251.83,0,158062.79,0,0,181204.92,257833.36,0,0,150083.3,0,0,57764.85,0,0,0,0,239991.94,0,72858.48,136876.43,0,165140.17,0,40528.78,158477.99,0,165939.3,0,0,23264.39,0,123794.41,0,0,27723.81,0,96854.94,0,76341,0,0,0,0,107326.13,0,127839.4,4219.59,0,0,0,0,0,0,0,329634.69,0,0,173189.92,81273.57,0,0,0,186717.9,0,344231.14,41479.77,58832.21,229057.68,270440.4,0,0,157720.62,0,0,229355.47,0,121127.25,135331.12,28993.26,0,0,153509.79,0,0,72068.54,213259.04,0,0,0,0,191979.67,146766.42,160560.21,0,0,193335.55,145155.7,107868,173350.87,54187.75,0,0,0,0,0,310788.43,0,125654.5,254885.14,194926.92,0,196115.52,0,43699.93,242434.83,0,110676.12,166218.93,210761.34,0,147783.3,0,38798.39,126938.74,245724.96,0,0,0,94554.56,0,3964.8,144947.73,0,0,0,101071.4,0,0,0,44403.86,244660.35,0,80883.06,0,0,60309.94,0,6508,0,0,62283.05,0,170763.26,79053.4,193811.98,0,120350.33,0,127735.04,0,105993.84,106880.9,156283.92,0,0,150795.54,0,256209.87,74010.82,0,410871.93,322679.5,292582.26,0,0,0,177020.66,426140.15,62041.95,129550.46,70963.37,234578.76,0,0,99074.69,0,0,0,63725.35,32858.94,80084.95,319814.7,0,44728.46,52930.74,0,0,289952.44,105751.24,246285.96,0,0,497627.19,262640.09,0,0,0,0,188507.91,154147.11,0,0,80415.3,0,44347.68,0,0,0,149709.46,0,168078.36,462233.34,0,0,180114.15,34173.68,46968.54,87462.62,77351.76,196330.77,0,0,0,282109.23,34241.06,0,13174.17,0,253746.34,119417.53,453653.12,0,0,259192.84,0,0,0,0,0,362297.96,245164.42,325304.44,0,0,0,0,221812.43,0,0,0,103317.9,0,79488.12,0,7531.17,0,121635.08,0,147450.5,0,105310.26,0,0,23943.48,0,0,171143.07,0,0,81035.63,0,66168.8,212694.67,295787.12,98054.25,501538.06,243822.01,0,148255.06,204740.33,0,65687.12,79117.6608389262,t.cell,nnls
smooth.muscle.cell,0,0,0,0,0,0,0,0,0,0,0,0,0,0,0,0,0,0,0,0,0,0,0,0,0,0,0,0,0,0,0,0,0,0,0,0,0,0,0,0,0,0,0,0,0,0,0,0,0,0,0,0,0,0,0,0,0,0,0,0,26242.19,0,0,0,0,0,0,0,0,0,0,0,0,4530.46,0,0,0,0,0,0,0,0,0,0,0,0,0,0,0,0,0,0,0,0,0,0,0,0,0,0,0,0,0,0,0,0,0,0,0,0,0,0,0,0,0,0,0,0,0,0,0,0,0,0,27185.52,0,0,0,0,0,0,0,0,0,0,0,0,0,0,0,0,0,0,0,0,0,0,0,0,0,0,0,0,0,0,0,0,0,0,0,0,0,0,0,0,0,0,0,0,0,0,0,0,0,0,0,0,0,0,0,0,0,0,0,0,0,0,0,0,0,0,0,0,0,0,0,0,43784.48,0,0,0,0,0,0,0,0,0,0,0,0,0,0,0,0,0,0,0,0,0,0,0,0,0,0,0,0,0,0,0,0,0,0,0,0,0,0,0,0,0,0,0,0,0,0,15397.72,0,0,0,0,0,0,0,0,0,0,0,0,1687.21,0,0,0,0,0,0,0,0,0,0,0,0,0,0,0,0,0,0,0,0,0,0,0,0,0,0,0,0,0,0,0,0,0,0,0,0,0,0,0,0,398.750268456376,smooth.muscle.cell,nnls
tendon.cell,0,0,0,0,0,0,0,0,0,0,0,0,0,0,0,0,0,0,0,0,0,0,0,0,0,0,0,0,0,0,0,0,0,0,0,0,0,0,0,0,0,0,0,0,0,0,0,0,0,0,0,0,0,0,0,0,0,0,0,0,0,0,0,0,0,0,0,0,0,0,0,0,0,0,0,0,0,0,0,0,0,0,0,0,0,0,0,0,0,0,0,0,0,0,0,0,0,0,0,0,0,0,0,0,0,0,0,0,0,0,0,0,0,0,0,0,0,0,0,0,0,0,0,0,0,0,0,0,0,0,0,0,0,0,0,0,0,0,0,0,0,0,0,0,0,0,0,0,0,0,0,0,0,0,0,0,0,0,0,0,0,0,0,0,0,0,0,0,0,0,0,0,0,0,0,0,0,0,0,0,0,0,0,0,0,0,0,0,0,0,0,0,0,0,0,0,0,0,0,0,0,0,0,0,0,0,0,0,0,0,0,0,0,0,0,0,0,0,0,0,0,0,0,0,0,0,0,0,0,0,0,0,0,0,0,0,0,0,0,0,0,0,0,0,0,0,0,0,0,0,0,0,0,0,0,0,0,0,0,0,0,0,0,0,0,0,0,0,0,0,0,0,0,0,0,0,0,0,0,0,0,0,0,0,0,0,0,0,0,0,0,0,0,0,0,0,0,0,0,tendon.cell,nnls
fast.muscle.cell,437410.78,913344.3,909710.23,696395.32,421997.96,530019.16,0,43481.07,1143315.93,1917987.85,744832.77,600928.74,1019631.01,0,24135.89,0,310389.05,0,58861.27,1038543.04,0,2287657.64,0,0,1262410.2,594365.05,0,1371556.51,1019316.74,437824.7,250140.97,1502231.34,0,0,0,0,0,536456.76,0,2807833.46,0,639179.82,1407913.36,0,0,785931.13,0,0,2784253.29,1362422.3,0,913963.18,1490530.94,0,1783832.76,417766.74,0,0,0,0,557690.72,69370.64,128678.67,275031.37,0,101917.4,1495538.95,0,349575.39,677017.3,83965.48,0,0,996709.68,14967.86,0,0,467905.59,0,786852.17,450337.92,87882.75,0,0,0,353662.13,2254132.43,187012.83,2404801.23,0,0,491022.71,330693.93,2303367.38,1143156.6,1087569.69,689352.52,0,0,0,0,785051.41,364447.4,324877.13,578868.43,0,0,0,0,1612268.63,1067628.58,627731.61,0,842481.96,887751.55,1242270.66,0,0,0,0,412239.4,0,0,0,0,1366482.96,1580534.47,0,477336.77,1141638.81,695348.35,0,0,0,271512.3,392998.1,0,0,720959.07,2481999.67,1370085.13,0,3435524.28,0,0,0,0,0,209645.99,1000706.79,0,0,0,0,0,0,0,0,0,442118.24,15305.88,0,311645.34,1316353.14,295356.97,382204.55,1293980.67,2274093.05,858839.12,1194132.63,633768.02,528405.66,0,424999.94,251485.48,1168097.44,445502.56,621163.36,89158.86,0,0,958100.94,0,767905.4,0,662621.01,455229.17,2337912.98,1340909.1,1571649.39,1544200.48,0,1504595.61,433501.1,0,950041.25,617398.95,131260.3,0,249568.87,2133467.56,948967.94,0,0,2124159.7,1156901.13,969118.28,0,923504.12,265167.27,2517825.07,1029502.8,0,103277.06,423208.46,0,0,53564.52,120002.69,1072058.49,284200.84,0,0,2009283.75,0,0,740280.92,160069.52,401067.98,1038622.48,0,0,702485.61,1190503.48,950477.66,230455.15,0,1488612.17,1591771.79,282349.58,498475.41,0,1032619.84,0,96531.37,730616.15,675621.73,0,0,1244200.72,0,0,0,545309.21,0,436294.66,568905.44,309677.38,0,0,0,879304.12,908406.9,0,0,0,0,1377696.68,0,0,1586802.78,0,0,640877.35,60449.67,0,0,0,0,0,0,0,0,2579130.84,0,2886936.35,0,683956.24,1214452.31,1591652.73,0,453680.88,623014.12,30116.45,1910127.37,0,0,0,505679.336342282,fast.muscle.cell,nnls
slow.muscle.cell,996868.29,516482.64,0,1783712.49,362617.13,644464.67,2534261.19,1865459.76,311728.32,0,225803.36,478673.75,581038.35,1978351.44,1367996.38,1975552.34,1698861.48,1825545.73,1490402.03,939593.26,2413324.68,256035.2,1404677.41,3103727.79,0,408155.07,1185628.6,382045.81,922170.73,670530.51,907165.9,384476.95,1478836.84,2376133.82,1509626.62,1295060.43,1976567.61,872502.98,2453648.14,0,1533819.51,2888645.17,0,2105741.04,1600121.43,1094617.33,1864415.9,1899346.33,0,63315.64,1977461.47,316729.23,344629.08,1656224.65,398879.77,1699792.78,2096398.48,1682873.63,1464870.12,2316000.38,77961.33,3196287.44,2214077.98,533143.36,1786141.04,1799831.04,659004.08,2661563.18,507607.61,1641283.69,798150.83,1657500.26,1386814.65,0,1228250.67,2232584.17,1499100.93,1311979.39,3389176.13,2297286.4,727685.41,2130259.51,1831165.59,1512082.95,1494923.87,838753.79,494820.7,776060.33,649128.33,1867830.11,1788075.94,476823.31,816622.64,0,2933860.74,1379219.97,686388.91,767184.65,1451705.84,2442968.78,1817013.78,849832.92,1242159.95,1312377.19,393608.47,1300328.95,2587519.45,1621999.95,2035908.37,1385006.56,737651.43,163759.76,1945264.57,284880.91,409856.5,0,1212010.08,924843.63,2700981.49,1336473.6,599419.95,3129547.3,1381782.67,1268659.22,599944.44,1753771.98,0,2463867.36,1224734.17,264945.52,1446283.86,2740082.92,2374399.3,2065787.66,1436731.01,1926410.76,1573037.88,1958270.78,889441.75,268194.66,961416.57,1222330.12,0,1583178.16,3144324.6,2239019.35,1490487.81,2526791.69,1504432.08,1544742.47,3483769.33,1567235.75,2677241.16,2233122.02,2406874.26,2836634.84,1570664.09,2780177.26,987603.46,1001947.05,1387674.19,2476046.13,1262326.56,762151.19,707070.69,774448.45,348572.03,0,1355586.73,5933466.19,1990492.2,1505525.4,2921361.55,511863.93,521756.96,851799.49,1747823.29,719940.42,1611754.15,3011112.15,1733260.46,1408312.36,1960942.46,463533.93,2134083.41,358978,747078.33,0,1113597.98,73342.12,0,1767073.93,0,2319360.25,1252656.2,1274861.01,1123058.56,203863.04,3049134.02,1164883.5,445446.57,2265668.31,3041057.69,2023676.49,0,786669.33,565563.71,2092540.14,387268.42,2092281.88,0,1647066.8,2056843.83,2203809.14,1124230.64,1601541.37,2346417.15,2679869.22,1300310.08,439584.56,1366220.97,1623859.98,2915083.79,385916.29,1984561.14,2397169.37,717408.61,1770935.13,1980730.11,1424075.72,1604150.49,2097254.35,1336347.59,715032.57,354949.07,1087345.18,2199075.09,1354755.96,192398.91,650550.14,628404.49,1625395.47,0,2358080.62,438159.37,758435.83,741669.45,1722209.77,1633889.6,0,2214113.88,2542588.52,2951152.91,1900001.26,1909419.91,1081540.32,536129.73,798723.49,2429394.59,2671451.53,3094967.41,2426193.86,757514.57,2264375,2723266.24,3259499.86,2436003.05,1355564.07,1175286.54,1714991.09,96956.53,2886785.74,2326797.18,2447494.9,806017.5,2971460.18,1552623.52,2189556.05,3193480.25,2119470.66,2595068.2,2739867.3,1875206.6,611171.55,3022350.51,0,2028453.34,1542197.86,1053054.25,492888.18,1176755.01,752568.7,315747.96,1278059.52,0,1792716.56,5467438.61,1821115.51,1439677.44852349,slow.muscle.cell,nnls
mast.cell,113751.35,103743.27,158733.38,0,176523.66,92961.59,0,227412.24,0,31683.02,35809.38,116238.16,205538.03,0,83634.64,0,0,68028.24,37852.98,0,0,0,36067.06,0,78594.97,148718.62,75736.35,322205.09,0,104183.62,13737.64,79060.95,85626.29,0,0,108861.44,0,164029.47,0,0,25466.28,0,163906.76,0,43014.37,81279.31,0,0,0,82083.16,0,156605.34,1176.27,39990.27,8375.97,0,0,0,90914.04,0,239982.73,0,23828.49,132224.93,89128.89,0,0,0,98498.2,0,143816.44,314778.82,103241.78,143930.54,150252.46,0,235435.17,165913.77,0,0,214330.9,0,143334.12,101366.01,66318.35,148022.12,0,165326.2,0,0,66095.36,135365.44,104413.83,0,0,0,5874.89,276088.8,138233.71,0,0,234676.5,185870.21,118309.98,64938.79,125384.91,0,0,0,0,0,296428.94,0,128933.89,207078.93,92973.96,0,103445.04,0,135698.62,204154.59,0,183206.82,114550.09,141883.25,0,123719.13,0,183114.39,90958.85,227162.49,0,86751.97,0,67014.4,0,51386.38,28149.33,53759.77,0,20487.53,95016.54,0,0,0,0,220075.01,0,198441.73,0,0,206618.06,0,0,24938.65,0,56611,0,231915.16,176108.71,167724.01,0,76479.21,2642.59,247033.94,166562.68,27751.15,71324.02,77325.91,0,0,62661.82,0,274547.03,114458.24,0,179278.32,296624.6,253007.11,0,0,0,102874.16,77899.4,30161.25,118742.41,130847.15,187247.84,0,0,78568.59,0,0,0,146895.34,0,115315.09,170726.63,0,12099.15,16324.15,0,0,220421.06,151811.44,110106.72,0,0,507038.61,68826.1,0,0,0,359145.59,76622.89,62889.16,0,0,69030.5,0,94002.86,0,0,0,91832,0,112979.92,316217.61,0,0,142158.63,194208.01,76057.15,347285.28,164699.43,118947.79,0,30504.23,63420.61,228388.59,23474.81,0,165560.53,0,210039.26,59848.86,312771.91,35629.47,0,140251.17,0,0,0,0,0,127982.06,50868.15,144875.26,113756.03,0,0,0,43674.91,108719.52,0,0,94026.17,0,124043.52,14167.73,207312.65,0,38771.22,0,166698.1,0,279867.8,0,0,217090.99,0,0,210449.44,0,0,188589.19,0,152811.78,118223.4,325909.25,293583.53,119344.5,66546.9,0,38431.37,179898.71,0,193364.69,75924.1866778524,mast.cell,nnls
erythrocyte,5263893.97,4481716.15,3896581.34,5869135.86,4681953.51,3651365.49,6345443.59,6743002.43,4198818.88,4907408.57,3580609.45,4505136.02,7479876.15,3351318.89,4090304.81,7086453.31,4843946.4,5110556.94,5773089.41,4692323.4,5037117.82,7112465.23,3192697.8,5779850.53,3460825.54,4904508.48,4541790.03,9523235.03,3271787.27,3431549.16,2496090.81,6086597.79,4454342.53,3450086.28,2339154.56,5905131.52,6325304.38,6235368.85,5665345.33,4491554.52,3498449.54,6170721.1,5815038.42,4619472,4203057.49,6321128.24,3948530.89,4348437.86,7354752.5,5577241.49,5290615.83,5189127.74,3404368.11,6640089.62,5547426.04,2988961.78,2974440.31,2735377.74,6580039.61,4874690.09,5005442.19,4692175.67,6308410.93,4119244.07,5480065.46,3157259.45,4935034,3754303.42,3059311.98,5372862.56,3998574.52,9510448.42,4953733.56,4346890.74,4417653.75,4333579.04,8551594.19,6491455.01,6091985.88,6279930.5,6588848.25,5661404.16,6559524.57,5203970.43,4754064.7,6093407.83,5848082.24,4812149.27,4070438.19,6169514.11,4945277.98,3174499.02,5063630.54,4301878.03,8554915.95,3444962.89,4033918.41,6443609.4,5533550.35,4616292.28,5142805.29,7048109.26,6871703.33,5554172.74,2378172.6,4434952.35,5797958.94,3786652.55,3964038.18,6849954.2,3711184.8,7086414.48,4669430.99,4273066.82,5123769.89,3290826.68,2279942.2,3693278.28,4481448.01,5883494.19,4795139.45,5512527.53,7089029.82,4779181.54,3684564.94,7334950.12,5485197.74,5367791.84,8059281.14,4321381.97,8139909.48,4261871.18,7621038.6,4996785.86,4818891.83,5171987.64,4350288.04,4907714.33,4802933.95,5450230.37,10635210.73,4740901.34,5691847.45,3644591.87,4799141.95,5395435.39,6499592.11,7947589.77,6739411.82,4970501.47,5384951.25,7895668.14,8635768.74,4759625.92,6280376.63,5656886.61,4405554.9,4680252.55,7584931.57,5664119.61,5451684.95,6159540.66,4617428.54,5802125.03,6222591.72,7030551.37,3685470.16,5821197.6,6122100.91,11346171.52,5269520.9,6398920,4368359.95,7615715.98,3338993.86,4893744.63,6083328.86,7239070.65,8562548.17,5762613.29,4318267.9,5171754.45,5943040.33,3886391.73,6004318.92,3947926.84,4987171.87,6739166.79,3851092.59,2360585.01,4532659.75,3175378.98,2057817.01,7960924.24,6187454.44,4168794.92,5551108.47,4968749.65,4665287.51,3912921.63,6328862.76,7842766.11,5592569.65,8209905.49,7495686.67,5618192.82,3168668.73,3587893.9,11388919.18,5342945.74,1652730.76,4504713.03,3013124.33,15208229.03,4628773.35,5213218.05,5272807.24,5608263.21,3919639.7,1940264.35,5102195.73,4485744.98,5188617.1,5394279.69,6295415.95,4910888.3,4751237.41,9800346.06,5635720.64,3969868,6188601.5,7649204.64,5966716.68,12603988.41,6629420.73,3700189.65,5184219.4,9087233.47,6043505.23,4657980.27,2356299.53,3560258.13,5965262.76,5530823.31,5106213.76,4603466.18,7467745.3,6908574.3,4063583.1,4723740.58,4195449.2,4943452,6118676.6,6047750.31,3761968.87,4639145.21,3868755.73,4825354.79,6655266.3,4333610.35,4109775.31,6933803.22,4122553.83,7621853.4,8273402.71,6211621.25,8701562.47,3735894.08,4797874.3,6042475.13,7951407.98,5772767.11,5667036.44,4471615.63,4836610.79,4236437.9,9114701.96,4615118.02,7520493.41,10650462,7168883.58,3390645.38,7197940.29,4897720.51,5595470.12,9961572.06,2796514.89,6598807.24,6520805.01,7937545.51,8751740.86,6246373.08,2689201.83,1569292.32,3580082.79,7499123.8,14285801.29,8289290.5,5474374.98446309,erythrocyte,nnls
mesothelial.cell,0,0,0,0,0,0,0,0,0,0,0,0,0,0,0,0,0,0,0,0,0,0,0,0,0,0,0,0,0,0,0,0,0,0,0,0,0,0,0,0,0,0,0,0,0,0,0,0,0,0,0,0,0,0,0,0,0,0,0,0,0,0,0,0,0,0,0,0,0,0,0,0,0,0,0,0,0,0,0,0,0,0,0,0,0,0,0,0,0,0,0,0,0,0,0,0,0,0,0,0,0,0,0,0,0,0,0,0,0,0,0,0,0,0,0,0,0,0,0,0,0,0,0,0,0,0,0,0,0,0,0,0,0,0,0,0,0,0,0,0,0,0,0,0,0,0,0,0,0,0,0,0,0,0,0,0,0,0,0,0,0,0,0,0,0,0,0,0,0,0,0,0,0,0,0,0,0,0,0,0,0,0,0,0,0,0,0,0,0,0,0,0,0,0,0,0,0,0,0,0,0,0,0,0,0,0,0,0,0,0,0,0,0,0,0,0,0,0,0,0,0,0,0,0,0,0,0,0,0,0,0,0,0,0,0,0,0,0,0,0,0,0,0,0,0,0,0,0,0,0,0,0,0,0,0,0,0,0,0,0,0,0,0,0,0,0,0,0,0,0,0,0,0,0,0,0,0,0,0,0,0,0,0,0,0,0,0,0,0,0,0,0,0,0,0,0,0,0,0,mesothelial.cell,nnls
mature.nk.t.cell,0,0,0,0,0,0,0,0,0,0,0,0,0,0,0,0,0,0,0,0,0,0,0,0,0,0,0,0,0,0,0,0,0,0,0,0,0,0,0,0,0,0,0,0,0,0,0,0,0,0,0,0,0,0,0,0,0,0,0,0,0,0,0,0,0,0,0,0,0,0,0,0,0,0,0,0,0,0,0,0,0,0,0,0,0,0,0,0,0,0,0,0,0,0,0,0,0,0,0,0,0,0,0,0,0,0,0,0,0,0,0,0,0,0,0,0,0,0,0,0,0,0,0,0,0,0,0,0,0,0,0,0,0,0,0,0,0,0,0,0,0,0,0,0,0,0,0,0,0,0,0,0,0,0,0,0,0,0,0,0,0,0,0,0,0,0,0,0,0,0,0,0,0,0,0,0,0,0,0,0,0,0,0,0,0,0,0,0,0,0,0,0,0,0,0,0,0,0,0,0,0,0,0,0,0,0,0,0,0,0,0,0,0,0,0,0,0,0,0,0,0,0,0,0,0,0,0,0,0,0,0,0,0,0,0,0,0,0,0,0,0,0,0,0,0,0,0,0,0,0,0,0,0,0,0,0,0,0,0,0,0,0,0,0,0,0,0,0,0,0,0,0,0,0,0,0,0,0,0,0,0,0,0,0,0,0,0,0,0,0,0,0,0,0,0,0,0,0,0,mature.nk.t.cell,nnls
others,0,0,0,0,0,0,0,0,0,0,0,0,0,0,0,0,0,0,0,0,0,0,0,0,0,0,0,0,0,0,0,0,0,0,0,0,0,0,0,0,0,0,0,0,0,0,0,0,0,0,0,0,0,0,0,0,0,0,0,0,0,0,0,0,0,0,0,0,0,0,0,0,0,0,0,0,0,0,0,0,0,0,0,0,0,0,0,0,0,0,0,0,0,0,0,0,0,0,0,0,0,0,0,0,0,0,0,0,0,0,0,0,0,0,0,0,0,0,0,0,0,0,0,0,0,0,0,0,0,0,0,0,0,0,0,0,0,0,0,0,0,0,0,0,0,0,0,0,0,0,0,0,0,0,0,0,0,0,0,0,0,0,0,0,0,0,0,0,0,0,0,0,0,0,0,0,0,0,0,0,0,0,0,0,0,0,0,0,0,0,0,0,0,0,0,0,0,0,0,0,0,0,0,0,0,0,0,0,0,0,0,0,0,0,0,0,0,0,0,0,0,0,0,0,0,0,0,0,0,0,0,0,0,0,0,0,0,0,0,0,0,0,0,0,0,0,0,0,0,0,0,0,0,0,0,0,0,0,0,0,0,0,0,0,0,0,0,0,0,0,0,0,0,0,0,0,0,0,0,0,0,0,0,0,0,0,0,0,0,0,0,0,0,0,0,0,0,0,0,others,nnls
endothelial.cell.of.vascular.tree1,0,0,0,0,0.12,0,0,0,0,0,0.8,0,0,0,0,0,0,0,0,0,0,0,0.05,0,0,0,0,0,0,0,0,0,0,0,0,0,0,0,0,0,0,0,0,0,0,0,0,0,0,0,0,0,0,0,0,0,0,0,0,0,0.9,0,0,0,0,0,0,0,0.77,0,0.03,0,0,0,0,0,0,0,0,0,0,0,0,0,0,0,0,0,0,0,0,0,0,0,0,0,1,0,0,0,0,0,0,0,0,0,0,0,0,0,0,0,0,0,0,0,0,0,0,0,0,0,0,0,0.66,0,0,0,0,0,0,0,0,0,0,0,0,0,0,0,0,0,0,0,0,0,0,0,0,0,0,0,0,0,0,0,0,0,0,0,0,0,0,0,0,0,0,0,0,0,0,0,0,0,0,0,0,0.17,0,0,0,0,0,0.82,0,0,0,0,0,0,0,0,0,0,0,0,0,0.95,0,0,0,0,0,0,0,0,0,0,0,0,0,0,0,0,0,0,0,0,0,0,0,0,0,0,0,0,0,0,0,0,0,0,0,0,0.02,0.13,0,0,0,0,0,0,0,0,0.03,0,0.21,0,0,0,0,0,0,0,0,0,0.25,0.63,0,0,0,0,0,0,0,0,0,0,0,0,0,0,0,0,0,0,0,0,0,0,0,0,0,0,0,0,0,0,0,0,0,1.21,0.18,0,0,0,0,0,0.0299664429530201,endothelial.cell.of.vascular.tree,DCQ
capillary.endothelial.cell1,0.32,0.38,0.42,0,0.34,0.12,0,0.14,0,0,0.72,0.42,0.03,0,0.18,0,0,0.11,0,0,0,0,1.08,0,0,0,0,0,0,0.37,0.45,0.14,0,0,0,0.13,0,0,0,0,0,0,0,0,0,0,0,0,0,0.06,0,0.07,0,0,0,0,0,0,0,0,1.1,0,0.01,0.16,0.2,0,0,0,0.9,0,0.7,0.05,0,0.02,0.46,0,0,0,0,0,0.12,0,0.59,0.37,0.27,0,0,0,0,0,0.2,0.57,0,0,0,0,1.16,0.35,0.05,0,0,0.13,0.1,0.01,0.81,0.69,0,0,0,0,0,0,0,0.24,0.41,0.55,0,0.69,0,0,0,0,0,0.42,1.49,0,0.05,0,0,0.01,0.08,0,0,0,0,0,0.38,0.16,0,0,0,0.4,0,0,0,0.46,0.24,0,0.15,0,0,0,0,0.42,0,0,0.09,0,0.02,0.01,0,0,0.37,0,0.41,0,0.01,0,0,0,0.75,0,0,0.43,0.22,0,0.12,0.16,0.46,0,0,0,0.75,1.1,0.08,0,0,0.02,0,0,0,0,0,0,0,0,0,1.73,0,0,0,0,0,0.22,0.19,0.1,0,0,0.04,0.67,0,0,0,0,0.25,0.1,0,0,0,0,0,0,0,0,0,0,0.16,0.11,0,0,0,0,0,0,0,0.69,0,0,0,0.25,0.3,0,0,0,0.62,0,1.01,0,0,0.26,0,0,0,0,0,0.19,0.5,0.84,0,0,0,0,0.61,0,0,0,0.26,0,0.1,0,0,0,0.15,0,0,0,0,0,0,0,0,0,0.06,0.32,0,0,0,0.08,0.35,0,0.24,1.55,0.68,0,0.24,0,0,0.12,0.129664429530201,capillary.endothelial.cell,DCQ
endothelial.cell.of.lymphatic.vessel1,2.12,1.72,1.86,0,2.66,1.94,0,1.72,0.54,1.05,2.48,2.19,1.41,0.1,1.53,0.34,0,1.12,1.05,0.1,0,0,1.65,0,1.61,1.98,1.48,1.58,0,1.51,2.02,0.89,2.13,0,0,1.8,0.24,1.58,0,0,1.34,0,1.73,0,1.15,0.98,0,0,0,1.43,0.65,1.55,0.59,0.86,0.62,0,0,0,1.29,0,2.43,0,1.4,2.32,1.37,0,0,0,2.15,0.07,2,1.92,1.63,2.6,2,0,1.67,1.5,0,0,2.1,0,1.55,1.83,1.49,1.73,0,2.07,0,0.48,1.31,2.21,1.7,0,0.32,0,2.37,2.1,1.61,0,0.37,1.79,1.76,1.53,1.67,1.69,0,0.19,0,0,0,2.3,0,1.58,1.84,1.6,0.18,1.81,0,1.66,2.06,0,1.68,1.34,2.72,0,1.44,0,1.67,2.06,1.71,0,1.01,0,1.2,0.43,1.09,1.46,1.31,0,0.53,1.31,0,1.42,0,1.09,1.83,0.17,1.61,0.52,0,1.69,1.3,0.63,0.79,0,1.04,0,1.87,1.48,1.92,0,0.78,0.79,1.83,1.62,1.02,1.17,1.66,0,1.29,1.73,0,2.23,2.41,0,1.69,2.38,2,0,0.48,0,1.37,2.22,1.23,1.7,1.98,1.42,0,0,1.86,0,0,0.16,1.85,0.65,1.78,3.32,0,2.19,1.32,0,0,1.84,1.36,1.7,0.72,0,2.18,1.35,0,0,0,2.07,2.09,1.64,0.05,0,1.46,0,1.41,0.87,0,0,1.76,0,1.48,2.16,0.36,0,1.78,1.63,1.46,1.72,2.6,1.74,0.03,0.85,0.92,2.08,1.43,0.66,1.97,0,2.72,1.45,1.97,1.1,0.95,1.83,0,0,0,0.53,0,2.37,2.53,2.36,1.08,0,0,0,1.67,1.3,0.41,0,1.1,0,1.82,1.41,1.46,0,1.36,0,2.3,0,2.23,0,0.08,1.72,0.35,0,1.89,0,0,1.61,0,1.29,1.48,1.84,2.14,2.99,2.82,0,1,1.83,0,1.99,1.03137583892617,endothelial.cell.of.lymphatic.vessel,DCQ
mesenchymal.stem.cell1,0,0,0.75,0,0.72,0,0,0,0,0,1.11,0,0,0,0,0,0,0,0,0,0,0,0.5,0,0,0,0,0,0,0,0,0,0,0,0,0,0,0,0,0,0,0,0,0,0,0,0,0,0,0,0,0,0,0,0,0,0,0,0,0,2.24,0,0,0.2,0,0,0,0,1.44,0,1.22,0,0,0,0.3,0,0,0,0,0,0,0,0,0,0,0,0,0,0,0,0,0.16,0,0,0,0,1.63,0,0,0,0,0.04,0,0,1.89,0,0,0,0,0,0,0,0,0,0.41,0.99,0,0.28,0,0,0.11,0,0,0,1.82,0,0,0,0,0,0,0,0,0,0,0,0,0,0,0,0,0,0,0,0,0,0,0,0,0,0,0,0,0,0,0,0,0,0,0,0,0,0,0,0.06,0,0,0,0,0,0,0,0,0.09,0.11,0,0.35,0.91,0.58,0,0,0,0.16,2.45,0,0,0,0,0,0,0,0,0,0,0,0,0,1.65,0,0,0,0,0,0,0,0,0,0,0,0.09,0,0,0,0,0,0,0,0,0,0,0,0,0,0,0,0,0,0,0,0,0,0,0,0,0.06,0.77,0,0,0,0.75,0,0,0,0,0.91,0,1.13,0,0,0.48,0,0,0,0,0,0,0.73,1.77,0,0,0,0,0.39,0,0,0,0,0,0,0,0,0,0,0,0,0,0,0,0,0,0,0,0,0,0,0,0,0,0,0,0,2.24,1.03,0,0.44,0,0,0,0.110604026845638,mesenchymal.stem.cell,DCQ
endothelial.cell.of.artery1,0,0,0,0,0,0,0,0,0,0,0,0,0,0,0,0,0,0,0,0,0,0,0,0,0,0,0,0,0,0,0,0,0,0,0,0,0,0,0,0,0,0,0,0,0,0,0,0,0,0,0,0,0,0,0,0,0,0,0,0,0,0,0,0,0,0,0,0,0,0,0,0,0,0,0,0,0,0,0,0,0,0,0,0,0,0,0,0,0,0,0,0,0,0,0,0,0,0,0,0,0,0,0,0,0,0,0,0,0,0,0,0,0,0,0,0,0,0,0,0,0,0,0,0,0,0,0,0,0,0,0,0,0,0,0,0,0,0,0,0,0,0,0,0,0,0,0,0,0,0,0,0,0,0,0,0,0,0,0,0,0,0,0,0,0,0,0,0,0,0,0,0,0,0,0,0,0,0,0,0,0,0,0,0,0,0,0,0,0,0,0,0,0,0,0,0,0,0,0,0,0,0,0,0,0,0,0,0,0,0,0,0,0,0,0,0,0,0,0,0,0,0,0,0,0,0,0,0,0,0,0,0,0,0,0,0,0,0,0,0,0,0,0,0,0,0,0,0,0,0,0,0,0,0,0,0,0,0,0,0,0,0,0,0,0,0,0,0,0,0,0,0,0,0,0,0,0,0,0,0,0,0,0,0,0,0,0,0,0,0,0,0,0,0,0,0,0,0,0,endothelial.cell.of.artery,DCQ
pericyte.cell1,0.55,0.81,1.05,0,0.78,0.58,0,0.81,0,0,0.83,0.84,0.35,0,0.54,0,0,0.34,0.08,0,0,0,1.36,0,0.41,0.6,0.05,0.38,0,0.34,1.18,0,0.67,0,0,0.43,0,0.66,0,0,0.36,0,0.52,0,0.18,0.26,0,0,0,0.78,0,0.71,0.36,0.14,0.17,0,0,0,0.05,0,1.66,0,0,0.7,0.48,0,0,0,1.27,0,1.12,0.29,0.43,1.07,1.01,0,0.13,0.41,0,0,0.62,0,0.53,0.42,0.33,0.35,0,0.68,0,0,0.59,1.2,0.22,0,0,0,1.05,0.83,0.77,0,0,0.6,0.53,0.34,1.19,0.68,0,0,0,0,0,0.55,0,0.55,0.84,1.09,0.43,1.21,0,0.41,0.74,0,0.52,0.68,1.74,0,0.92,0,0.14,0.84,0.5,0,0.06,0,0.42,0,0.25,0.5,0.16,0,0,0.61,0,0,0,0.64,0.45,0,0.29,0,0,0.09,0,0.19,0,0,0.43,0,0.5,0.3,0.68,0,0.25,0,0.48,0.24,0.97,0.6,0.25,0,0.09,0.23,0,0.82,0.55,0,0.62,0.72,0.7,0,0,0,1.08,1.29,0.14,0.59,0.29,0.76,0,0,0,0,0,0,0.21,0.06,0.08,1.7,0,0.01,0,0,0,0.44,0.79,0.77,0,0.39,0.56,0.68,0,0,0,0.17,0.87,0.15,0,0,0.56,0,0.41,0,0,0,0.57,0,1.01,0.67,0,0,0.4,0.3,0,0.32,0.59,1.32,0,0.19,0,0.92,0.44,0,0.32,0,1.06,0.17,1.12,0,0,0.86,0,0,0,0,0,0.8,0.69,1.32,0.11,0,0,0,0.9,0.28,0,0,0.48,0,0.41,0.17,0.21,0,0.49,0,0.65,0,0.5,0,0,0,0,0,0.56,0.34,0,0.08,0,0.51,0.49,0.95,0.56,1.5,1.3,0,0.86,0.51,0,0.45,0.326510067114094,pericyte.cell,DCQ
cd4.positive.alpha.beta.t.cell1,1.69,1.55,2.23,0.33,2.4,1.45,0.28,1.69,1.03,0.59,1.5,1.41,2.03,0,1.36,1,0.62,1.32,1.38,0.77,0,0.6,2.06,0,1.27,1.88,1.46,2.34,0,2.01,1.15,1.31,1.54,0,0,2.11,1.01,1.88,0,0,0.61,0,2.13,0.45,0.91,1.05,0.07,0.51,1.14,1.94,1.3,2.13,0,1.55,0.9,0,0,0,1.86,0,3.66,0,1.27,1.96,1.55,0,0.17,0,2.07,0.86,2.29,2.28,1.41,2.23,1.95,0,2.21,1.39,0,0,2.24,0.43,1.7,1.43,1.47,2.45,0.3,2.12,0,1.24,1.39,2.04,1.87,0,0.95,0,1.28,2.42,1.62,0.13,0.26,1.9,2.28,1.38,2.07,1.52,0.14,0.24,0,0.37,0,2.72,0.52,1.9,1.84,1.8,0.63,2.47,0,1.81,2.32,0,2.42,2.57,2.63,0.15,2.28,0.26,1.79,1.57,1.22,0,1.35,0.53,1.28,0.69,1.46,1.12,1.43,0,1.55,1.69,0,1.04,0,0.85,1.61,0.71,2.07,0.43,0,2.07,1.2,0.96,1.18,0,0.67,0,2.45,1.76,1.67,0.4,1.43,0.86,2.35,2.34,0.78,1.64,1.47,0,0.51,1.27,0,2.88,1.7,0.65,2.02,2.27,2.35,0,0.72,0,2.18,2.66,1.79,0.81,1.61,1.6,0,0,0.39,0,0,1.05,1.86,0.22,1.13,2.93,0,0.29,0.64,0.35,0,1.57,2,1.47,0,0,2.33,1.99,0,0,0,2.29,1.13,1.97,0.26,0.01,1,0,1.23,1.03,0,0,0.97,0,1.34,1.79,0.58,0,1.49,1.22,0.71,2.14,2.27,2.01,0.46,1.08,1.27,1.81,0.79,0.43,2.34,0.06,3.22,0.85,2.67,1.44,0.71,2.56,0,0,0.25,1.08,0,1.8,1.72,3.34,1.21,0,0,0.54,1.3,1.44,1.01,0,1.16,0,2.18,1.63,2.28,0,1.16,0,2.16,0,2.25,0,0.75,1.64,0.79,0,1.93,0,0,1.16,0,1.83,1.38,2.35,2.8,2.12,2.31,0,1.09,1.7,0.21,2.26,1.11234899328859,cd4.positive.alpha.beta.t.cell,DCQ
skeletal.muscle.satellite.stem.cell1,3,2.98,4.27,0,4.51,3.9,0,3.27,0.45,1.99,6.15,3.81,1.63,2.68,3.77,0,0,1.88,0.99,0.79,0,0,5.53,0,2.88,3.29,1.88,3.17,0,2.78,5.65,0.74,4.3,0.49,1.69,1.69,0,2.95,0,0,3.53,0,2.91,0,3.02,1.84,0,0.04,0,2.93,1.44,2.93,2.8,0.46,1.29,0,0,1.05,1.23,0,5.41,0,1.34,3.86,2.15,0,0,0,6.52,0,4.85,3.32,2.57,4.44,4.87,0,2.15,3.08,0,0,3.3,0,2.41,3.38,2.02,2.38,0.22,2.99,0,0,2,4.52,2.25,0,1.23,0,6.61,3.58,3.42,0.48,0.45,3.4,2.82,3.26,6.34,3.21,0,0.77,0,0,0.92,3.64,0.3,2.92,4.11,4.81,3.68,4.27,0,3.04,4.37,0,2.26,3.73,4.5,0,3.59,0,2.45,4.06,3.26,0,1.27,0,2.53,2.62,2.41,3.46,2.19,0,0,2.92,0,1.56,0,2.67,2.75,0,3,2.52,0,2.22,1.85,3.18,1.17,0,2.99,0,2.38,2.53,3.53,0,2.74,0.65,3.48,2.25,4.11,3.44,3.44,0,2.9,2.61,0,3.21,3.59,0,5.16,5.25,3.99,0,1.08,0,3.55,6.82,2.42,4.06,2.62,3.7,0,0.21,3.12,0,0.86,0,3.1,6.21,2.7,3.96,0,4.02,2.07,0,0,3.15,3.13,3.98,2.45,1.55,3.15,4.51,0,0,3.06,1.87,4.23,3.62,0.12,0.21,2.67,1.82,2.58,0.11,0.85,0,2.38,0,2.82,3.5,0.68,0,2.59,1.97,3.42,2.22,4.02,4.87,0,0.3,2.21,4.77,3.54,0.61,2.32,0,3.83,3.79,4.56,0.2,2.45,4.34,0.15,0,0,0.37,0,4.7,6.06,5.47,2.36,0,0.61,0.47,4.62,1.87,0,0,1.4,0,2.94,1.15,2.12,0,2.65,0,3.46,0,2.33,0,0.4,2.24,1.34,0,3.07,1.45,0,2.68,0,2.99,2.61,4.74,2.95,5.78,5.65,1.63,6.31,2.69,0,2.78,2.05922818791946,skeletal.muscle.satellite.stem.cell,DCQ
macrophage1,3.91,3,3.49,0.99,4.19,3.31,1.24,3.45,1.49,1.82,4.74,3.4,2.37,1.98,3.58,1.24,0.86,2.75,2.17,1.59,0.19,0.55,3.75,0.47,2.59,3.66,2.57,2.9,0.35,3.12,3.32,2.07,3.75,0.87,1.66,2.5,1.14,2.73,0.41,0.01,3.79,0.17,2.4,1.38,3.34,2.21,0.83,1.24,0.81,2.41,1.84,2.98,2.49,1.65,1.9,0,0,1.04,2.07,0.78,3.46,0,2.39,4.02,2.81,0.62,0.95,0,4.22,1.42,3.09,2.91,3.06,3.32,3.6,0.55,2.34,3.1,0.25,0.57,3.15,0.95,2.57,3.54,2.89,2.19,1.08,3.33,0,1.35,2.63,3.4,2.34,0.4,1.93,0,4.6,2.96,3.22,1.31,1.69,3.4,2.85,2.86,3.72,3.06,1.25,2.08,0.57,1.02,1.2,3.07,1.47,2.81,3.94,3.24,2.06,2.61,0.11,2.47,3.34,0.71,2.8,2.75,3.9,0.55,2.3,0.96,2.79,3.31,3.41,0.18,2.37,1.04,2.74,2.51,2.39,3.23,2.59,0,1.08,2.39,0,2.67,0.06,2.86,3.48,1.16,3.13,2.45,0.39,2.62,2.53,2.19,2.44,0.33,3.37,0.38,2.73,3.01,3.36,1.04,3.04,1.97,3.11,2.28,2.06,2.13,2.95,0.06,4.15,2.87,0,2.92,4.47,1.12,3.09,4.41,3.72,0.49,1.58,0.55,2.46,4.99,2.47,3.95,3.14,3.08,0,0.92,3.02,1.06,0.54,1.27,2.93,2.29,2.94,3.81,0.14,4.12,2.65,1.01,0.34,3.48,2.24,3.33,2.89,1.82,3.28,3.35,0,1.02,1.82,2.4,4.01,3.3,1.59,1.61,3.16,2.28,2.24,1.64,1.24,0.61,2.73,0.88,3.4,3.35,1.81,0,3.07,2.92,3.26,2.08,4.19,3.42,1.34,1.87,1.81,3.98,4.48,2.08,2.24,0.93,3.15,3.21,3.38,1.66,2.34,3.07,1.32,0.37,1.15,1.46,0.54,3.19,4.11,4.19,2.5,0,0.43,0.92,3.67,2.61,1.32,0.13,2.25,0.17,3.02,2.07,2.42,0.78,2.93,0,3.23,0,3,0.47,1.52,2.76,1.74,0,2.81,2.09,0.29,2.63,0.34,2.69,3.35,2.86,2.98,5.23,3.43,1.21,3.13,3.07,0.48,2.78,2.16359060402685,macrophage,DCQ
cd8.positive.alpha.beta.t.cell1,4.38,4.02,4.77,3.5,5.24,3.81,3.39,4.43,4.5,3.71,3.5,3.86,5.85,1.42,3.44,5.29,3.84,3.47,5.37,3.38,2.57,4.47,3.11,1,3.89,5.47,5.32,6.18,1.06,4.58,2.31,4.61,4.03,0,0.49,5.72,5.54,5.26,3,0.38,2.36,1.12,5.71,2.95,3.15,4.32,3.04,3.88,4.53,5.47,4.39,5.47,0.78,5.85,3.72,0,0,0.51,6.03,2.15,6.61,0,4.38,5,4.25,1.49,3.49,0,3.89,3.71,4.5,6.3,4.73,5.36,4.24,1.95,6.37,4.36,1.72,2.23,5.66,3.77,4.61,4.37,4.4,6.75,2.98,5.57,0,5.5,4,4.19,6.25,1.96,3.28,0,2.38,6.57,4.8,2.3,3.01,5.08,5.53,4.39,2.78,4.39,3.15,2.28,2.6,3.23,2.71,6.57,3.38,4.76,4.2,3.98,2.23,5.4,1.44,5.91,5.59,0.27,5.92,5.41,5.3,3.29,5.58,3.2,5.46,4.26,3.9,0,4.7,3.9,4.03,2.81,4.14,3.05,4.48,1.67,6.25,4.8,0,3.25,0.36,2.43,4.52,4.84,5.25,2.15,0,5.8,4.64,2.51,4.02,2.27,2.83,0.35,6.36,4.89,4.58,3.86,3.57,3.85,5.99,6.83,3.15,4.3,4.03,0.65,1.2,3.96,0,6.85,4.62,3.68,3.9,5.34,5.48,2.45,3.62,2.52,5.05,3.58,4.59,3,5.06,3.97,0,0,2.91,1.66,0,4.53,5.87,1.66,4.15,6.1,0.53,2.23,2.67,3.72,1.84,4.33,5.37,3.7,1.25,1.27,5.89,3.27,0,1.55,0,6.52,3.03,5.09,2.98,2.29,3.49,0,4.39,5,1.72,2.77,3.9,2.78,3.59,4.8,3.5,0.3,4.49,4.76,3.75,6.27,6.19,4.07,3.76,4.69,4.94,4.24,1.85,2.99,6.76,3.16,7.06,3.78,5.32,6.57,3.07,5.34,1.71,1.81,3.2,4.28,2.88,3.82,3.62,5.68,3.93,0.15,0,3.33,2.46,4.76,4.74,1.57,4.09,0,5.58,5.16,6.31,2.75,3.34,0,5.81,0,6.21,2.42,3.59,5.55,3.74,0,4.99,0,0.7,4.65,0,4.6,3.24,5.49,7.05,3.43,3.94,0,1.41,4.58,3.54,5.94,3.59211409395973,cd8.positive.alpha.beta.t.cell,DCQ
t.cell1,5.48,4.97,5.75,3.65,6.08,5.27,4.13,4.94,4.28,4.08,5.56,5.79,5.05,3.69,5.23,4.55,3.62,4.92,4.76,4.14,2.99,3.62,5.56,3.02,4.7,5.56,5.05,5.47,2.63,4.68,5.36,4.31,5.03,3.03,3.04,5.36,4.24,5.27,3.25,2,4.58,2.65,5.32,4.14,4.87,4.75,3.38,4.14,3.88,5.35,4.56,5.27,4.15,4.87,4.03,1.18,0.56,3.27,5.22,3.65,6.47,1.2,4.15,5.69,5.17,2.74,3.48,1.3,5.69,3.81,6.18,5.33,4.99,5.69,5.47,3.34,5.51,5.06,2.64,3.1,5.77,3.73,5.14,5.04,5,5.18,3.4,5.65,0.03,4.54,5.08,5.44,5.17,2.8,3.96,1.81,5.32,5.81,5.21,3.42,4.77,5.28,5.36,4.99,5.49,4.57,3.92,4.35,2.96,3.79,3.7,6.4,3.95,5.14,5.43,5.03,4.36,5.64,2.4,5.33,5.84,3.11,5.67,5.67,5.8,3.43,5.34,3.8,5.21,4.82,5.08,2.35,5.1,3.64,5.09,4.11,4.79,4.96,4.53,2.36,4.62,5.4,0.75,4.36,1.92,4.75,5.6,4.48,5.05,4.12,2.46,5.51,4.68,4.67,4.32,3.01,4.91,2.66,6.12,5.05,5.28,3.77,5,4.39,5.43,5.45,4.48,4.9,4.92,2.13,4.54,5.04,1.41,6.13,5.15,3.95,5.57,5.92,5.47,3,4.15,3.09,5.18,6.59,5.27,5.33,5.02,4.94,1.42,2.27,4.82,2.91,1.49,4.26,5.3,4.05,4.84,6.46,2.4,4.68,4.52,3.59,2.93,5.38,5.06,5.02,4.01,3.25,6.22,5.11,0,3.02,3.33,5.5,5.13,5.48,3.82,3.58,4.67,1.34,4.81,4.17,3.62,3.29,5.05,3.44,5.01,5.77,3.68,1.88,5.34,4.92,4.47,5.68,5.21,4.97,3.8,4.34,4.75,5.91,4.65,3.97,5.5,3.59,6.26,4.78,5.85,4.35,4.19,5.7,3.82,3.35,3.67,4.05,3.49,5.81,5.73,6.06,4.47,2.15,2.09,3.68,5.39,4.91,4.62,3.2,5.29,1.06,5.3,5.12,5.28,3.44,4.73,1.61,5.62,0.02,5.67,3.09,4.13,5.29,4.49,0,5.34,3.08,2.85,4.87,2.25,4.82,5.12,5.24,5.65,6.42,5.71,1.63,4.65,5.38,4.04,5.34,4.35493288590604,t.cell,DCQ
smooth.muscle.cell1,0.28,0.77,1.2,0,1.05,0.93,0,0.83,0,0,0.81,0.66,0.27,0,0.64,0,0,0,0,0,0,0,0.85,0,0.48,0.71,0.08,0.75,0,0,0.99,0,1.5,0,0,0.19,0,0.86,0,0,0.35,0,0.43,0,0.03,0.29,0,0,0,0.69,0,0.59,0,0,0,0,0,0,0,0,1.59,0,0,0.9,0.06,0,0,0,1.52,0,1.3,0.08,0.41,1.75,1.33,0,0.28,0.67,0,0,0.64,0,0,0.68,0,0.45,0,0.74,0,0,0.1,1.49,0.24,0,0,0,1.06,0.67,0.91,0,0,0.92,0.72,0.45,1.57,0.45,0,0,0,0,0,0.74,0,0.81,1.14,1.51,0,1.12,0,0.82,1.16,0,0.3,0.6,1.51,0,1.13,0,0,1.16,0.62,0,0,0,0.14,0,0,0.48,0.53,0,0,0.33,0,0,0,0.09,0.25,0,0.16,0,0,0.31,0,0,0,0,0.18,0,0.24,0.43,1.13,0,0,0,0.43,0.52,1.04,0.5,0.44,0,0,0.21,0,0.66,0.76,0,0.95,1.21,0.99,0,0,0,0.67,1.82,0,0.86,0.55,0.79,0,0,0.08,0,0,0,0.66,0.52,0.1,1.3,0,0.35,0,0,0,0.55,0.8,1.06,0,0,0.58,0.49,0,0,0,0.31,1.3,0.09,0,0,0.58,0,0.51,0,0,0,0.45,0,0.81,0.89,0,0,0.64,0.26,0.47,0.4,1.03,1.49,0,0,0.07,1.22,0.38,0,0.51,0,1.15,0.79,0.7,0,0,0.95,0,0,0,0,0,1,1.08,1.63,0,0,0,0,0.6,0.18,0,0,0,0,0.28,0,0.29,0,0.1,0,0.92,0,0.45,0,0,0,0,0,0.67,0,0,0.46,0,0.31,0.06,1.51,0.41,1.44,1.55,0,1.46,0.42,0,0.35,0.346174496644295,smooth.muscle.cell,DCQ
tendon.cell1,0.89,0.89,1.54,0,1.43,0.56,0,0.86,0,0,1.52,1.3,0.41,0,1.06,0,0,0.43,0.18,0,0,0,1.8,0,0.26,0.75,0.02,0.68,0,0.03,1.53,0,1.07,0.25,0,0.89,0,0.66,0,0,0.78,0,0.67,0,0.8,0.34,0,0,0,0.79,0.1,0.78,0.29,0.02,0,0,0,0,0.24,0,2.48,0,0,1.28,0.45,0,0,0,1.92,0,1.9,0.41,0.6,1.15,1.5,0,0.25,0.75,0,0,1.01,0,0.57,1.34,0.59,0.25,0,0.66,0,0,0.53,1.34,0.4,0,0,0,1.6,0.72,1.06,0,0.11,0.98,0.88,0.6,2.35,0.75,0,0,0,0,0,1.24,0,0.87,0.99,1.57,0.45,2,0,0.45,1.42,0,0.63,1.58,2.48,0,1.27,0,0.36,0.89,0.61,0,0.27,0,0.57,0.12,0.4,1.2,0.4,0,0,1.12,0,0,0,1.51,0.96,0,0.72,0,0,0.36,0.23,0.99,0,0,0.8,0,0.94,0.79,0.82,0,1.03,0,0.93,0.37,0.92,0.8,0.32,0,0.77,0.52,0,1.34,0.89,0,1.13,1.54,1.42,0,0,0,2.2,2.74,0.62,0.97,0.39,1.05,0,0,0.02,0,0,0,0.49,0.75,0.26,2.76,0,0.53,0.09,0,0,0.78,1.41,1.08,0,0,1.15,1.18,0,0,0,0.6,0.91,1.16,0,0,0.59,0,0.83,0,0,0,0.47,0,0.85,1.23,0,0,1,0.83,0.05,0.38,0.93,2.13,0.03,0.09,0,1.27,0.3,0,0.37,0,1.75,0.4,1.88,0,0.24,1.52,0,0,0,0.14,0,1.37,1.63,2.04,0.37,0,0,0,1.35,0.24,0,0,0.93,0,0.91,0.51,0.44,0,0.71,0,0.92,0,0.55,0,0,0.37,0,0,0.93,1.03,0,0.09,0,0.85,0.79,1.26,0.83,2.61,2.28,0,1.31,0.59,0,0.84,0.528221476510067,tendon.cell,DCQ
fast.muscle.cell1,9.84,12.37,9.57,16.23,6.11,11.65,13.37,9.33,15.23,18.16,10.06,9.35,9.07,17.77,11.03,8.1,15.31,11.95,9.81,16.84,16.25,16.59,11.97,17.27,15.6,8.13,9.15,7.79,22.62,11.72,14.18,13.61,10.19,19.37,19.43,6.93,7.3,8.69,14.79,27.92,12.82,20.32,10.76,13.08,12.4,11.85,16.06,11.06,17.82,11.16,11.36,9.71,21.19,6.87,16.75,23.72,21.57,14.1,7.33,14.49,4.46,22.5,12.83,7.1,10.59,20.12,18.44,21.7,9.02,16.29,7.11,4.65,8.98,9.61,8.74,14.05,6.16,10.06,17.21,18.35,6.8,14.29,8.99,8.59,7.73,7.42,20.07,7.17,28.51,6.37,9.7,10.55,8.6,24.75,17.14,25.26,11.21,3.62,7.65,17.76,10.45,8.87,8.42,10.54,12.93,9.39,11.03,14.29,14.85,17.75,19.34,4.48,12.85,10.79,9.73,14.25,16.1,7.79,17.2,7.07,7.56,16.04,4.74,7.28,4.24,17.18,12.26,12.59,8.22,12.74,9.89,16.72,6.74,14.21,12.39,15.67,11.02,12.53,12.8,22.35,9.9,7.69,26.61,14.13,19.78,11.64,7.31,9.18,8.91,18.39,20.38,6.14,8.17,11.97,12.87,15.4,11.13,19.63,4.26,9.54,8.56,14,12.04,15.04,5.91,6.43,17.06,16.31,13.06,21.72,16.59,11.65,21.55,4.54,8.26,17.03,11.53,6.54,6.5,15.82,13.82,18.11,9.15,9.54,8.64,10.37,9.25,14.44,24.22,27.71,15.39,17.41,29.45,13.16,6.92,18.28,11.74,1.77,20.11,12.49,17.09,15.9,12.92,7.83,12.56,12.82,18.92,16.54,4.65,13.56,44.22,21.61,16.58,5.56,11.31,9.03,14.79,16.84,12.27,27.4,11.43,7.49,13.66,19.59,9.9,12.45,11.63,6.93,15.39,23.02,8.4,8.39,12.65,6.53,7.66,10.91,13.12,13.01,13.22,6.94,16.19,14.62,7.98,15.16,3.14,12.32,6.77,8.76,13.54,10.98,16.51,17.39,14.29,14.94,12.51,10.81,9.97,6.92,11.83,20.25,20.08,17.64,14.06,8.11,9.03,11.99,8.04,26.02,7.92,7.76,9.5,13.16,12.97,23.4,6.14,21.62,4.62,16.25,12.55,7.03,12.51,17.09,8.26,24.71,16.22,13.3,18.81,11.99,13.22,10.07,3.05,6.1,11.56,24.08,19.49,8.03,10.47,6,12.946644295302,fast.muscle.cell,DCQ
slow.muscle.cell1,11.36,12.35,8.26,18.75,6.56,12.57,19.27,12.19,14.36,13.36,9.61,9.75,9.2,24.66,14.24,15.09,18.77,15.94,12.79,17.59,22.36,14.92,16.03,24.7,12.84,8.42,12.32,7.49,23.58,12.99,16.67,12.74,13.59,29,26.72,10.74,17.18,9.78,20.72,20.32,18.54,24.36,8.99,22.03,16.48,13.01,21.68,22,14.67,9.95,17.7,9.37,19.61,13.4,15.45,28.15,29.66,28.96,11.25,22.88,4.28,28.61,16.41,8.21,14.66,25.41,18,29.48,9.97,18.71,9.03,8.74,12.87,7.64,11.41,25.05,8.57,11.82,25.41,21.41,7.75,18.4,12.8,13,15.53,8.77,18.69,8.83,26.91,16.97,16.83,11.13,10.11,17.9,19.69,27.15,11.87,5.55,12.04,22.99,18.17,9.57,10.11,12.7,13.12,12.98,22.84,19.88,24.43,18.46,19.66,4.45,20.13,10.35,9.6,11.93,21.92,10.39,27.42,10.75,8.45,26.74,10.01,11.89,6.72,18.62,9.61,22.68,9.71,11.87,11.34,29.62,16.41,19.41,15.04,18.85,16.35,16.67,13.83,20.18,10.28,12.31,22.17,18.94,28.39,18.62,10.78,16.86,11.18,20.15,27.61,9.9,15.72,21.14,17.26,23.83,16.07,25.96,6.42,11.06,11.26,19.03,14.44,15.04,7.09,7.55,16.03,13.33,14.43,26.05,19.37,13.63,28.14,5.18,9.58,17.43,13.74,7.22,8.54,24.38,18.44,19.88,13.86,9.65,16.91,10.38,10.42,11.94,25.04,24.45,12.12,24.87,24.04,16.08,9.48,19.69,13.23,2.34,27.96,15.14,15.81,18.28,27.13,11.43,9.47,13.01,18.87,25.51,4.77,16.66,32.68,23.79,29.09,7.43,13.17,13.51,20.58,21.62,15.4,26.38,13.9,19.39,26.59,18.05,14.46,24.33,12.28,8.89,18.61,25.01,11.99,13.05,14.27,6.8,7.49,13.13,20.39,13.66,11.98,8.17,17.48,20.64,6.89,19.94,4.2,13.07,7.39,12.33,18,8.58,23.75,23.35,22.73,17.65,25.24,12.5,10.54,8.16,16.33,26.8,31.17,20.36,14.53,14.69,17.29,26.94,14.2,27.3,11.05,14.46,8.49,24.53,17.44,27.61,8.04,29.7,8.64,22.05,20.44,9.82,16.98,35.78,11.76,22.95,25.61,10.47,31.22,13.72,13.76,9.62,6.73,7,11.43,30.77,16.19,11.22,20.3,10.73,16.238255033557,slow.muscle.cell,DCQ
mast.cell1,2.84,2.6,3.45,1.49,3.59,2.65,1.65,3.17,2.15,2.09,2.31,2.93,3.4,0.19,2.62,2.72,1.38,2.38,2.68,1.52,0.53,1.74,2.06,0.21,2.37,3.36,3,3.61,0,2.95,1.75,2.66,2.48,0,0,3.13,2.37,3.14,1.03,0,1.8,0,3.26,1.22,2.08,2.54,0.85,1.39,1.38,2.79,2.07,3.2,0.96,3.09,1.57,0,0,0,3.26,0.77,4.1,0,2.15,3.34,2.73,0.03,1.29,0,3.08,1.44,3.26,3.7,2.83,3.26,3.08,0.49,3.68,2.89,0,0.62,3.51,1.53,2.84,2.64,2.63,3.49,1.02,3.52,0,2.54,2.43,3.25,3.23,0.39,1.27,0,1.86,4.19,2.92,0.81,2.08,3.32,3.22,2.76,2.49,2.88,1.17,1.29,0.46,1.35,0.88,4.17,1.73,3.03,3.38,2.38,0.93,3.09,0,3.25,3.74,0,3.47,3.22,3.5,1.18,3,1.13,3.15,2.51,2.91,0,2.84,1.59,2.45,1.66,2.4,1.88,2.29,0.02,2.92,3,0,1.5,0,1.54,3.37,2.28,3.23,1.15,0,3.46,2.26,1.23,2.09,0.48,2.33,0,3.86,3.24,3.11,1.57,2.4,1.94,3.78,3.53,1.52,2.23,2.17,0,1.04,2.23,0,3.94,3.34,1.56,2.8,3.8,3.23,0.37,1.72,0.96,2.71,2.73,2.33,3.12,2.99,2.69,0,0,2.21,0.48,0,2.18,3.18,0.98,2.63,3.63,0,1.81,1.54,1.56,0.1,3,2.9,2.36,1.13,0.49,4.15,2,0,0.08,0,3.54,2.36,2.63,1.52,1.24,2.25,0,2.63,2.21,0.5,1.04,2.39,0.78,2.63,3.33,1.78,0,2.9,3.05,2.12,3.67,3.14,2.76,1.52,2.44,2.7,3.9,1.72,1.34,3.6,1.33,3.97,2.13,3.61,3.05,1.72,3.17,0.9,0.49,0.88,2.01,0.52,2.73,2.38,3.24,2.53,0,0,1.09,2.09,2.83,2.34,0.23,2.63,0,3.2,2.59,3.38,0.61,1.74,0,3.55,0,3.73,0.71,1.67,3.14,2.3,0,3.28,0,0,2.71,0,2.81,2.42,3.5,3.83,2.84,2.48,0,1.53,3.01,1.49,3.27,2.0093288590604,mast.cell,DCQ
erythrocyte1,53.34,51.6,51.39,55.05,54.22,51.25,56.68,53.16,55.96,53.16,48.24,54.28,58.78,47.52,50.79,61.68,55.57,53.39,58.7,53.29,55.1,57.51,42.67,53.33,51.09,56.18,57.62,57.59,49.76,52.49,43.43,56.81,49.72,47,46.98,58.2,60.89,56.54,56.79,49.37,49.13,51.38,55.15,54.74,51.58,56.56,54.08,55.74,55.67,54.15,54.59,54.85,46.78,61.1,53.6,46.95,48.21,51.07,60.09,55.28,47.9,47.69,53.67,55.25,53.53,49.59,54.18,47.52,45.5,53.61,51.44,59.81,55.49,51.85,50.05,54.58,60.67,54.88,52.76,53.72,57.25,56.91,55.64,53.36,55.64,58.37,52.25,56.68,44.55,60.8,53.21,48.52,57.53,51.81,50.23,45.78,45,60.54,54.73,50.81,58.65,54.71,55.12,54.19,41.59,53.75,56.5,54.64,54.13,54.03,51.59,59.66,55.67,54.25,52.14,45.29,47.03,51.06,51.44,57.03,53.29,53.13,59.04,52.37,50.94,55.6,51.13,55.38,59.06,49.9,55.48,51.12,57.89,55.68,52.13,50.54,52.92,49.3,53.43,53.41,62.66,56.05,50.48,51.12,49.48,50.85,56.87,60.32,55.1,48.14,49.15,59.83,57.41,49.92,53.86,54.67,53.16,51.01,61.76,55.91,54.13,56.34,52.64,55.47,58.72,60.52,46.85,48.66,50.86,49.39,46.79,54.06,48.9,58.47,54.35,54.58,47.32,52.16,54.57,53.5,54.4,54.9,49.24,40.36,53.41,54.84,56.67,49.6,49.31,44.43,54.07,51.6,43.6,57.3,58.16,44.63,54.43,55.18,48.88,52.14,51.6,55.59,54.74,56,52.71,49.59,49.76,49.19,61.05,45.1,23.1,48.94,46.12,61.73,50.21,52.19,54.28,52.61,51.89,40.78,53.64,58.1,51.82,54.64,54.97,55.34,52.98,56.59,53.6,49.79,55.91,56.71,53.37,61.78,54.6,45.58,55.55,57.44,56.13,53.81,46.43,52.64,59.13,55.84,56.57,53.26,52.22,60.54,52.8,50.11,51.85,53.23,53.85,53.49,54.82,48.91,48.44,45.54,53.28,50.65,45.63,51.96,46.36,56.8,59.24,55.94,58.16,45.45,55.06,57.97,57.58,54.73,50.23,47.38,57.2,48.65,59.81,55.02,54.88,60.43,55.76,47.13,54.45,44.04,54.33,55.29,47.38,51.38,51.72,50.46,60.33,47.43,43.54,40.68,40.9,56.98,59.46,57.1,52.9814765100671,erythrocyte,DCQ
mesothelial.cell1,0,0,0,0,0,0,0,0,0,0,0.08,0,0,0,0,0,0,0,0,0,0,0,0,0,0,0,0,0,0,0,0,0,0,0,0,0,0,0,0,0,0,0,0,0,0,0,0,0,0,0,0,0,0,0,0,0,0,0,0,0,0.65,0,0,0,0,0,0,0,0.06,0,0,0,0,0,0,0,0,0,0,0,0,0,0,0,0,0,0,0,0,0,0,0,0,0,0,0,0,0,0,0,0,0,0,0,0,0,0,0,0,0,0,0,0,0,0,0,0,0,0,0,0,0,0,0,0,0,0,0,0,0,0,0,0,0,0,0,0,0,0,0,0,0,0,0,0,0,0,0,0,0,0,0,0,0,0,0,0,0,0,0,0,0,0,0,0,0,0,0,0,0,0,0,0,0,0,0,0,0,0,0,0,0,0,0.64,0,0,0,0,0,0,0,0,0,0,0,0,0,0.39,0,0,0,0,0,0,0,0,0,0,0,0,0,0,0,0,0,0,0,0,0,0,0,0,0,0,0,0,0,0,0,0,0,0,0,0,0,0,0,0,0,0,0,0,0,0,0.08,0,0,0,0,0.24,0,0,0,0,0,0,0,0.36,0,0,0,0,0,0,0,0,0,0,0,0,0,0,0,0,0,0,0,0,0,0,0,0,0,0,0,0,0,0,0,0,0,0.1,0.1,0,0,0,0,0,0.00906040268456376,mesothelial.cell,DCQ
mature.nk.t.cell1,0,0,0,0,0,0,0,0,0,0,0,0,0.15,0,0,0,0.04,0,0.04,0,0,0,0,0,0,0,0,0.07,0,0.43,0,0.11,0,0,0,0.17,0.11,0,0,0,0,0,0.02,0,0,0,0,0,0.1,0.11,0,0.39,0,0.15,0,0,0,0,0.07,0,0.63,0,0,0,0,0,0,0,0,0.07,0,0.22,0,0,0,0,0,0,0,0,0.1,0,0.07,0,0,0.21,0,0,0,0.21,0,0,0.08,0,0,0,0,0.09,0,0,0,0,0.3,0,0,0,0,0,0,0,0,0,0,0,0,0,0,0.16,0,0,0,0,0.54,0.49,0.05,0,0.09,0,0,0,0,0,0,0,0,0,0.01,0,0,0,0.21,0,0,0,0,0,0,0,0.13,0,0,0,0,0,0,0,0,0,0.09,0,0,0,0.27,0,0,0.08,0,0,0,0,0,0,0,0.3,0,0,0,0,0,0,0,0,0.38,0,0.11,0,0,0,0,0,0,0,0,0,0,0,0,0.03,0,0,0,0,0,0,0,0,0,0,0,0,0,0,0,0,0,0.05,0,0,0,0,0,0,0,0,0,0,0,0,0,0,0,0,0,0,0,0,0,0.04,0,0,0,0,0.08,0,0.26,0,0.19,0,0,0,0,0,0,0,0,0,0,0.46,0,0,0,0,0,0,0,0,0,0,0.25,0,0.23,0,0,0,0,0,0,0,0,0,0,0,0,0,0,0,0,0.13,0,0.1,0.45,0,0,0,0,0,0,0.06,0.0308053691275168,mature.nk.t.cell,DCQ
others1,0,0,0,0,0,0,0,0,0,0,0,0,0,0,0,0,0,0,0,0,0,0,0,0,0,0,0,0,0,0,0,0,0,0,0,0,0,0,0,0,0,0,0,0,0,0,0,0,0,0,0,0,0,0,0,0,0,0,0,0,0,0,0,0,0,0,0,0,0,0,0,0,0,0,0,0,0,0,0,0,0,0,0,0,0,0,0,0,0,0,0,0,0,0,0,0,0,0,0,0,0,0,0,0,0,0,0,0,0,0,0,0,0,0,0,0,0,0,0,0,0,0,0,0,0,0,0,0,0,0,0,0,0,0,0,0,0,0,0,0,0,0,0,0,0,0,0,0,0,0,0,0,0,0,0,0,0,0,0,0,0,0,0,0,0,0,0,0,0,0,0,0,0,0,0,0,0,0,0,0,0,0,0,0,0,0,0,0,0,0,0,0,0,0,0,0,0,0,0,0,0,0,0,0,0,0,0,0,0,0,0,0,0,0,0,0,0,0,0,0,0,0,0,0,0,0,0,0,0,0,0,0,0,0,0,0,0,0,0,0,0,0,0,0,0,0,0,0,0,0,0,0,0,0,0,0,0,0,0,0,0,0,0,0,0,0,0,0,0,0,0,0,0,0,0,0,0,0,0,0,0,0,0,0,0,0,0,0,0,0,0,0,0,0,0,0,0,0,0,others,DCQ
endothelial.cell.of.vascular.tree2,1.13,0,0,0,2.32,0,0,0,0,0,4.1,1.19,0,0,0,0,0,0,0,0,0,0,0,0,0,2.31,0,2.33,0,2.1,0,0.83,0,0,0,0,0,0,0,0,0,0,0.27,0,0,0,0,0,0.49,0.87,0,0.47,0,0,0,0,0,0,0,0,4.32,0,0,2.63,0,0,0,0,2.84,0,0.73,1.29,0,0,0,0,0,0,0,0,1.12,0,0,0,0,0.68,0,0,0,0,0,0,0,0,0,0,3.36,3.51,0,0,0,0.55,0,0.14,0,1.81,0,0,0,0,0,1.49,0,0,0.47,0,0,1.63,0,0,1.56,0,0.23,0,1.64,0,0.6,0,2.14,1.04,0,0,0.02,0,0,0,0.58,0,0,0,0,0,0,0,0,0,0.22,0,1.17,0,0,0,0,0,0,0,0.03,0,1.57,0,0,0,0.88,0,1.97,0.11,0,0,0,0,1.75,0,0,2.33,1.1,0,0,2.97,2.66,0,0,0,0.38,1.41,0,1.03,0,0.3,0,0,0,0,0,0,0.02,0,0,5.82,0,0,0,0,0,0,0.04,0,0,0,2.14,1.19,0,0,0,0,0,1.97,0,0,0,0,0,0,0,0,0,0,1.19,0.53,0,0,0,0,0,0,4.75,2.13,0,0,0,0.98,0,0,0,0,2.17,0.07,1.68,0,0,2.55,0,0,0,0,0,0,1.44,2.96,0,0,0,0,0.76,0,0,0,0,0,1.3,0,0.44,0,0,0,0.86,0,0,0,0,0.31,0,0,0,0,0,0,0,1.17,0,0.76,3.61,3.67,0,0,0,0.55,0,0.65,0.397248322147651,endothelial.cell.of.vascular.tree,proportionsInAdmixture
capillary.endothelial.cell2,6.86,10.25,8.75,7.93,4.95,7.99,7.2,7.07,8.2,6.29,5.28,5.54,12.03,8.76,7.87,6.14,8.55,8.47,10.57,9.67,7.42,8.64,9.51,7.18,7.11,6.34,6.71,7.84,8.4,8.12,6.39,10.09,6.57,6.41,9.04,7.84,5.73,9.01,7.74,7.09,8.03,7.85,8.78,6.72,7.91,10.91,7.82,5.67,8.97,7.27,7.22,7.99,11.06,7,10.15,8.03,7.57,4.82,8.06,7.04,7.75,8.07,9.21,5.06,8.11,9.19,8.92,7.31,7.09,8.45,7.29,5.65,7.53,4.56,7.6,5.55,8.77,9.05,7.5,8.42,7.27,8.48,9.53,8.77,6.33,9.12,7.5,6.9,8.58,4.8,6.27,8.63,9.59,7.88,10.07,7.95,6.34,8.49,6.56,8.41,6.01,8.67,9.08,8.58,10.16,10.26,5.58,7.91,6.23,8.05,9.5,6.56,7.09,11.07,9.27,11.02,9.6,9.43,6.86,6.99,5.24,5.98,5.25,7.56,10.44,8.41,8.59,5.68,7.1,5.21,7.68,5.92,5.19,7.52,7.5,8.56,9.03,8.36,10.42,8.43,8.35,9.15,8.49,6.27,7.25,6.66,7.72,6.02,9.97,8.63,7.22,7.09,5.84,7.91,9.23,6.19,7.57,8.33,7.06,9.61,6.63,8.32,8.87,8.62,11.42,6.04,8.51,7.19,8.36,8.12,8.17,7.39,8.61,8.93,7.35,7.92,7.37,5.28,8.84,6.66,7.98,8.17,8.82,7.14,6.26,5.26,8.59,7.68,8.35,8.29,5.25,6.94,8.49,7.86,7.33,7.49,7.59,9.37,6.9,4.8,7.38,7.73,5.22,8.37,9.49,8.02,7.26,7.82,7.15,10.42,7.68,7.94,5.76,9.39,7.01,5.97,8.2,8.92,7.13,8.1,8.39,5.07,5.51,8.68,6.98,5.53,5.84,5.81,9.34,7.53,7,8.38,6.85,8.21,4.23,8.91,7.22,9.66,8.43,5.93,10.47,6.98,8.72,8.22,9.44,6,11.41,7.73,8.04,5.35,7.3,7.67,6.57,8.42,5.41,7.07,5.52,7.74,8.42,7.52,6.06,8.8,8.51,6.09,6.15,4.66,6.2,8.92,8.08,5.89,9.06,5.97,9.48,8.66,6.41,8.58,6.45,8.63,6.9,6.67,9.15,5.2,8.03,10.2,6.76,6.3,6.12,7.99,8.42,6.55,6.31,5.82,5.79,8.22,9.41,6.08,5.57,7.14,7.6656711409396,capillary.endothelial.cell,proportionsInAdmixture
endothelial.cell.of.lymphatic.vessel2,1.96,0.89,0,0.49,1.49,2.55,0.44,0,0.74,3.42,0.21,2.09,0,0.44,0,0,0,0,0,0,0,0,0,0,3.69,0.22,1.22,0,0.23,0,1.87,0,1.17,0,0,0,0,0,0,1.09,0.99,0.08,1.46,0,0.32,0,0,0,0,0,0,0,2.03,0,0.78,0.53,0.2,0,0,0,0,0,1.16,0.43,0.22,0,0.12,0,0,0,0,0,0.47,3.38,0,0,0.45,0.61,0,0,1.05,0,0,0,0,0,0.99,2.18,0,0,0,1.15,0.2,0.5,0,0,0,0,0,0,0,0,0,0.26,0,0,0,0,0.06,0.03,0.28,0.18,0,0,0.11,0,0,0,0,0,0,0,0,0,0,0,0,0,0.03,1.99,0.72,0,0,0.04,0,0,0,0.4,0.43,0.11,0,0,1.23,2.64,0,0,0,0,0,1.51,0.95,0.45,0,0,0.11,0.01,0,0,0,0,0.8,0,0,1.54,0,0,0,0.18,1.92,0.59,0.25,1.59,0,0,1.96,0.57,0,0,0,0,0,0.21,0,0,0,0.65,2.65,0.2,0.51,2.67,6.03,2.15,2.83,0,0.57,0,3.32,0,0,4.03,3.21,0.45,0,0.76,0,0.96,2.86,0,0,0,0.56,0.84,0.44,0.44,2.24,0,0.64,1.64,1.16,6.06,1.59,0.29,0,1.16,2.03,0,0.19,1.11,1.15,1.16,1.31,1.17,1.85,0.96,0,0,0,0,0.04,0,1.72,2.19,2.13,0.12,0,0.84,0,1.35,0.6,0,0.7,0,0,0,0,3.24,0.94,0,0.53,0.02,0,0,0.54,0,0,0,0,0.65,0,0,0,0,0.95,0.43,2.21,0,1.18,0,0,1.32,0,0,0.93,0.57,0,3.44,0,0,0.52,0,0,0,2.72,3.99,0,1.24,0,0,0.542315436241611,endothelial.cell.of.lymphatic.vessel,proportionsInAdmixture
mesenchymal.stem.cell2,0.08,1.42,7.1,0,5.92,1.95,0,1.5,0,0,3.47,0,2.77,0,0,0,0,0,0,0,0,0,0.64,0,0,3.22,0,0.85,0,0,0,0,0.89,0,0,0,0,0,0,0,1.33,0,0.59,0,1.06,0,0,0,0,0,0,1.15,0,0,0,0,0,0,0,0,10.39,0,0,4.13,0,0,0,0,3.28,0,6.91,0,0,0,1.75,0,0.25,1.58,0,0,0,0,0,1.7,0,0,0,1.33,0,0,0,1.81,0,0,0,0,5.87,0,2.42,0,0,6.52,0,0,6.56,0,0,0,0,0,0,2.57,0,6.54,7.65,7.36,0,0,0,0,1.49,0,0,0,9.83,0,0,0,0,0,1.71,0,0,0,0,0,0,0,0.56,0,0,1.53,0,0,0,0.1,2.17,0,1.93,0,0,0,0,0,0,0,1.31,0,2.38,3.88,2.2,0,0.61,0,7.8,0,0,0,0,0,0,0,0,4.88,6.83,0,3.43,4.7,7.46,0,0,0,0,5.34,0,4.15,0.26,1.73,0,0,0,0,0,0,0,0,0,8.88,0,0,0,0,0,1.25,0,0,0,0,3.95,3.2,0,0,0,0,2.29,0,0,0,0,0,0,0,0,0,0,0,0.86,0,0,0,0,0.76,0,0,4.9,1.83,0,0,0,6.97,8.03,0,0,0,10.24,0,8.22,0,0,2.39,0,0,0,0,0,0,1,8.62,0,0,0,0,3.8,0,0,0,0,0,0,0,0,0,0,0,0.49,0,0.51,0,0,0,0,0,0,0,0,0,0,0,0.57,0,1.17,7.45,0.94,0,1.97,0,0,0,0.936677852348993,mesenchymal.stem.cell,proportionsInAdmixture
endothelial.cell.of.artery2,0,0,0,0,0,0,0,0,0,0,0,0,0,0,0,0,0,0,0,0,0,0,0,0,0,0,0,0,0,0,0,0,0,0,0,0,0,0,0,0,0,0,0,0,0,0,0,0,0,0,0,0,0,0,0,0,0,0,0,0,0,0,0,0,0,0,0,0,0,0,0,0,0,0,0,0,0,0,0,0,0,0,0,0,0,0,0,0,0,0,0,0,0,0,0,0,0,0,0,0,0,0,0,0,0,0,0,0,0,0,0,0,0,0,0,0,0,0,0,0,0,0,0,0,0,0,0,0,0,0,0,0,0,0,0,0,0,0,0,0,0,0,0,0,0,0,0,0,0,0,0,0,0,0,0,0,0,0,0,0,0,0,0,0,0,0,0,0,0,0,0,0,0,0,0,0,0,0,0,0,0,0,0,0,0,0,0,0,0,0,0,0,0,0,0,0,0,0,0,0,0,0,0,0,0,0,0,0,0,0,0,0,0,0,0,0,0,0,0,0,0,0,0,0,0,0,0,0,0,0,0,0,0,0,0,0,0,0,0,0,0,0,0,0,0,0,0,0,0,0,0,0,0,0,0,0,0,0,0,0,0,0,0,0,0,0,0,0,0,0,0,0,0,0,0,0,0,0,0,0,0,0,0,0,0,0,0,0,0,0,0,0,0,0,0,0,0,0,0,endothelial.cell.of.artery,proportionsInAdmixture
pericyte.cell2,0.35,0.29,0,4.11,0,0,4.04,1.33,3.27,0.78,0,0,0.72,1.13,0,4,5,2.44,1.81,1.75,4.55,4.64,0.96,4.78,0.91,0,1.88,0,4.52,2.98,0.44,4.68,0,3.73,2.15,2.2,3.51,0.43,4.48,2.55,0,4.83,1.13,3.73,0,0,3.81,3.23,4.16,1.73,2.71,1.79,0.86,3.22,2.63,3.73,4.04,2.23,2.78,3.85,0,5.16,3.08,0,2.42,4.08,4.51,4.24,0,4.62,0,1.26,0.88,0,0,3.43,0.27,0,4.44,4.44,0,4.94,3.46,0,1.58,2.15,4.11,0.93,3.39,3.32,2.78,0,0,3.22,1.48,5.28,0,1.35,0.25,3.53,3.22,0,0,0,0,0.67,2.74,3.63,3.92,4.15,3.54,0,3.96,0,0,0,2.84,0.57,4.07,0,0,3.93,2.68,0,0,4.92,0.12,3.62,1.3,0,0,3.53,2.46,4.71,1.65,0.8,2.14,0,0,3.99,4.46,0.31,4.38,2.02,4.1,1.18,0,3.54,0,1.05,4.35,0,0.91,1.61,2.6,4.07,0,4.14,1.44,0,0,4.18,1.29,2.21,0,1.9,1.16,2.11,0,3.51,1.76,0.28,3.51,0,0,3.97,0,0,0,4.19,3.7,3.79,1.45,0,1.84,0,0,0,5.25,2.54,0,3.78,2.48,4.62,0,0,0.04,0,3.42,0,1.52,4.8,3.1,0,0.25,0,0.5,2.78,0,0,1.9,3.41,2.8,0,0,0,3.47,2.04,1.15,0,0.83,3.02,2.47,3.85,2.04,3.3,2.67,0,3.06,4.25,0,0.47,0,1.38,0,0,3.5,4.48,0.93,0,0,2.76,0.53,4.36,0,0,0,3.54,1.54,0,3.48,4.03,3.73,4.05,2.95,0,0,0,1.82,4.49,3.26,3.23,0,1.84,3.36,3.18,2.77,3.84,0.69,2.48,0.77,2.76,1.65,3.78,0,4.59,1.67,4.84,2.93,0.04,2.77,3.47,0,2.86,3.85,0,3.59,1.45,1.08,0,1.26,0,0,3.52,0,1.2,3.91,1.09,1.90184563758389,pericyte.cell,proportionsInAdmixture
cd4.positive.alpha.beta.t.cell2,0,0,0,0,0,0,0,0,0,0,0,0,0,0,0,0,0,0,0,0,0,0,0,0,0,0,0,0,0,3.38,0,0,0,0,0,0,0,0,0,0,0,0,0,0,0,0,0,0,0,0,0,0,0,0,0,0,0,0,0,0,0,0,0,0,0,0,0,0,0,0,0,0,0,0,0,0,0,0,0,0,0,0,0,0,0,0,0,0,0,0,0,0,0,0,0,0,0,0,0,0,0,0,0,0,0.29,0,0,0,0,0,0,0,0,0,0,0,0,0,0,0,0,0,0,0,0,0,0,0,0,0,0,0,0,0,0,0,0,0,0,0,0,0,0,0,0,0,0,0,0,0,0,0,0,0,0,0,0,0,0,0,0,0,0,0,0,0,0,0,0,0,0,0,0,0,0,0,0,0,0,0,0,0,0,0,0,0,0,0,0,0,0,0,0,0,0,0,0,0,0,0,0,0,0,0,0,0,0,0,0,0,0,0,0,0,0,0,0,0,0,0,0,0,0,0,0,0,0,0,0,0,0,0,0,0,0,0,0,0,0,0,0,0,0,0,0,0,0,0,0,0,0,0,0,0,0,0,0,0,0,0,0,0,0,0,0,0,0,0,0,0,0,0,0,0,0,0,0,0,0,0,0,0,0,0,0,0,0,0,0,0,0,0,0,0,0,0,0,0,0.0123154362416107,cd4.positive.alpha.beta.t.cell,proportionsInAdmixture
skeletal.muscle.satellite.stem.cell2,0,0,4.86,0,7.07,1.37,0,0,0,0,11.17,3.27,0,0,0.05,0,0,0,0,0,0,0,4.54,0,0,0.11,0,2.15,0,0,5.27,0,2.88,0,0,0,0,0.22,0,0,0,0,0,0,0,0,0,0,0,0,0,0,0,0,0,0,0,0,0,0,11.93,0,0,3.07,0,0,0,0,12.27,0,6.56,3.62,0,8.36,7,0,0,0,0,0,1.62,0,0,0,0,0,0,0,0,0,0,4.67,0,0,0,0,10.12,9.11,0,0,0,0,0,0,7.53,0,0,0,0,0,0,6.78,0,0,3.04,3.19,0,4.08,0,1.02,7.16,0,0,1.1,4.66,0,1.65,0,0,2.76,0.31,0,0,0,0,0,0,0,0,0,0,0,0,0,0,0,0,0,0,0,0,0,0,0,0,0,0,0,0,0,0.83,0,0,0,2.51,0,1.83,0,0.04,0,0,0,0,2.13,0.79,0,5.35,10.49,2.88,0,0,0,0,10.39,0,3.38,0,0,0,0,0,0,0,0,1.8,7.05,0,8.63,0,2,0,0,0,0,0,1.91,0,0,3.17,0.32,0,0,0,0,2.3,0,0,0,0,0,0,0,0,0,0,0,0,1.99,0,0,0,0,1.13,0,5.13,3.3,0,0,0,7.73,0,0,0,0,6.3,2.92,6.87,0,0,4.31,0,0,0,0,0,4.79,11.38,8.97,0,0,0,0,1.84,0,0,0,0,0,0,0,0,0,0,0,2.68,0,0,0,0,0,0,0,0,0,0,0,0,0,0,9.57,0.96,10.14,7.28,0,6.64,0,0,0,1.12852348993289,skeletal.muscle.satellite.stem.cell,proportionsInAdmixture
macrophage2,11.1,7.9,9,4.16,11.43,8.06,3.44,9.73,4.32,5.59,10.6,9.14,6.69,4.64,9.43,2.26,3.24,6.52,5.78,4.51,2.93,3.46,6.66,3.08,7.33,11.78,7.28,8.9,3.95,8.27,6.04,5.99,9.41,2.67,4.4,5.04,1.92,7.87,3.26,4.18,8.69,3.76,5.92,2.65,8.3,5.99,3.49,2.07,2.61,5.82,3.05,8.46,6.61,2.56,5.65,3.69,3.36,2.21,4.5,2.67,5.16,3.68,5.69,11.81,6.17,3.59,4.29,3.23,8.26,3.86,4.57,6.94,8.22,8.29,8.01,2.34,6.65,9.03,2.82,3.8,9.2,3.27,5.21,8.15,4.59,5.6,4.72,10.51,3.7,1.54,4.22,7.48,5.77,4.11,5.17,3.43,8.62,9.68,7.48,4.39,2.88,9.62,7.78,7.36,6.34,7.55,2.35,4.73,3.06,3.9,4.06,8.7,3.39,7.07,10.95,6.81,4.16,3.88,2.7,5.77,8.7,2.83,5.19,4.01,8.38,3.36,4.42,2.04,8.62,8.48,10.31,2.6,3.01,3.91,6.61,6.68,4.4,7.43,7.12,3.91,3.01,4.08,4.13,6.55,3.43,4.66,9.63,2.16,8.74,6.59,3.85,6.9,4.44,2.78,6.38,2.88,8.34,3.31,7.46,8.3,9.55,3.65,6.94,5.63,8.58,6.93,4.91,4.81,7.11,3.98,9.22,7.23,3.4,7.55,13.7,3.74,5.37,11.72,10.28,2.87,3.93,4.22,3.01,8.98,3.1,11.88,10.21,8.66,4.73,5.99,8.94,4.59,6.07,3.35,9.07,5.01,7.78,8.66,3.38,11.11,7.09,4.14,2.11,9.6,4.35,8.82,8.67,4.2,11.19,6.55,3.42,4.36,3.89,6.4,10.47,6.54,4.54,5.64,8.79,8.84,5.15,2.39,2.45,4.38,6.18,2.41,10.01,9.72,5.92,4.03,8.03,7.08,10.37,5.67,13.17,7.11,3.16,4.94,4.92,10.33,10.56,5.43,6.5,3.68,6.23,9.29,7.31,5.36,5.8,5.85,3.8,2.93,2.79,3.92,1.63,5.98,8.23,8.63,5.9,3.65,3.1,3.13,7.85,5.02,1.94,1.16,3.52,5.13,7.81,2.71,6.93,2.51,6.49,3.87,10.08,3.03,7.34,3.27,3.13,8.52,4.57,1.6,6.26,5.81,2.79,8,2.75,6.22,8.54,6.77,6.49,11.59,5.47,6.13,6.3,8.75,1.01,5.25,5.87630872483221,macrophage,proportionsInAdmixture
cd8.positive.alpha.beta.t.cell2,0,0,0,0,0,0,0,0,0,0,0,0,0,0,0,0,0,0,0,0,0,0,0,0,0,0,0,0,0,0,0,0,0,0,0,0,0,0,0,0,0,0,0,0,0,0,0,0,0,0,0,0,0,0,0,0,0,0,0,0,0,0,0,0,0,0,0,0,0,0,0,0,0,0,0,0,0,0,0,0,0,0,0,0,0,0,0,0,0,0,0,0,0,0,0,0,0,0,0,0,0,0,0,0,0,0,0,0,0,0,0,0,0,0,0,0,0,0,0,0,0,0,0,0,0,0,0,0,0,0,0,0,0,0,0,0,0,0,0,0,0,0,0,0,0,0,0,0,0,0,0,0,0,0,0,0,0,0,0,0,0,0,0,0,0,0,0,0,0,0,0,0,0,0,0,0,0,0,0,0,0,0,0,0,0,0,0,0,0,0,0,0,0,0,0,0,0,0,0,0,0,0,0,0,0,0,0,0,0,0,0,0,0,0,0,0,0,0,0,0,0,0,0,0,0,0,0,0,0,0,0,0,0,0,0,0,0,0,0,0,0,0,0,0,0,0,0,0,0,0,0,0,0,0,0,0,0,0,0,0,0,0,0,0,0,0,0,0,0,0,0,0,0,0,0,0,0,0,0,0,0,0,0,0,0,0,0,0,0,0,0,0,0,0,0,0,0,0,0,cd8.positive.alpha.beta.t.cell,proportionsInAdmixture
t.cell2,11.58,8.97,9.56,9.53,10.67,12.41,9.72,9.04,9.26,7.44,10.21,11.5,7.53,10.51,11.35,7.74,8.53,10.61,10.01,9.13,10.16,7.94,13.55,8.25,10.62,10.32,10.85,7.22,9.05,4.04,15.39,4.98,12.48,8.2,9.39,10.06,7.86,10.11,9.16,7.02,10.75,10.09,11.13,8.73,12.27,9.69,9.78,8.43,6.1,10.14,10.4,8.31,9.3,7.71,7.19,9.84,9.85,7.1,9.53,9.16,10.4,7.39,8.12,11.38,10.79,9.49,7.94,10.7,9.96,7.32,13.93,5.1,10.84,10.1,11.13,8.33,12.02,10.04,8.35,9.08,10.42,9.1,9.93,10.32,8.77,8.65,6.5,11.85,7.07,6.54,10.43,11.71,9.56,5.26,9.19,8.42,9.52,4.6,10.85,9.61,8.62,9.04,9.86,11.47,9.93,6.59,8.1,9.97,9,9.32,9.68,12.18,8.12,9.42,7.35,10.38,12.1,11.96,7.64,11.22,11.48,8.26,8.6,8.43,8.36,7.8,10.14,8.26,9.11,9.44,9.43,8.09,8.15,9.43,12.32,9.2,8.48,13.38,9.63,7.25,7.96,8.78,7.29,11.41,7.81,9.04,10.58,8.21,6.42,11.33,10.56,11.29,7.97,9,9.65,8.89,9.29,9.51,11.41,9.12,11.37,10.19,8.15,9.73,4.67,10.65,11.92,11.32,12.54,10.35,9.73,12.11,10.06,10.58,6.85,9.35,13.04,9.25,6.99,8.38,9.76,8.68,9,14.71,10.38,8.36,9.87,7.86,8.06,8.84,10.69,9.62,7.18,9.52,12.18,10.17,10.44,10.14,9.75,11.5,10.23,8.61,7.79,10.29,8.18,10.23,10.13,8.38,9.24,10.42,8.2,9.82,8.89,10.58,11.78,11.93,9.71,10.19,11,10.09,12.15,7.65,8.15,8.11,12.37,8.21,6.92,12.22,7.54,9.6,12.9,10.31,9.37,11.22,7.15,8.28,8.48,7.53,10.56,9.07,9.55,10.83,10.42,9.46,12.31,12.28,7.59,9.93,9.57,9.12,10.73,9.29,9.12,9.13,8.24,16.57,12.31,9.71,10.09,10.01,9.4,8.8,11.48,8.06,8.31,6.7,8.27,8.45,9.96,9.6,10.15,8.42,13.08,9.72,10.54,8.36,9.81,8.69,8.54,11.13,9.68,7.35,12.54,7.81,8.87,9.55,9.05,8.96,10.66,5.95,6.78,10.77,14.99,14.41,6.88,10.44,6.56,9.22,9.53855704697987,t.cell,proportionsInAdmixture
smooth.muscle.cell2,0,0,0.35,0,0.92,0,0,0,0,0,0,0,0,0,0,0,0,0,0,0,0,0,0,0,0,0,0,0,0,0,0,0,1.72,0,0,0,0,0,0,0,0,0,0,0,0,0,0,0,0,0,0,0,0,0,0,0,0,0,0,0,1.6,0,0,0,0,0,0,0,1.22,0,1.09,0,0,3.07,0.17,0,0,0,0,0,0,0,0,0,0,0,0,0,0,0,0,0.15,0,0,0,0,0,0,0,0,0,0,0,0,1.5,0,0,0,0,0,0,0.32,0,0,1.17,0.97,0,0,0,0,0.89,0,0,0,0.67,0,0,0,0,0,0,0,0,0,0,0,0,0,0,0,0,0,0,0,0,0,0,0,0,0,0,0,0,0,0,0,0,0,0,0,0.08,0,0,0,0,0,0,0,0,0,0,0,0,0,0,0,0,2.26,0,0,0,0,0,2.64,0,0.49,0,0,0,0,0,0,0,0,0,0,0,2.59,0,0,0,0,0,0,0,0,0,0,0,0,0,0,0,0,0.47,0,0,0,0,0,0,0,0,0,0,0,0,0.41,0,0,0,0,0,0,0,0.06,0,0,0,1.89,0,0,0,0,0.37,0,0,0,0,0,0,0,0,0,0,0,0.27,1.55,0,0,0,0,0,0,0,0,0,0,0,0,0,0,0,0,0,0,0,0,0,0,0,0,0,0,0,0,0,0,0,1.46,0,2.57,0,0,1.91,0,0,0,0.116879194630872,smooth.muscle.cell,proportionsInAdmixture
tendon.cell2,0,0,0,3.81,0,0,5.41,0,3.7,0,0,0,0.03,4.12,0,4.26,6.13,1.76,2.88,4.1,5.76,4.93,0,4.56,0.36,0,1.9,0,5.3,0,0.57,3.08,0,5.79,2.49,4.01,4.19,0,5.46,5.4,0,4.71,0.57,4.32,0.47,1.34,5.6,3.67,5.01,1.8,3.42,0.01,1.18,3.47,2.47,6.52,6.01,4.19,3.96,4.8,0,5.34,3.58,0,2.03,5.68,5.28,5.7,0,6.37,0,0,0.46,0,0,4.43,0,0,5.9,5.66,0.11,6.6,1.76,1.07,1.67,1.11,3.31,0,8.17,4.19,3.02,0,3.28,2.89,2.74,4.71,0,0,0,3.96,3.72,0,2.64,0.36,0,0,4.75,3.87,4.83,5.83,5.77,0,3.81,0,0,0,1.68,3.7,5.15,1.61,0,4.39,0.99,3.68,0,5.2,1.68,5.28,1.06,0,0,4.35,1.87,4.26,1.97,0.75,2.72,2.26,0.38,5.52,4.79,0.49,5.7,2.63,4.58,1.75,0,4.58,0,0.46,4.37,0.69,1.4,2.77,1.14,4.74,0,7.21,0,0,0,5.68,1.4,2.16,0,0.99,4.49,2.74,0.78,5.31,1.34,1.8,5.51,0,0,5.26,0,0,0,5.02,5.29,4.19,5.16,0,2.45,0,0,0,5.59,3.48,0,3.72,2.09,4.89,0.21,0,2.12,0,3.89,0,1.99,4.89,4.2,0,2.86,0,0.24,3.12,0,0,5.41,5,2.06,1.21,0,2.28,3.85,2.7,0.38,0,3.1,2.34,3.44,4.6,2.3,3.64,0,0,1.29,5.06,2.67,2.55,0,2.16,0,1.47,6.51,4.09,1.41,0,0,2.74,1.39,5.69,0,0.09,0,4.57,3.35,0,3.62,5.46,5.39,6.26,4.36,0.31,0,0,1.77,4.98,5.95,5.49,0,0.89,4.7,4.82,3.66,3.67,1.34,3.62,1.72,3.56,1.47,5.12,0,5.48,0,4.94,4.05,0.74,2.31,3.67,0.48,5.08,5.04,0,3.67,1.94,0.01,1.08,0,0,1.13,2.9,0,0,5.03,1.46,2.38691275167785,tendon.cell,proportionsInAdmixture
fast.muscle.cell2,17.84,37.51,47.13,18.25,20.86,23.78,0,5.31,42.72,66.08,28.23,29.04,34.09,0,4.57,0,10.7,0.98,6.24,30.24,0,48.47,0,0,59.79,29.43,2.66,39.2,29.56,24.54,12.62,43.34,1.23,0,0,0,0,24.16,0,64.51,0,12.21,55.2,0,0.65,25.63,0,0,58.54,50.68,0,38.85,46.07,0,45.39,12.66,0,0,0,0,22.51,3.85,6.23,16.67,0,5.4,38.45,0,16.04,17.98,6.63,0,0,51.55,3.78,0,3.28,17.5,0,15.66,20.55,5.54,0,0,0,19.43,48.36,13.44,43.14,0,0,26.46,17.11,68.12,18.21,25.16,19.65,0.72,0,1.97,0,25.64,15.42,13.63,25.79,0,0,0,0,30.14,32.82,31.11,0,39.59,32.53,50.66,0,2.38,0,0,21.85,0,0,0,0,25.45,61.84,0,17.87,42.34,20.28,0,0,0,11.43,12.55,0,0,27.82,48.62,31.21,0,57.68,0,0,0,0,0,10.57,25.03,0,0,0,0,1,0,0,0,0,19.09,4.94,0,12.73,35.89,15.93,22.49,45.08,64.15,22.11,11.47,14.39,16.9,1.5,21.64,17.45,32.2,11.93,17.94,5.98,0,0,24.43,0,20.4,0,33.13,23.01,63.63,30.36,53.26,58,0,64.34,11.81,2.76,24.23,20.27,12.61,0,11.63,44.31,18.63,0,0,63.91,33.61,37.24,0,30.73,8.49,65.44,22.81,0,9,15.71,0,0,4.38,8.23,39.07,12.62,0,0,44.33,0,0,29.2,8.44,13.18,24.26,0,0,21.74,33.64,32.2,10.73,0,30.39,50.21,14.53,24.37,0,53.13,2.1,10.36,27.49,21.41,0.49,0,52.25,0,0,0,15,0,15.35,21.02,12.02,0,0,0,17.21,28.66,0,0,0,0,29.06,0,0,47.58,0,0,13.42,7.91,0,0,0,0,1.14,0,0,0,41.93,0,61.83,0,19.11,30.52,39.33,0,12.77,28.45,3.41,54.09,0,0,0,15.7171812080537,fast.muscle.cell,proportionsInAdmixture
slow.muscle.cell2,35.9,23.47,2.59,44.51,18.49,28.8,62.37,53.8,16.97,0,10.19,24.18,23.71,61.25,54.86,68.97,46.46,57.87,52.59,29.85,60.03,12.23,52.27,64.58,0,22.64,58.25,15.7,30.53,36.32,39.89,16.46,52.71,66.13,64.52,60.47,70.7,37.24,61.37,0,61.73,48.25,1.31,66.9,57.52,35.99,62.78,72.74,0,7.42,66.56,17.43,13.58,68.86,14.51,46.94,61.55,75.27,62.31,65.41,6.37,57.09,50.57,29.26,58.19,52.88,21.84,60.76,22.18,41.27,35.82,63.34,61.47,0,46.36,69.55,56.34,42.12,61.44,43.05,30.94,52.34,57.51,59.3,69.34,40.65,16.14,41.83,16.98,73.85,66.03,26.08,37.18,0,43.84,34.78,19.43,50.96,61.72,59.95,68.35,28.35,42.85,44.64,18.12,59.19,70.83,58.59,66.19,29.39,25.94,13.18,65.86,17.2,17.4,0,63.92,49.9,66.9,63.43,29.7,68.3,66.36,60.67,40.95,35.51,0,69.4,39.72,12.76,38.51,69.73,72.12,61.82,46.99,50.44,63.13,58.12,34.91,11.89,27.24,66.84,1.61,59.41,65.72,66.91,59.24,67.72,48.65,38.49,60.41,64.46,73.08,68.45,60.14,66.05,64.22,59.54,53.26,39.09,52.64,59.41,42.65,24.42,32.65,41.01,14.73,0,33.89,48.95,39.87,41.59,60.38,26.28,32.51,27.35,39.14,20.18,41.82,66.03,61.26,38.18,61.71,13.05,68.6,20.04,35.96,0,29.4,7.28,0,65.25,0,48.7,54.29,32.21,34.66,15.12,65.59,42.7,12.58,42.68,71.95,58.23,0,24.24,24.11,68.56,17.27,47.78,0,37.7,73.19,50.72,36.96,57.32,63.09,57.66,54,18.86,48.26,76.25,75.24,14.28,60.27,72.62,29.47,44.28,52.87,35.98,57.97,61.98,39.06,25.21,15.05,41.24,65.41,30.67,11.67,28.88,30.98,61.98,5.31,58.4,27.92,29.11,23.04,60.67,59.55,0,63.22,62.48,65.69,45.89,71.34,33.78,19.67,26.33,62.07,60.6,68.2,45.11,24.76,70.54,68.77,71.9,66.93,31.97,58.67,68.63,9.33,71.2,57.06,47.03,45.08,60.52,65.93,59.74,68.02,56.41,63.95,72.74,57.83,12.96,65.75,0,69.82,40.02,27.65,14.62,59.73,18.33,15.3,56.71,0,59.06,69.74,65.64,43.6013758389262,slow.muscle.cell,proportionsInAdmixture
mast.cell2,0,0,0,0,0,0,0,0,0,0,0,0,0,0,0,0,0,0,0,0,0,0,0,0,0,0,0,0,0,0,0,0,0,0,0,0,0,0,0,0,0,0,0,0,0,0,0,0,0,0,0,0,0,0,0,0,0,0,0,0,1.34,0,0,0,0,0,0,0,0,0,0,0,0,0,0,0,0,0,0,0,0,0,0,0,0,0,0,0,0,0,0,0,0,0,0,0,0,0,0,0,0,0,0,0,0,0,0,0,0,0,0,0,0,0,0,0,0,0,0,0,0,0,0,0,0,0,0,0,0,0,0,0,0,0,0,0,0,0,0,0,0,0,0,0,0,0,0,0,0,0,0,0,0,0,0,0,0,0,0,0,0,0,0,0,0,0,0,0,0,0,0,0,0,0,0,0,0,0,0,0,0,0,0,0,0,0,0,0,0,0,0,0,0,0,0,0,0,0,0,0,0,0,0,0,0,0,0,0,0,0,0,0,0,0,0,0,0,0,0,0,0,0,0,0,0,0,0,0,0,0,0,0,0,0,0,0,0,0,0,0.43,0,0,0,0,0.28,0,0,0,0,0,0,0,0,0,0,0,0,0,0,0,0,0,0,0,0,0,0,0,0,0,0,0,0,0,0,0,0,0,0,0,0,0,0,0,0,0,0,0,0,0,0,0,0,0,0,0,0,0,0.00687919463087248,mast.cell,proportionsInAdmixture
erythrocyte2,12.65,8.56,10.67,4.66,15.87,13.09,4.68,12.23,8.35,10.4,16.53,14.05,9.81,7.54,11.88,4.27,6.61,9.14,7.47,7.41,5.85,5.36,11.88,4.24,10.2,13.62,8.05,14.16,4.64,6.19,11.52,6.35,10.93,5.36,6.57,8.47,4.06,9.81,4.34,4.29,8.49,5.49,13.46,4.75,11.5,9.66,4.41,3.16,9.06,13.47,6.06,12.04,6.99,5.52,6.5,4.93,4.23,3.74,6.76,4.57,18.23,4.86,9.61,15.56,10.28,6.58,3.94,5.22,16.86,5.48,16.47,11.52,9.58,10.7,14.21,4.45,11.97,10.07,5.37,5.33,17.11,5.14,10.36,10.7,6.92,11.85,4.81,11.04,4,4.11,6.11,11.86,14.77,4.39,7.17,6.41,17.09,11.46,10.71,6.15,5.22,11.62,11.18,13.56,13.79,13.94,4.2,7.48,4.53,5.6,5.12,16.93,5.81,9.11,10.06,9.6,5.7,12.47,3.87,9.96,11.95,4.15,8.82,14.43,15.07,4.9,10.96,4.07,12.52,15.98,11.04,3.9,6.07,5.24,11.1,10.03,7.53,10.05,8.72,5.06,7.92,8.82,4.11,7.89,4.21,8.73,9.99,5.32,11,6.92,5.89,8.89,5.91,7.24,7.06,4.74,9.24,4.94,14.19,10.46,10.98,5.96,12.74,7.72,14.48,8.98,7.36,7.41,13.26,5.47,11.04,9.96,3.54,15.68,11.45,6.11,14.36,15.22,13.1,3.95,6.04,4.09,10.14,15.93,7.04,11.63,9.45,9.95,2.54,4.69,11.09,2.68,5.44,6.47,11.77,13.85,13.23,18.18,5.45,12.23,10.02,4.31,4.05,11.51,10.07,12.2,8.48,4.34,15.15,11.63,5.29,5.65,2.97,11.21,10.79,14,4.74,5.56,8.16,8.97,7.91,2.73,2.5,6.2,6.85,2.98,10.64,15.49,3.35,5.13,10.13,7.29,9.62,10.85,13.42,14.93,3.36,4.2,11.82,13.25,4.33,6.19,11.21,4.76,14.37,11.91,12.48,4.46,11.55,18.18,6.05,5.34,4.34,5.01,4.48,12.92,18.23,13.46,9,5.93,3.85,5.66,11.81,6.44,4.5,5.65,6.59,4.76,11.12,6.17,11.73,3.86,9.82,4.86,13.76,4.92,7.07,5.54,5.14,13.39,6.06,4.15,13.94,8.6,4.26,10.87,4.13,12.2,10.35,13.92,12.92,16.88,17.94,0.71,12.81,12.18,4.96,9.54,8.75664429530201,erythrocyte,proportionsInAdmixture
mesothelial.cell2,0,0,0,0,0,0,0,0,0,0,0,0,0,0,0,0,0,0,0,0,0,0,0,0,0,0,0,0,0,0,0,0,0,0,0,0,0,0,0,0,0,0,0,0,0,0,0,0,0,0,0,0,0,0,0,0,0,0,0,0,0,0,0,0,0,0,0,0,0,0,0,0,0,0,0,0,0,0,0,0,0,0,0,0,0,0,0,0,0,0,0,0,0,0,0,0,0,0,0,0,0,0,0,0,0,0,0,0,0,0,0,0,0,0,0,0,0,0,0,0,0,0,0,0,0,0,0,0,0,0,0,0,0,0,0,0,0,0,0,0,0,0,0,0,0,0,0,0,0,0,0,0,0,0,0,0,0,0,0,0,0,0,0,0,0,0,0,0,0,0,0,0,0,0,0,0,0,0,0,0,0,0,0,0,0,0,0,0,0,0,0,0,0,0,0,0,0,0,0,0,0,0,0,0,0,0,0,0,0,0,0,0,0,0,0,0,0,0,0,0,0,0,0,0,0,0,0,0,0,0,0,0,0,0,0,0,0,0,0,0,0,0,0,0,0,0,0,0,0,0,0,0,0,0,0,0,0,0,0,0,0,0,0,0,0,0,0,0,0,0,0,0,0,0,0,0,0,0,0,0,0,0,0,0,0,0,0,0,0,0,0,0,0,0,0,0,0,0,0,mesothelial.cell,proportionsInAdmixture
mature.nk.t.cell2,0.56,0.74,0,2.54,0,0,2.7,0,2.47,0,0,0,2.64,1.62,0,2.35,4.77,2.2,2.66,3.34,3.3,4.33,0,3.34,0,0,1.18,1.65,3.81,4.05,0,4.22,0,1.71,1.44,1.91,2.03,1.15,4.19,3.86,0,2.73,0.16,2.19,0,0.78,2.32,1.02,5.04,0.8,0.58,3.48,2.33,1.66,4.73,3.14,3.18,0.44,2.1,2.52,0,4.58,2.75,0,1.79,3.11,4.71,2.86,0,4.64,0,1.28,0.54,0,0,1.92,0,0,4.17,4.58,0.61,4.58,2.24,0,0.8,0.77,3.56,0,4.97,1.65,1.14,0,2.53,3.63,2.13,3.86,0,0.12,0,2.02,1.97,0,1.18,0,0,0,1.44,3.82,2.17,3.59,3.31,0,1.95,0,0,0,0,0,2.8,0,0,2.17,1.9,0.11,0,4.44,0,1.63,0.53,0,0,1.88,1.12,3.07,0.42,0.99,1.98,0,0,5.22,5.06,0,5.37,1.2,2.88,0.96,0.45,2.45,1.55,0,2.4,0.22,0.44,0.24,2.69,2.41,0,3.01,1.22,0.45,0,2.62,3.75,2.07,0,0.89,0,0.08,0,2.25,2.48,1.14,3.48,0,0,3.53,0,0,0,2.9,2.04,4.04,0.32,0,0.33,0,0,0,5.2,2.95,0,1.28,1.08,2.77,0,0,0.55,0,1.63,0,1.68,3.75,1.58,0,0.86,0,0.53,0.79,0,0,2.11,2.46,0,1.04,0,0,1.76,1.27,0,0,0,0.25,0.24,4.4,0.98,1.31,3.02,0,2.3,3.01,0,0,0,0.7,0,0,2.35,4.03,0,0,0,0.9,0.66,3.22,0,0,0,1.91,0,0,1.09,2.8,2.36,2.32,1.6,0,0,0,0.42,2.81,0.19,2.57,0,1.12,2.26,1.92,2.07,3.55,1.04,0.9,2.28,1.72,0.01,3.11,0,4.53,0.05,4.36,1.29,0.32,1.5,1.82,0,4.18,2.68,0,0.86,0.93,1.69,0,0.75,0,0,0,0,0.5,3.22,0,1.41442953020134,mature.nk.t.cell,proportionsInAdmixture
others2,0,0,0,0,0,0,0,0,0,0,0,0,0,0,0,0,0,0,0,0,0,0,0,0,0,0,0,0,0,0,0,0,0,0,0,0,0,0,0,0,0,0,0,0,0,0,0,0,0,0,0,0,0,0,0,0,0,0,0,0,0,0,0,0,0,0,0,0,0,0,0,0,0,0,0,0,0,0,0,0,0,0,0,0,0,0,0,0,0,0,0,0,0,0,0,0,0,0,0,0,0,0,0,0,0,0,0,0,0,0,0,0,0,0,0,0,0,0,0,0,0,0,0,0,0,0,0,0,0,0,0,0,0,0,0,0,0,0,0,0,0,0,0,0,0,0,0,0,0,0,0,0,0,0,0,0,0,0,0,0,0,0,0,0,0,0,0,0,0,0,0,0,0,0,0,0,0,0,0,0,0,0,0,0,0,0,0,0,0,0,0,0,0,0,0,0,0,0,0,0,0,0,0,0,0,0,0,0,0,0,0,0,0,0,0,0,0,0,0,0,0,0,0,0,0,0,0,0,0,0,0,0,0,0,0,0,0,0,0,0,0,0,0,0,0,0,0,0,0,0,0,0,0,0,0,0,0,0,0,0,0,0,0,0,0,0,0,0,0,0,0,0,0,0,0,0,0,0,0,0,0,0,0,0,0,0,0,0,0,0,0,0,0,0,0,0,0,0,0,others,proportionsInAdmixture
endothelial.cell.of.vascular.tree3,0,0,0,0,0,0,0,0,0,0,0.85,0,0,0,0,0,0,0,0,0,0,0,0,0,0,0,0,0,0,0,0,0,0,0,0,0,0,0,0,0,0,0,0,0,0,0,0,0,0,0,0,0,0,0,0,0,0,0,0,0,0,0,0,0,0,0,0,0,0.15,0,0,0,0,0,0,0,0,0,0,0,0,0,0,0,0,0,0,0,0,0,0,0,0,0,0,0,1.15,0,0,0,0,0,0,0,0,0,0,0,0,0,0,0,0,0,0,0,0,0,0,0,0,0,0,0,0,0,0,0,0,0,0,0,0,0,0,0,0,0,0,0,0,0,0,0,0,0,0,0,0,0,0,0,0,0,0,0,0,0,0,0,0,0,0,0,0,0,0,0,0,0,0,0,0,0,0,0,0,0,0,0,0,0,0,0,0,0,0,0,0,0,0,0,0,0,0,0,0,0,0,0,0,0,0,0,0,0,0,0,0,0,0,0,0,0,0,0,0,0,0,0,0,0,0,0,0,0,0,0,0,0,0,0,0,0,0.01,0,0,0,0,0,0,0,0,0,0,0,0,0,0,0,0,0,0,0,0,0,0,0,0,0,0,0,0,0,0,0,0,0,0,0,0,0,0,0,0,0,0,0,0,0,0,0,0,0,0,0,0,0,0,0,0,0.36,0,0,0,0,0,0,0.00845637583892617,endothelial.cell.of.vascular.tree,DeconRNASeq
capillary.endothelial.cell3,3.61,3.87,3.3,4.17,2.82,3.52,4.41,3.63,4.02,3.06,3.23,3.3,4.17,5.1,3.45,3.98,5.06,4.39,4.23,4.42,4.66,4.29,5.1,4.78,3.63,3.24,3.23,2.93,5.13,4.93,4.04,5.04,2.68,4.76,5.72,3.83,4.62,3.27,4.73,5.03,4.53,5,3.78,5.05,3.9,3.83,4.44,4.57,4.69,2.77,4.04,3.7,5.72,3.96,4.87,5.39,5.31,4.4,3.56,5,3.46,5.06,5.02,2.92,3.88,5.58,4.73,5.21,3.57,4.73,3.5,4.13,3.73,1.62,3.27,4.83,3.24,3.32,5.53,4.99,3.06,4.91,5.31,3.99,4.47,3.49,4.1,3.15,5.28,4.26,4.66,3.59,3.89,4.76,4.6,4.84,4.51,3.92,3.43,4.5,4.46,3.28,3.47,3.61,4.46,4.81,4.88,5.25,4.85,4.4,5.01,2.62,4.66,4.12,3.8,4.67,5.1,3.75,5.32,2.87,2.49,5.01,3.58,3.24,5.03,4.48,2.78,4.27,3.7,2.59,3.59,5.32,4.52,4.22,3.66,4.05,5.02,3.85,3.76,4.77,3.76,4.02,5.23,4,4.94,4.77,3.96,4.27,3.93,4.3,5.02,3.27,3.84,5.89,4.44,4.41,3.96,5.22,3.21,3.77,2.85,4.5,4.59,4.35,4.4,2.67,4.11,3.12,3.64,4.71,6.01,3.61,5.32,3.57,3.66,4.21,3.16,2.39,3.79,4.83,4.14,4.43,4.15,3.79,4.52,3.37,3.55,3.21,5.61,5.44,3.08,4.67,5.36,3.95,2.92,3.77,3.62,5.16,4.06,3.23,4.1,4.21,5.15,3.73,3.27,3.24,4.22,5.21,3.23,4.75,6.04,4.88,5.3,3.16,3.55,3.28,4.53,4.48,3.75,5.29,3.59,4.51,4.69,4.86,4.17,4.9,3.73,2.46,4.2,4.66,3.34,4.03,3.24,2.98,3.21,3.75,4.59,4.34,3.02,3.16,5.57,4.38,3.08,4.58,3.77,3.03,4.65,3.7,4.11,2.34,4.83,4.29,4.89,4.37,5.02,3.05,2.96,3.55,4.03,4.63,4.92,4.07,4.55,3.7,4.46,4.59,4.26,5.46,3.72,3.96,3.41,4.9,4.8,5.32,2.73,6.02,3.25,5.01,4.44,3.31,4.09,5.86,3.3,6.79,5.23,2.57,5.13,3.78,4.48,2.15,4.16,4.56,3,6.34,4.31,3.34,4.48,3.77,4.1605033557047,capillary.endothelial.cell,DeconRNASeq
endothelial.cell.of.lymphatic.vessel3,0.46,0,0.02,0,1.15,0.35,0,0,0,0.39,0.83,0.66,0,0,0,0,0,0,0,0,0,0,0,0,0.5,0.01,0,0,0,0,0.67,0,0.56,0,0,0,0,0,0,0,0,0,0,0,0,0,0,0,0,0,0,0,0,0,0,0,0,0,0,0,0,0,0,0.64,0,0,0,0,0,0,0,0,0,1.7,0.03,0,0,0,0,0,0.12,0,0,0,0,0,0,0.19,0,0,0,0.49,0,0,0,0,0.3,0,0,0,0,0,0,0,0,0,0,0,0,0,0,0.4,0,0,0,0,0,0,0,0,0.31,0,0,0,0.3,0,0,0,0,0.82,0,0,0,0,0,0,0,0,0,0,0,0,0,0.1,0,0,0,0,0,0,0,0,0,0,0,0,0,0,0,0,0.2,0,0,0,0,0,0,0,0.11,0,0,0.16,0,0,0.62,0,0,0.7,0,0,0,0,0,0,0,0,0.26,0,0,0,1.3,0,0,0,0,0,0.32,1.28,0,1.22,0.32,0,0,0,0,0.04,0,0,0.08,0,0,0,0,0.17,0.54,0,0,0,0,0.33,0,0,0,0,0,0,0,0.47,0,0,0,0,0,0,0.8,0,0,0,0,0.16,0,0,0.22,0,0.49,0,0,0,0,0.02,0,0,0,0,0,1.26,1.34,0.05,0,0,0,0,0,0,0,0,0,0,0,0,0,0,0,0,0.57,0,0.22,0,0,0,0,0,0.03,0,0,0.49,0,0,0,0.1,0,1.09,2.14,0,0,0,0,0,0.0942953020134228,endothelial.cell.of.lymphatic.vessel,DeconRNASeq
mesenchymal.stem.cell3,0,0,0,0,0,0,0,0,0,0,0,0,0,0,0,0,0,0,0,0,0,0,0,0,0,0,0,0,0,0,0,0,0,0,0,0,0,0,0,0,0,0,0,0,0,0,0,0,0,0,0,0,0,0,0,0,0,0,0,0,1.22,0,0,0,0,0,0,0,0,0,0,0,0,0,0,0,0,0,0,0,0,0,0,0,0,0,0,0,0,0,0,0,0,0,0,0,0.1,0,0,0,0,0,0,0,1.66,0,0,0,0,0,0,0,0,0,0,0,0,0,0,0,0,0,0,0,0.86,0,0,0,0,0,0,0,0,0,0,0,0,0,0,0,0,0,0,0,0,0,0,0,0,0,0,0,0,0,0,0,0,0,0,0,0,0,0,0,0,0,0,0,0,0,0,0,0,0,0,0,0,0,0,0,0,0,0,1.33,0,0,0,0,0,0,0,0,0,0,0,0,0,0,0,0,0,0,0,0,0,0,0,0,0,0,0,0,0,0,0,0,0,0,0,0,0,0,0,0,0,0,0,0,0,0,0,0,0,0,0,0,0,0,0,0,0,0,0,0,0,0,0,0,0,0,0,0,0,0,0,0,0,0.46,0,0,0,0,0,0,0,0,0,0,0,0,0,0,0,0,0,0,0,0,0,0,0,0,0,0,0,0,0,0,0,0,0,1.43,0,0,0,0,0,0,0.0236912751677852,mesenchymal.stem.cell,DeconRNASeq
endothelial.cell.of.artery3,0,0,0,0,0,0,0,0,0,0,0,0,0,0,0,0,0,0,0,0,0,0,0,0,0,0,0,0,0,0,0,0,0,0,0,0,0,0,0,0,0,0,0,0,0,0,0,0,0,0,0,0,0,0,0,0,0,0,0,0,0,0,0,0,0,0,0,0,0,0,0,0,0,0,0,0,0,0,0,0,0,0,0,0,0,0,0,0,0,0,0,0,0,0,0,0,0,0,0,0,0,0,0,0,0,0,0,0,0,0,0,0,0,0,0,0,0,0,0,0,0,0,0,0,0,0,0,0,0,0,0,0,0,0,0,0,0,0,0,0,0,0,0,0,0,0,0,0,0,0,0,0,0,0,0,0,0,0,0,0,0,0,0,0,0,0,0,0,0,0,0,0,0,0,0,0,0,0,0,0,0,0,0,0,0,0,0,0,0,0,0,0,0,0,0,0,0,0,0,0,0,0,0,0,0,0,0,0,0,0,0,0,0,0,0,0,0,0,0,0,0,0,0,0,0,0,0,0,0,0,0,0,0,0,0,0,0,0,0,0,0,0,0,0,0,0,0,0,0,0,0,0,0,0,0,0,0,0,0,0,0,0,0,0,0,0,0,0,0,0,0,0,0,0,0,0,0,0,0,0,0,0,0,0,0,0,0,0,0,0,0,0,0,0,0,0,0,0,0,endothelial.cell.of.artery,DeconRNASeq
pericyte.cell3,0,0,0,0,0,0,0,0,0,0,0,0,0,0,0,0,0,0,0,0,0,0,0,0,0,0,0,0,0,0,0,0,0,0,0,0,0,0,0,0,0,0,0,0,0,0,0,0,0,0,0,0,0,0,0,0,0,0,0,0,0,0,0,0,0,0,0,0,0,0,0,0,0,0,0,0,0,0,0,0,0,0,0,0,0,0,0,0,0,0,0,0,0,0,0,0,0,0,0,0,0,0,0,0,0,0,0,0,0,0,0,0,0,0,0,0,0,0,0,0,0,0,0,0,0,0,0,0,0,0,0,0,0,0,0,0,0,0,0,0,0,0,0,0,0,0,0,0,0,0,0,0,0,0,0,0,0,0,0,0,0,0,0,0,0,0,0,0,0,0,0,0,0,0,0,0,0,0,0,0,0,0,0,0,0,0,0,0,0,0,0,0,0,0,0,0,0,0,0,0,0,0,0,0,0,0,0,0,0,0,0,0,0,0,0,0,0,0,0,0,0,0,0,0,0,0,0,0,0,0,0,0,0,0,0,0,0,0,0,0,0,0,0,0,0,0,0,0,0,0,0,0,0,0,0,0,0,0,0,0,0,0,0,0,0,0,0,0,0,0,0,0,0,0,0,0,0,0,0,0,0,0,0,0,0,0,0,0,0,0,0,0,0,0,0,0,0,0,0,pericyte.cell,DeconRNASeq
cd4.positive.alpha.beta.t.cell3,0,0,0,0,0,0,0,0,0,0,0,0,0,0,0,0,0,0,0,0,0,0,0,0,0,0,0,0,0,0,0,0,0,0,0,0,0,0,0,0,0,0,0,0,0,0,0,0,0,0,0,0,0,0,0,0,0,0,0,0,0,0,0,0,0,0,0,0,0,0,0,0,0,0,0,0,0,0,0,0,0,0,0,0,0,0,0,0,0,0,0,0,0,0,0,0,0,0,0,0,0,0,0,0,0,0,0,0,0,0,0,0,0,0,0,0,0,0,0,0,0,0,0,0,0,0,0,0,0,0,0,0,0,0,0,0,0,0,0,0,0,0,0,0,0,0,0,0,0,0,0,0,0,0,0,0,0,0,0,0,0,0,0,0,0,0,0,0,0,0,0,0,0,0,0,0,0,0,0,0,0,0,0,0,0,0,0,0,0,0,0,0,0,0,0,0,0,0,0,0,0,0,0,0,0,0,0,0,0,0,0,0,0,0,0,0,0,0,0,0,0,0,0,0,0,0,0,0,0,0,0,0,0,0,0,0,0,0,0,0,0,0,0,0,0,0,0,0,0,0,0,0,0,0,0,0,0,0,0,0,0,0,0,0,0,0,0,0,0,0,0,0,0,0,0,0,0,0,0,0,0,0,0,0,0,0,0,0,0,0,0,0,0,0,0,0,0,0,0,cd4.positive.alpha.beta.t.cell,DeconRNASeq
skeletal.muscle.satellite.stem.cell3,0,0,0,0,0,0,0,0,0,0,1.32,0,0,0,0,0,0,0,0,0,0,0,0,0,0,0,0,0,0,0,0,0,0,0,0,0,0,0,0,0,0,0,0,0,0,0,0,0,0,0,0,0,0,0,0,0,0,0,0,0,2.5,0,0,0,0,0,0,0,3.14,0,0,0,0,0,0,0,0,0,0,0,0,0,0,0,0,0,0,0,0,0,0,0,0,0,0,0,1.34,0,0,0,0,0,0,0,0.11,0,0,0,0,0,0,0,0,0,0,0,0,0,0,0,0,0,0,0,0,0,0,0,0,0,0,0,0,0,0,0,0,0,0,0,0,0,0,0,0,0,0,0,0,0,0,0,0,0,0,0,0,0,0,0,0,0,0,0,0,0,0,0,0,0,0,0,0,0,0,0,0,0,0,0,0,0,0,2.74,0,0,0,0,0,0,0,0,0,0,0,0,0,0,0,0,0,0,0,0,0,0,0,0,0,0,0,0,0,0,0,0,0,0,0,0,0,0,0,0,0,0,0,0,0,0,0,0,0,0,0,0,0,0,0,0,0,0,0,0,0,0,0,0,0,0,0,0,0,0,0,0,0.91,0.77,0,0,0,0,0,0,0,0,0,0,0,0,0,0,0,0,0,0,0,0,0,0,0,0,0,0,0,0,0,0,0,0,0,0.61,0,0,0,0,0,0,0.0451006711409396,skeletal.muscle.satellite.stem.cell,DeconRNASeq
macrophage3,5.68,4.28,5,1.99,6.13,4.75,1.91,4.94,2.24,3.18,7.3,4.57,2.99,3.11,5.03,1.44,1.64,3.68,2.67,2.45,1.46,1.52,5,1.54,4.09,5.44,3.47,4.09,2.02,4.13,4.55,2.73,5.47,1.98,2.95,3.08,1.52,3.82,1.48,2.44,5.36,1.99,3.4,1.84,4.89,3.02,1.74,1.85,1.4,2.97,2.27,4.16,4.01,1.64,2.83,2.06,1.74,2.2,2.45,1.64,3.84,1.61,3.09,5.95,3.55,1.91,2.06,1.73,5.88,1.96,3.59,3.68,4.16,4.59,4.93,1.59,3.02,4.51,1.56,1.78,4.23,1.65,3.21,5.08,3.67,2.72,2.26,4.69,1.78,1.37,3.26,4.58,3.03,2.08,2.77,1.64,6.89,3.78,4.51,2.34,2.08,4.91,3.83,4.06,5.24,4.09,1.93,2.83,1.8,1.94,2.27,3.92,2.08,4.1,5.85,5.06,3.21,2.76,1.59,3.18,4.57,1.99,3.42,2.91,5.3,1.37,2.8,1.62,3.86,4.96,5.04,1.9,2.8,1.8,3.72,3.72,2.96,4.54,3.7,1.69,1.4,2.64,1.92,3.8,1.88,3.8,4.8,1.45,4.27,4,2.16,3.45,3.24,2.95,3.23,1.55,4.77,1.77,3.28,4.18,4.8,1.78,4.14,3.01,4.24,2.99,3.2,3.07,4.37,2.04,5.86,4.09,1.72,3.57,6.6,1.86,4.03,6.65,5.43,1.53,2.11,1.82,2.51,6.98,3.08,5.96,4.55,4.6,2.19,3.41,4.99,2.52,3.67,1.65,4.07,3.91,4.23,4.99,1.78,6.35,4.26,1.9,1.77,4.86,2.8,4.91,4.84,2.72,4.47,4.61,2.45,2.48,3.51,3.02,5.97,4.38,2.43,2.91,4.65,5.23,3.14,2.13,2.23,2.15,3.74,1.86,4.92,4.43,2.71,2.04,4.25,3.96,5.03,2.6,6.17,4.73,1.76,2.31,2.65,5.68,6.04,3.14,2.97,1.75,4.04,5.11,4.52,2.2,3.41,3.91,2.41,1.47,1.82,1.97,1.51,4.17,5.98,6.01,3.41,1.72,2.35,1.56,5.28,3.21,1.46,0.98,2.53,2.74,4.05,2.38,3.3,1.92,4.1,2.07,4.47,1.57,3.87,1.47,2.07,3.85,2.45,1.64,3.59,3.68,1.67,4.07,2.07,3.61,4.81,3.78,3.69,7.73,4.61,3.92,4.98,4.17,0.72,3.56,3.33637583892617,macrophage,DeconRNASeq
cd8.positive.alpha.beta.t.cell3,4.33,4.02,4.23,3,5.13,3.79,2.57,4.75,4.15,4.21,2.74,2.62,5.86,0.87,2.79,5.01,2.45,2.75,5.21,2.56,1.87,3.77,2.13,0.31,4.16,6.23,5.82,7.27,0.58,3.76,1.13,3.65,4.21,0,0.39,6.58,4.51,6.01,1.82,0.69,2.07,0.98,6.51,1.87,3.12,4.48,2.59,3.58,3.62,5.93,4.45,5.66,0.09,5.66,2.43,0.04,0,0.47,6.66,1.35,7.26,0,3.81,5.17,3.95,0.9,2.59,0,2.68,2.5,3.02,6.77,4.93,5.35,3.61,1.07,7.47,4.73,0.63,1.15,6.14,2.64,4.19,4.93,4.22,7.93,2.3,6.3,0,4.77,3.43,3.73,7.12,1.5,2.67,0,1.66,7.7,5.43,1.76,2.08,5.66,6.18,4.86,1.98,4.76,2.15,0.86,1.89,2.31,2.08,7.14,2.58,5.38,4.1,4.63,2.32,5.55,0.98,6.97,5.81,0,6.06,5.49,5.35,2.23,6.15,2.67,6.02,4.49,3.97,0,4.06,3.09,4.03,2.35,3.77,2.72,4.93,0.83,5.94,4.84,0.38,2.92,0.38,1.64,4.55,4.28,5.57,2.05,0,6.42,4.86,1.87,3.23,1.67,2.46,0.07,7.09,5.11,4.79,3.18,2.39,3.47,6.95,8.23,3.55,4.51,4.37,0.99,0,4.01,0.49,8.08,5.06,2.76,3.08,5.25,6.47,1.61,3.25,1.63,5.29,1.93,4.46,2.28,5.73,3.81,0,0,3.34,1.62,0,4,6.89,2.02,4.14,6.27,0.74,2.46,2.33,2.95,1.29,4.48,5.98,3.54,1.04,0.87,6.22,3.13,0,1.15,0.28,7.76,2.79,5.53,2.35,1.84,3.69,0,4.99,4.43,1.59,1.86,3.86,2.22,2.8,4.18,2.97,0.64,4.77,5.11,4.29,7.35,7.29,3.72,2.79,3.98,5.74,3.36,1.32,2.67,8.16,2.47,8.62,4.46,5.24,6.51,3.14,4.92,1.22,1.4,2.3,3.92,2.14,2.99,2.61,6.19,3.73,0.3,0.12,2.85,1.42,4.58,3.98,0.51,3.45,0,6.27,5.55,6.99,2.05,3.18,0,6.64,0,7.2,1.19,2.98,6.3,3.56,0,5.29,0,0.25,5.25,0.33,4.69,2.49,5.96,8.13,1.6,2.87,0,0.86,4.65,2.32,7.09,3.45127516778523,cd8.positive.alpha.beta.t.cell,DeconRNASeq
t.cell3,1.11,1.02,2.58,0,1.74,1.21,0,0,0,0,2.05,2.87,0,0,1.71,0,0,0,0,0,0,0,3.12,0,0,0.08,0,0,0,0,3.09,0,0.54,0,0,0,0,0.12,0,0,0,0,0,0,0.18,0,0,0,0,1.28,0,0,0,0,0,0,0,0,0,0,3.36,0,0,0.86,0.79,0,0,0,2.76,0,4.54,0,0,1.66,2.21,0,0,0.3,0,0,0.97,0,0,0.05,0,0,0,0.3,0,0,0,1.94,0,0,0,0,2.09,0,0.17,0,0,0.15,0,0.3,3,0,0,0,0,0,0,1.49,0,0.01,1.1,0.67,0,2.35,0,0,1.5,0,0,2.23,1.88,0,1.38,0,0,0.37,0.51,0,0,0,0.82,0,0,1.35,0,0,0,1.31,0,0,0,0.77,0.86,0,0,0,0,0,0,0,0,0,0.77,0,0.95,0,0.68,0,0,0,0,0,0.54,1.2,0,0,0,0.47,0,0.93,0,0,2.96,1.49,0.04,0,0,0,1.74,4.87,0,1.41,0,1.07,0,0,0,0,0,0,0,0.57,0,2.63,0,0,0,0,0,0.7,0.77,1.24,0,0,1.06,1.55,0,0,0,0,1.1,1.06,0,0,0,0,0,0,0,0,0,0,0.06,2.01,0,0,0.71,0,0,0.19,0,1.5,0,0,0,2.22,0,0,0,0,0.8,0,2.45,0,0,2.94,0,0,0,0,0,3,2.93,2.65,0,0,0,0,2.75,0,0,0,0.73,0,0,0,0,0,0,0,0.16,0,0,0,0,0,0,0,0.86,0,0,0,0,0,0.6,1.02,0,4.26,3.65,0,1.95,0.73,0,0,0.452080536912752,t.cell,DeconRNASeq
smooth.muscle.cell3,1.74,2.33,3.91,0.11,4.13,3.03,0,3.14,0.63,1.24,2.5,2.42,2.84,1.29,2.04,0.8,0.5,1.11,1.82,0.43,0,0.54,1.9,0,2.56,3.38,2.06,3.74,0,1.61,2.29,0.81,3.9,0,0.53,2.12,1.26,3.55,0.24,0.55,2.28,0,2.79,0.05,1.3,1.99,0.24,0,0.4,2.15,0.66,3.06,1.69,2,2.4,0,0,0,1.89,0,4.63,0,0.8,3.71,0.96,0.47,0.39,0,3.49,0.38,3.92,2.91,2.47,4.85,3.69,0,3.1,2.8,0.11,0.38,3.11,0.35,1.79,2.65,1.28,3.23,0.4,3.55,0,0.98,1.63,3.96,2.6,0,0.72,0,2.96,4.1,3.48,0,0.18,3.41,3.05,2.19,3.78,2.2,0.03,0.15,0.41,0.15,0.26,4.11,0,3.31,3.89,4.3,1.06,3.24,0,3.61,4.14,0,2.76,1.73,4.8,0.14,3.05,0,1.95,3.03,2.78,0,1.15,0.42,1.18,0.85,0.71,1.49,2.36,0,1.63,1.83,0,1.19,0,0.68,2.35,0.09,2,0.95,0,3.07,1.23,0.43,1.27,0,1.48,0,2.87,2.65,3.8,0.29,0.47,0.8,3.37,3.61,2.67,1.51,2.04,0,0,1.57,0.42,3.61,3.53,0.31,2.51,4.34,3.91,0,0.69,0.44,1.52,3.95,0.76,3.45,3.12,2.26,0,0.31,2.23,0.39,0.12,0.79,3.48,1.66,1.87,5.03,0,2.2,0.86,0.13,0,2.68,2.32,2.87,1.2,1.8,3.94,1.28,0,0.18,0.5,3.03,3.74,0.95,0.45,0.27,2.4,1.21,2.46,1.84,0,0,2.63,0.24,2.95,3.23,0.96,0,2.88,2.62,2.46,3.28,4.41,3.47,0.97,1.16,1.49,4.46,2.95,0.81,3.4,0.23,5.08,3.14,2.98,2.69,0.61,2.25,0,0,0.9,0.39,0,2.98,2.93,4.54,1.6,0,0,0,1.81,1.78,0.38,0,1.03,0,2.24,1.18,2.84,0,1.69,0,3.94,0,3.13,0,0.13,2.24,0.33,0,2.69,0.64,0,2.34,0,1.6,1.3,4.18,3.73,4.17,3.63,1.9,3.12,2.41,0,2.51,1.67838926174497,smooth.muscle.cell,DeconRNASeq
tendon.cell3,0,0,0,0,0,0,0,0,0,0,0,0,0,0,0,0,0,0,0,0,0,0,0,0,0,0,0,0,0,0,0,0,0,0,0,0,0,0,0,0,0,0,0,0,0,0,0,0,0,0,0,0,0,0,0,0,0,0,0,0,0,0,0,0,0,0,0,0,0,0,0,0,0,0,0,0,0,0,0,0,0,0,0,0,0,0,0,0,0,0,0,0,0,0,0,0,0,0,0,0,0,0,0,0,0,0,0,0,0,0,0,0,0,0,0,0,0,0,0,0,0,0,0,0,0,0,0,0,0,0,0,0,0,0,0,0,0,0,0,0,0,0,0,0,0,0,0,0,0,0,0,0,0,0,0,0,0,0,0,0,0,0,0,0,0,0,0,0,0,0,0,0,0,0,0,0,0,0,0,0,0,0,0,0,0,0,0,0,0,0,0,0,0,0,0,0,0,0.61,0,0,0,0,0,0,0,0,0,0,0,0,0,0,0,0,0,0,0,0,0,0,0,0,0,0,0,0,0,0,0,0,0,0,0,0,0,0,0,0,0,0,0,0,0,0,0,0,0,0,0,0,0,0,0,0,0,0,0,0,0,0,0,0,0,0,0,0,0,0,0,0,0,0,0,0,0,0,0,0,0,0,0,0,0,0,0,0,0,0,0,0,0,0,0,0,0,0,0,0,0.00204697986577181,tendon.cell,DeconRNASeq
fast.muscle.cell3,17.06,28.03,32.95,19.87,18.5,22.09,3.29,9.66,33.86,45.64,27.79,22.53,23.6,4.34,9.02,0,16.2,7.82,11.34,27.73,7.08,37.24,4.52,1.05,42.03,21.81,8.82,24.62,30.34,20.85,16.1,32.01,7.12,0,4.7,1.48,0,18.07,6.99,51.05,2.4,17.88,35.03,0,7.63,21.41,7.16,0,44.14,34.39,0,26.65,39.16,0,34.82,19.12,6.29,0,2.92,0,19.7,12.29,12.16,16.04,4.33,13.42,33.37,6.34,18.16,20.18,9.87,0,4.9,33.39,8.14,0,9.02,16.19,2.45,19.85,16.52,12.44,6.47,0.64,0,15.83,39.01,13.45,42.65,0,0,22.48,16.35,50.26,20.02,28.63,22.71,7.74,0,9.57,0,20.29,14.45,14.68,27.03,6.28,0,5.68,0,28.56,31.24,19.74,0,28.16,25.56,40.67,4.22,6.61,0,2.83,17.51,0,0,0,2.06,25.08,38.63,0,15.96,33.13,17.68,0,0,7.58,14.02,15.73,0.38,5.86,22.89,41.81,23.43,0,49.33,7.42,1.68,0,4.44,0,12.49,24.4,5.91,2.52,0,0,9.01,0,1.6,8.17,6.73,17.19,9.16,8.04,15.38,29.54,15.01,15.76,37.4,45.42,21.36,17.45,18.56,16.92,11.24,15.54,16.87,29.37,14.57,17.45,10.07,0,7.27,24.44,0,23.6,0,25.52,18.72,42.36,31.54,47.43,40.98,3.09,53.71,15.06,8.73,25.76,19.75,11.48,1.83,15.15,37.51,20.21,0,4.05,39.08,27.23,32.57,0,19.12,12.41,60.08,25.15,0,10.55,17.01,0,5.38,11.64,11.94,37.78,14.34,0,0,37.71,3.58,0,23.54,10.28,15.97,26.87,4.8,1.74,19.96,20.42,23.48,12.94,0,24.98,35.01,15.11,24.45,4.19,29.08,9.92,11.28,23.67,17.97,9.45,7.01,37,1.63,6.68,0,17.41,0,17.01,22.01,13.63,6.14,7.93,0,19.57,26.87,0,0,0,0,30.96,6.52,0,29.7,0,7.33,19.31,10.56,6.19,0,8.11,0,8.08,6.78,0,4.11,40.94,0,39.17,0,18.29,25.74,28.23,0,15.28,27.78,12.98,48.65,6.13,0,0,14.9903355704698,fast.muscle.cell,DeconRNASeq
slow.muscle.cell3,20.24,12.85,1.04,26.46,9.83,17.52,41.69,27.72,9.21,0,7.75,12.86,9.79,44.99,32.53,38.83,27.97,34.87,26.17,18.4,40.19,6.14,39.84,49.27,0,10.44,28.21,6.21,20.79,18.22,30.02,8.09,32.61,55.15,46.34,32.51,38.92,16.27,38.19,0,41.61,32,0.05,46.84,35.89,18.66,40.66,46.25,0,3.28,43.84,7.89,8.83,36.15,7.69,33.07,45.65,53.71,31.64,47.51,3.34,40.41,30.2,15.15,37.2,36.37,12.96,46.3,17.08,26.07,22.87,29.39,32.56,0,28.7,48.42,21.63,21.51,45.42,27.7,14.01,31.65,30.48,37.06,39.81,15.95,9.38,18.37,12.52,39.49,41.74,15.24,17.87,0,27.73,26.36,15.79,17.21,35.83,40.42,43.7,14,20.02,24.41,14.42,31.95,46.05,39.8,47.13,18.5,17.25,4.67,45.41,8.29,9.4,0,45.07,28.49,49.65,30.92,14.46,50.83,31.34,36.79,24.55,21.58,0,47.86,17.74,7.44,19.35,51.76,39.32,37.46,29.01,31.16,42.07,39.07,18.42,7.11,11.6,36.87,0.72,38.04,49.8,46.03,29.72,41.12,23.38,24.25,46.27,29.39,40.32,46.25,33.8,48.16,41.03,43.18,19.98,18.88,26.74,36.72,26.4,13.61,13.73,13.97,9.6,0,20.89,34.54,28.57,23.93,39.42,9.75,16.32,16.72,27.21,12.04,20.83,48.38,38.44,22.73,41.14,11.24,41.7,10.66,16.26,0,20.25,5.09,0,45.92,0,27.86,23.46,24.49,19.99,6.64,51.69,26.57,8.1,25.57,47.95,31.27,0,14.47,15.34,49.44,5.92,33.14,0,25.85,52.32,18.44,22.74,39.19,40.89,36.09,30.6,13.44,26.33,40.82,51.04,8.47,35.8,47.02,15.68,21.89,29.79,24.84,31.62,35.04,21.44,8.77,6.84,28.14,44.89,15.91,5.67,15.83,18.6,41.97,1.3,36.26,11.26,16.57,12.4,25.94,38.72,0,47.26,43.18,46.34,28.11,47.52,22.28,14.68,17.39,36.19,44.32,55.17,29.87,16.98,39,41.36,49.83,39.02,22.86,28.49,38.86,3.54,46.97,36.57,33.57,19.52,46.07,29.58,38.94,45.78,24.69,37.13,54.02,32.35,9.69,49.05,0,54.03,23.13,16.16,7.82,25.84,13.39,11.73,38.72,0,29.29,44.74,33.25,26.6515771812081,slow.muscle.cell,DeconRNASeq
mast.cell3,6.03,5.78,6.76,6.1,6.99,6.13,6.27,6.79,6.1,5.98,4.91,6.3,7.31,5.22,5.98,6.97,6.24,6.25,6.48,5.7,5.97,6.28,4.98,5.66,6.19,6.81,6.71,7.25,5.39,6.74,5.03,6.68,5.51,4.75,5.17,6.71,6.87,6.73,6.36,5.3,5.94,5.6,6.88,5.8,5.79,6.25,5.63,5.82,5.42,5.48,5.85,6.69,5.97,7.1,6,5.25,5.43,4.95,7.11,5.94,6.9,5.23,6.12,6.76,6.17,5.73,5.97,5.21,5.8,5.64,6.51,7.7,6.42,6.16,6.19,5.91,7.68,6.47,5.8,5.95,7,6.27,6.81,5.97,6.27,7.18,5.49,7.18,4.51,6.58,6.28,6.57,6.86,5.6,5.35,4.8,4.87,8.25,6.41,5.55,6.42,6.77,6.65,6.28,5.91,6.47,5.96,5.91,6.01,5.86,5.43,8.04,6.3,6.74,7.02,5.77,5.27,5.96,5.84,6.84,7.21,5.62,7.23,6.17,6.58,5.84,5.77,5.7,6.88,5.33,6.62,5.53,6.86,6.22,5.88,5.72,6.2,5.16,5.77,5.67,7.09,6.57,5.58,5.49,5.62,5.1,7.29,6.55,6.81,5.52,5.44,7.46,5.77,5.57,6.21,5.91,6.15,5.37,7.74,7.03,6.62,6.19,6,6.03,7.74,7.24,4.95,5.29,5.57,5.44,5.15,5.61,5.55,7.46,7.01,5.82,6.01,7.08,6.52,5.71,5.74,6.11,5.36,5.05,5.94,7.13,6.71,5.84,5.32,5.08,6.41,6.04,5.28,6.27,6.74,4.9,6.37,6.69,5.22,5.67,5.47,6.09,6.02,6.65,5.77,5.41,5.7,5.59,8.32,5.18,4.1,5.3,5.55,7.33,5.82,5.45,6.2,6.25,5.9,5.49,6.35,6.64,5.41,6.29,6.26,5.96,6.13,6.76,6.09,5.58,6.54,7.03,5.72,7.65,6.38,5.52,6.03,6.24,6.23,7.9,6.3,5.88,7.28,6.11,7.49,5.64,7,7.21,5.61,5.56,6.09,5.68,5.76,6.03,5.79,6.08,5.08,5.57,6.57,5.55,4.97,5.22,5.46,6.49,6.53,5.6,6.4,4.99,6.65,6.14,7.03,5.97,5.58,5.29,7.12,4.91,7.51,6.04,6.04,6.96,6.52,4.85,6.84,4.87,5.81,6.17,5.16,6.19,6.05,6.54,7.67,5.7,5.02,5.26,5.28,6.65,6.13,6.79,6.10711409395973,mast.cell,DeconRNASeq
erythrocyte3,37.86,36.75,38.65,34.47,40.32,35.61,35.5,37.29,36.14,35.05,35.7,39.6,39.19,30.05,36.19,39.29,33.58,35.92,38.29,33.97,33.26,35.56,31.8,32.97,34.16,39.85,38.88,40.58,30.58,34.85,31.56,36.33,35.52,30.14,29.47,41.12,36.41,39.94,33.98,29.67,32.5,31.11,38.28,33.99,34.96,38,33.59,34.46,34.91,39.91,36.08,38.32,29.83,39.58,32.95,28.87,29.47,31.76,40.84,33.79,40.55,29.38,34.47,40.09,37.48,30.1,33.41,29.41,35.2,33.83,39.82,40.75,37.85,38.73,37.33,32.84,41.79,38.22,31.24,32.46,41.9,34.84,37.08,37.48,37.21,40.09,32.94,40.18,28.43,37.78,35.38,35.42,39.14,31.69,32.42,29.06,32.76,43.72,38.55,32.2,37.69,39.14,39.24,37.59,30.83,37.25,34.09,34.14,32.23,33.93,32.44,44.17,34.95,37.47,37.23,32.21,31.37,39.03,30.8,39.86,39.35,32.29,41.04,39.34,40.58,34.52,37.55,34.52,40.54,35.91,38.63,30.72,36.94,34.53,36.1,33.24,35.76,34.78,35.89,32.26,40.04,40.05,30.18,33.36,30.18,34.96,39.71,37.98,38.27,31.33,30.37,40.81,38.07,32.49,34.34,33.22,36.32,31.32,44.93,38.25,38.55,34.91,36.07,35.49,40.95,42.11,32.63,34.69,34.79,30.42,31.04,37.1,29.41,44.09,37.47,34.49,34.67,39.3,39.63,32.48,35.46,33.47,37.16,31.29,35.67,37.98,38.41,35.59,29.97,28.05,35.02,31.48,27.94,36.66,40.43,30.79,36.32,45.15,30.76,34.7,34.02,34.77,31.82,39.26,38.42,35.37,32.01,30.63,43.93,32.33,22.22,30.39,29.21,43.57,35.01,37.32,33.85,32.64,35.35,26.36,36.62,34.75,32.13,33.02,36.7,33,36.6,42.09,34.05,30.43,39.04,37.82,35.63,43.79,37.63,34.5,34.3,37.16,38.33,39.35,29.72,33.19,41.31,34.57,42.88,36.01,40.26,37.68,35.26,38.77,32.24,33.18,32.69,34.68,32.56,35.08,35.85,35.99,35.21,31.22,29.05,33.61,33.03,38.07,37.33,33.36,39.75,28.49,38.8,39.08,39.26,32.56,33.5,29.37,41.32,29.73,42.5,33.24,34.7,41.39,36.59,28.66,39.06,27.97,32.48,37.63,29.38,35.94,35.36,37.92,42.03,36.83,33.06,26.34,29.43,40.12,36.63,40.27,35.4664429530201,erythrocyte,DeconRNASeq
mesothelial.cell3,1.89,1.06,1.56,1.55,3.26,2,1.79,1.86,1.82,1.25,3.04,2.27,2.82,1.92,1.26,2.02,2.38,1.36,2.25,1.76,1.98,1.91,1.61,1.05,1.96,2.72,2.33,3.22,1.34,2.24,1.51,2.05,1.89,0.56,1.71,2.19,2.93,2.09,2.26,1.68,1.99,1.78,2.7,1.56,1.81,1.71,1.49,1.63,2.34,1.85,1.7,2.48,1.64,2.36,2.43,2.01,1.86,0.51,2.3,1.61,3.25,1.44,2.24,2.71,1.12,1.74,1.49,1.67,2.1,1.52,2.36,3.7,2.29,1.97,1.9,1.7,2.98,1.96,2.4,1.76,2.94,1.94,2.63,2.13,1.94,3.21,1.52,2.64,1.03,2.44,1.77,2,2.7,1.1,1.41,0.87,2.86,3.57,2.18,1.18,1.45,2.39,2.41,2.02,1.56,2.02,1.9,1.92,2.1,1.44,1.42,3.7,1.6,2.05,2.05,2.02,0.89,2.25,1.83,2.91,2.65,1.05,2.99,2.11,2.7,1.51,1.89,1.13,2.9,1.93,1.83,1.32,2.4,1.89,1.39,1.57,1.48,1.19,1.75,1.65,2.94,1.87,2,1.88,1.66,1.3,2.31,2.16,2.46,1.59,1.34,3.02,2.01,2.05,2.06,1.75,1.38,1.37,3.21,2.27,1.81,1.84,1.97,1.83,3.55,3.42,1.33,1.19,2.17,1.35,1.95,1.99,2.19,3.4,2.86,1.67,1.81,3.3,3.31,1.84,1.3,1.54,1.13,3.25,2.25,2.24,2.54,1.25,1.25,1.54,2.54,1.68,1.38,1.71,3.27,2.12,2.48,4.07,1.08,2.45,1.54,1.56,2.19,2.32,1.58,1.66,1.46,1.21,3.71,1.63,1.79,1.52,1.27,2.96,1.72,2.83,1.64,1.5,1.36,2.49,1.99,2.79,0.98,2.03,2.16,1.96,1.91,2.19,1.34,1.44,2.06,2.21,2.23,2.98,3.77,1.74,1.91,1.85,1.87,2.77,2.46,1.81,3.21,1.55,4.29,2.37,2.54,3.14,1.48,2.3,1.63,1.36,2.14,1.34,2.15,2.09,2.74,3.19,1.88,1.03,0.84,1.1,1.85,2.04,2.15,1.33,1.77,1.09,2.66,2.1,3.02,2.28,1.76,1.36,2.97,1.59,2.74,1.94,1.7,3,1.35,1.45,1.86,1.95,1.71,2.31,0.99,1.85,1.65,2.29,4.07,2.98,2.5,1.93,1.42,2.29,1.81,2.76,2.03184563758389,mesothelial.cell,DeconRNASeq
mature.nk.t.cell3,0,0,0,2.29,0,0,2.56,0.23,1.83,0,0,0,1.44,3.1,0,1.65,3.98,1.85,1.53,2.58,3.54,2.76,0,3.37,0.71,0,0.47,0.09,3.83,2.66,0,2.61,0,2.65,3.02,0.39,2.97,0.12,3.95,3.59,1.34,3.65,0.58,3,0.54,0.65,2.46,1.84,3.08,0,1.11,1.38,3.06,1.55,3.57,4.18,4.25,2.01,0.63,3.16,0,4.59,2.09,0,0.57,3.78,3.03,4.13,0,3.2,0,0.96,0.69,0,0,3.64,0.07,0,4.85,3.98,0,3.32,2.03,0,1.14,0.36,2.59,0,3.8,2.33,1.85,0,0.44,3.02,2.31,3.79,0,0,0,2.48,1.94,0,0.71,0,0,0.19,3.02,3.45,3.57,2.91,2.61,0,2.42,0.38,0,0,1.48,0,3.99,0,0,3.21,1.56,0,0,3.24,0,2.24,0.45,0,0,3.45,1.95,2.78,0.17,1.6,1.65,0,0.52,4.2,2.17,0,4.66,1.78,3.85,0.95,0.02,2.1,0.82,1.6,3.5,0.59,0.66,2.5,2.41,3.32,0.1,3.52,0,0.68,0,2.55,2.59,1.87,0.05,0,0.03,0,0.68,3.07,2.87,0.55,4.24,0,0,2.77,0,0,0,3.62,1.6,3.38,0,0,1.63,0,0.17,0,3.89,3.65,0.12,2.58,2.55,2.03,0,0,0.91,0,2.85,0,1.48,2.61,3.8,0,0,0,1.61,2.53,0,0,3.33,3.1,2.07,0,0,0,2.27,2.39,0.36,2.37,0.18,2.08,1.93,3.61,1.12,2.84,1.68,0,1.92,3.5,0,0.45,0,0,0,0,2.76,2.06,0,0,2.59,1.96,0,2.55,0,0,0,1.47,0.65,0,2.7,2.77,3.17,1.77,3.32,0,0,0,1.24,3.3,2.58,2.14,0,1.14,2.34,3.8,1.08,3.42,0.61,0.76,0.91,3.35,1.49,3.71,0,3.91,0,4.08,2.16,0.2,1.22,3.52,0,3.46,3.8,0,2.91,0.93,1.36,0,0.67,0,0,2.63,0,0.22,3.17,0,1.50043624161074,mature.nk.t.cell,DeconRNASeq
others3,0,0,0,0,0,0,0,0,0,0,0,0,0,0,0,0,0,0,0,0,0,0,0,0,0,0,0,0,0,0,0,0,0,0,0,0,0,0,0,0,0,0,0,0,0,0,0,0,0,0,0,0,0,0,0,0,0,0,0,0,0,0,0,0,0,0,0,0,0,0,0,0,0,0,0,0,0,0,0,0,0,0,0,0,0,0,0,0,0,0,0,0,0,0,0,0,0,0,0,0,0,0,0,0,0,0,0,0,0,0,0,0,0,0,0,0,0,0,0,0,0,0,0,0,0,0,0,0,0,0,0,0,0,0,0,0,0,0,0,0,0,0,0,0,0,0,0,0,0,0,0,0,0,0,0,0,0,0,0,0,0,0,0,0,0,0,0,0,0,0,0,0,0,0,0,0,0,0,0,0,0,0,0,0,0,0,0,0,0,0,0,0,0,0,0,0,0,0,0,0,0,0,0,0,0,0,0,0,0,0,0,0,0,0,0,0,0,0,0,0,0,0,0,0,0,0,0,0,0,0,0,0,0,0,0,0,0,0,0,0,0,0,0,0,0,0,0,0,0,0,0,0,0,0,0,0,0,0,0,0,0,0,0,0,0,0,0,0,0,0,0,0,0,0,0,0,0,0,0,0,0,0,0,0,0,0,0,0,0,0,0,0,0,0,0,0,0,0,0,others,DeconRNASeq
